the,The dog is in the house.,o/a,O cachorro está na casa.,[sound:001_the.mp3]
to be,I want to be a doctor.,ser/estar,Eu quero ser um médico.,[sound:002_to_be.mp3]
and,I have a cat and a dog.,e,Eu tenho um gato e um cachorro.,[sound:003_and.mp3]
of,This is a glass of water.,de,Este é um copo de água.,[sound:004_of.mp3]
a,I have a new book.,um/uma,Eu tenho um livro novo.,[sound:005_a.mp3]
in,The cat is in the box.,em,O gato está na caixa.,[sound:006_in.mp3]
to have,I have two brothers.,ter,Eu tenho dois irmãos.,[sound:007_to_have.mp3]
to,She walks to school every day.,para,Ela caminha para a escola todo dia.,[sound:008_to.mp3]
it,It is a very big dog.,isso/ele/ela,Isso é um cachorro muito grande.,[sound:009_it.mp3]
I,I like to eat pizza.,eu,Eu gosto de comer pizza.,[sound:010_i.mp3]
that,I think that this is fun.,que,Eu acho que isso é divertido.,[sound:011_that.mp3]
for,This gift is for you.,para,Este presente é para você.,[sound:012_for.mp3]
you,You are my best friend.,você,Você é meu melhor amigo.,[sound:013_you.mp3]
he,He plays soccer every day.,ele,Ele joga futebol todo dia.,[sound:014_he.mp3]
with,She came with her mother.,com,Ela veio com a mãe dela.,[sound:015_with.mp3]
on,The book is on the table.,em cima de,O livro está em cima da mesa.,[sound:016_on.mp3]
to do,I need to do my homework.,fazer,Eu preciso fazer minha lição de casa.,[sound:017_to_do.mp3]
to say,I want to say hello.,dizer,Eu quero dizer olá.,[sound:018_to_say.mp3]
this,This apple is very red.,este/esta/isso,Esta maçã é muito vermelha.,[sound:019_this.mp3]
they,They play in the park.,eles/elas,Eles brincam no parque.,[sound:020_they.mp3]
at,She is at school now.,em/no/na,Ela está na escola agora.,[sound:021_at.mp3]
but,I like cats but not dogs.,mas,Eu gosto de gatos mas não de cachorros.,[sound:022_but.mp3]
we,We go to school together.,nós,Nós vamos para a escola juntos.,[sound:023_we.mp3]
his,His dog is very friendly.,dele/seu,O cachorro dele é muito amigável.,[sound:024_his.mp3]
from,She is from Brazil.,de,Ela é do Brasil.,[sound:025_from.mp3]
that,The ball that he kicked was red.,que,A bola que ele chutou era vermelha.,[sound:026_that.mp3]
not,I do not like spiders.,não,Eu não gosto de aranhas.,[sound:027_not.mp3]
n't,She doesn't like cold water.,não (contração),Ela não gosta de água fria.,[sound:028_n't.mp3]
by,The book was written by her.,por,O livro foi escrito por ela.,[sound:029_by.mp3]
she,She has a pretty dress.,ela,Ela tem um vestido bonito.,[sound:030_she.mp3]
or,Do you want juice or water?,ou,Você quer suco ou água?,[sound:031_or.mp3]
as,She runs as fast as him.,tão/como,Ela corre tão rápido quanto ele.,[sound:032_as.mp3]
what,What is your favorite color?,o que/qual,Qual é a sua cor favorita?,[sound:033_what.mp3]
to go,I want to go to the park.,ir,Eu quero ir ao parque.,[sound:034_to_go.mp3]
their,Their house is very big.,deles/delas/seu,A casa deles é muito grande.,[sound:035_their.mp3]
can,She can swim very well.,poder/conseguir,Ela consegue nadar muito bem.,[sound:036_can.mp3]
who,Who is your best friend?,quem,Quem é seu melhor amigo?,[sound:037_who.mp3]
to get,I want to get a new toy.,pegar/conseguir,Eu quero conseguir um brinquedo novo.,[sound:038_to_get.mp3]
if,We play outside if it is sunny.,se,Nós brincamos fora se estiver ensolarado.,[sound:039_if.mp3]
would,She would like some cake.,gostaria/iria,Ela gostaria de um bolo.,[sound:040_would.mp3]
her,I gave her a flower.,ela/dela,Eu dei uma flor para ela.,[sound:041_her.mp3]
all,All the kids love recess.,todos/tudo,Todas as crianças adoram o recreio.,[sound:042_all.mp3]
my,My cat is orange.,meu/minha,Meu gato é laranja.,[sound:043_my.mp3]
to make,I want to make a cake.,fazer/criar,Eu quero fazer um bolo.,[sound:044_to_make.mp3]
about,Tell me about your day.,sobre,Me conte sobre o seu dia.,[sound:045_about.mp3]
to know,I want to know the answer.,saber/conhecer,Eu quero saber a resposta.,[sound:046_to_know.mp3]
will,She will come tomorrow.,vai/irá (futuro),Ela vai vir amanhã.,[sound:047_will.mp3]
as,He is as tall as a tree.,como/quanto,Ele é tão alto quanto uma árvore.,[sound:048_as.mp3]
up,The cat jumped up the tree.,para cima,O gato pulou para cima da árvore.,[sound:049_up.mp3]
one,I have one sister.,um/uma,Eu tenho uma irmã.,[sound:050_one.mp3]
time,I have no time to play.,tempo,Eu não tenho tempo para brincar.,[sound:051_time.mp3]
there,There is a cat on the roof.,lá,Lá tem um gato no telhado.,[sound:052_there.mp3]
year,This year I am ten years old.,ano,Este ano eu tenho dez anos.,[sound:053_year.mp3]
so,I was so happy at the party.,tão,Eu estava tão feliz na festa.,[sound:054_so.mp3]
to think,I think this answer is right.,pensar,Eu penso que essa resposta está certa.,[sound:055_to_think.mp3]
when,When do we eat lunch?,quando,Quando a gente almoça?,[sound:056_when.mp3]
which,Which color do you like more?,qual,Qual cor você gosta mais?,[sound:057_which.mp3]
them,I saw them at the park.,eles,Eu os vi no parque.,[sound:058_them.mp3]
some,I want some juice please.,alguns,Eu quero um pouco de suco por favor.,[sound:059_some.mp3]
me,Can you help me with this?,me,Você pode me ajudar com isso?,[sound:060_me.mp3]
people,Many people live in this city.,pessoas,Muitas pessoas moram nessa cidade.,[sound:061_people.mp3]
to take,Please take your bag to school.,pegar,Por favor pega sua mochila para a escola.,[sound:062_to_take.mp3]
out,She went out to play.,fora,Ela foi lá fora brincar.,[sound:063_out.mp3]
into,He walked into the classroom.,para dentro,Ele entrou para dentro da sala.,[sound:064_into.mp3]
just,I just ate my lunch.,só,Eu só comi meu almoço.,[sound:065_just.mp3]
to see,I want to see that film.,ver,Eu quero ver aquele filme.,[sound:066_to_see.mp3]
him,I gave him a pencil.,ele,Eu dei um lápis para ele.,[sound:067_him.mp3]
your,Is this your pencil case?,seu,Essa é a sua estojo?,[sound:068_your.mp3]
to come,Come here and sit with me.,vir,Vem aqui e senta comigo.,[sound:069_to_come.mp3]
could,Could you open the window please?,podia,Você podia abrir a janela por favor?,[sound:070_could.mp3]
now,We must leave now.,agora,A gente precisa sair agora.,[sound:071_now.mp3]
than,She is taller than her brother.,do que,Ela é mais alta do que o irmão.,[sound:072_than.mp3]
like,I like to eat fruit.,gostar,Eu gosto de comer fruta.,[sound:073_like.mp3]
other,I want the other book.,outro,Eu quero o outro livro.,[sound:074_other.mp3]
how,How do you spell your name?,como,Como se escreve o seu nome?,[sound:075_how.mp3]
then,We ate and then we played.,então,A gente comeu e então brincou.,[sound:076_then.mp3]
its,The dog hurt its paw.,seu,O cachorro machucou sua pata.,[sound:077_its.mp3]
our,This is our classroom.,nosso,Essa é a nossa sala de aula.,[sound:078_our.mp3]
two,I have two sisters.,dois,Eu tenho duas irmãs.,[sound:079_two.mp3]
more,Can I have more water please?,mais,Posso ter mais água por favor?,[sound:080_more.mp3]
these,These books are very heavy.,esses,Esses livros são muito pesados.,[sound:081_these.mp3]
to want,I want a new pencil.,querer,Eu quero um lápis novo.,[sound:082_to_want.mp3]
way,Do you know the way home?,caminho,Você sabe o caminho para casa?,[sound:083_way.mp3]
to look,Look at the blue sky.,olhar,Olha para o céu azul.,[sound:084_to_look.mp3]
first,I was first in the race.,primeiro,Eu fui o primeiro na corrida.,[sound:085_first.mp3]
also,She also likes to read books.,também,Ela também gosta de ler livros.,[sound:086_also.mp3]
new,I got a new backpack today.,novo,Eu ganhei uma mochila nova hoje.,[sound:087_new.mp3]
because,I smiled because I was happy.,porque,Eu sorri porque estava feliz.,[sound:088_because.mp3]
day,Today is a beautiful day.,dia,Hoje é um dia lindo.,[sound:089_day.mp3]
more,I want more time to play.,mais,Eu quero mais tempo para brincar.,[sound:090_more.mp3]
to use,You can use my eraser.,usar,Você pode usar minha borracha.,[sound:091_to_use.mp3]
no,There is no milk left.,não,Não tem mais leite.,[sound:092_no.mp3]
man,That man is my teacher.,homem,Aquele homem é meu professor.,[sound:093_man.mp3]
to find,I cannot find my pencil.,achar,Eu não consigo achar meu lápis.,[sound:094_to_find.mp3]
here,Come here and sit down.,aqui,Vem aqui e senta.,[sound:095_here.mp3]
thing,What is that thing over there?,coisa,O que é aquela coisa lá?,[sound:096_thing.mp3]
to give,I will give you my pen.,dar,Eu vou te dar minha caneta.,[sound:097_to_give.mp3]
many,There are many kids in school.,muitos,Tem muitas crianças na escola.,[sound:098_many.mp3]
well,She sings very well.,bem,Ela canta muito bem.,[sound:099_well.mp3]
only,I have only one brother.,só,Eu tenho só um irmão.,[sound:100_only.mp3]
those,Those books are on the table.,aqueles,Aqueles livros estão na mesa.,[sound:101_those.mp3]
to tell,Please tell me the answer.,contar,Por favor me conta a resposta.,[sound:102_to_tell.mp3]
one,I have one dog at home.,um,Eu tenho um cachorro em casa.,[sound:103_one.mp3]
very,She is very happy today.,muito,Ela está muito feliz hoje.,[sound:104_very.mp3]
her,I gave her a gift.,ela,Eu dei um presente para ela.,[sound:105_her.mp3]
even,He can even run very fast.,até,Ele consegue até correr muito rápido.,[sound:106_even.mp3]
back,She went back to school.,de volta,Ela voltou para a escola.,[sound:107_back.mp3]
any,Do you have any questions?,alguma,Você tem alguma pergunta?,[sound:108_any.mp3]
good,You did a good job today.,bom,Você fez um bom trabalho hoje.,[sound:109_good.mp3]
woman,The woman is a great teacher.,mulher,A mulher é uma ótima professora.,[sound:110_woman.mp3]
through,The cat went through the door.,através,O gato passou através da porta.,[sound:111_through.mp3]
us,She walked with us to school.,nós,Ela caminhou com nós até a escola.,[sound:112_us.mp3]
life,Life is full of surprises.,vida,A vida é cheia de surpresas.,[sound:113_life.mp3]
child,The child played in the park.,criança,A criança brincou no parque.,[sound:114_child.mp3]
there,There is a dog in the yard.,lá,Lá tem um cachorro no quintal.,[sound:115_there.mp3]
to work,My dad likes to work early.,trabalhar,Meu pai gosta de trabalhar cedo.,[sound:116_to_work.mp3]
down,The ball rolled down the hill.,para baixo,A bola rolou para baixo do morro.,[sound:117_down.mp3]
may,You may eat your snack now.,pode,Você pode comer seu lanche agora.,[sound:118_may.mp3]
after,We play after school every day.,depois,Nós brincamos depois da escola todo dia.,[sound:119_after.mp3]
should,You should drink more water.,deveria,Você deveria beber mais água.,[sound:120_should.mp3]
to call,I need to call my mom.,ligar,Eu preciso ligar para minha mãe.,[sound:121_to_call.mp3]
world,The world is a big place.,mundo,O mundo é um lugar muito grande.,[sound:122_world.mp3]
over,The game is over now.,acabou,O jogo acabou agora.,[sound:123_over.mp3]
school,I love going to school.,escola,Eu adoro ir para a escola.,[sound:124_school.mp3]
still,She is still sleeping right now.,ainda,Ela ainda está dormindo agora.,[sound:125_still.mp3]
to try,Always try your best in class.,tentar,Sempre tente fazer seu melhor na aula.,[sound:126_to_try.mp3]
in,The cat is in the box.,em,O gato está em uma caixa.,[sound:127_in.mp3]
as,She runs as fast as him.,tão,Ela corre tão rápido quanto ele.,[sound:128_as.mp3]
last,This is the last piece of cake.,último,Este é o último pedaço de bolo.,[sound:129_last.mp3]
to ask,Do not be afraid to ask.,perguntar,Não tenha medo de perguntar.,[sound:130_to_ask.mp3]
to need,I need to study for the test.,precisar,Eu preciso estudar para a prova.,[sound:131_to_need.mp3]
too,I want to come too.,também,Eu também quero ir.,[sound:132_too.mp3]
to feel,I feel happy at school.,sentir,Eu me sinto feliz na escola.,[sound:133_to_feel.mp3]
three,I have three best friends.,três,Eu tenho três melhores amigos.,[sound:134_three.mp3]
when,When do we eat lunch today?,quando,Quando nós almoçamos hoje?,[sound:135_when.mp3]
state,Each state has its own flag.,estado,Cada estado tem sua própria bandeira.,[sound:136_state.mp3]
never,I never forget my homework.,nunca,Eu nunca esqueço minha lição de casa.,[sound:137_never.mp3]
to become,She wants to become a doctor.,se tornar,Ela quer se tornar médica.,[sound:138_to_become.mp3]
between,The cat sat between the two boxes.,entre,O gato sentou entre as duas caixas.,[sound:139_between.mp3]
high,The bird flew very high.,alto,O pássaro voou muito alto.,[sound:140_high.mp3]
really,I really like chocolate ice cream.,realmente,Eu realmente adoro sorvete de chocolate.,[sound:141_really.mp3]
something,I have something to show you.,algo,Eu tenho algo para te mostrar.,[sound:142_something.mp3]
most,She got the most points today.,mais,Ela conseguiu mais pontos hoje.,[sound:143_most.mp3]
another,Can I have another piece please?,outro,Posso pegar outro pedaço por favor?,[sound:144_another.mp3]
much,I learned so much today.,muito,Eu aprendi muito hoje.,[sound:145_much.mp3]
family,My family eats dinner together.,família,Minha família janta junta.,[sound:146_family.mp3]
own,She has her own book.,próprio,Ela tem seu próprio livro.,[sound:147_own.mp3]
out,Please go out and play.,fora,Por favor vá lá fora brincar.,[sound:148_out.mp3]
to leave,We need to leave for school.,sair,Nós precisamos sair para a escola.,[sound:149_to_leave.mp3]
to put,Put your bag on the chair.,colocar,Coloque sua mochila na cadeira.,[sound:150_to_put.mp3]
old,My grandfather is very old.,velho,Meu avô é muito velho.,[sound:151_old.mp3]
while,I read while you sleep.,enquanto,Eu leio enquanto você dorme.,[sound:152_while.mp3]
to mean,What does this word mean?,significar,O que esta palavra significa?,[sound:153_to_mean.mp3]
on,The book is on the table.,em cima,O livro está em cima da mesa.,[sound:154_on.mp3]
to keep,Keep your room clean.,manter,Mantenha seu quarto limpo.,[sound:155_to_keep.mp3]
student,She is a good student.,aluno,Ela é uma boa aluna.,[sound:156_student.mp3]
why,Why are you sad today?,por que,Por que você está triste hoje?,[sound:157_why.mp3]
to let,Let me help you please.,deixar,Deixe-me ajudar você por favor.,[sound:158_to_let.mp3]
great,You did a great job!,ótimo,Você fez um trabalho ótimo!,[sound:159_great.mp3]
same,We wear the same shirt.,mesmo,Nós usamos a mesma camisa.,[sound:160_same.mp3]
big,That is a big dog.,grande,Aquele é um cachorro grande.,[sound:161_big.mp3]
group,Our group has five students.,grupo,Nosso grupo tem cinco alunos.,[sound:162_group.mp3]
to begin,We begin class at eight.,começar,Nós começamos a aula às oito.,[sound:163_to_begin.mp3]
to seem,You seem happy today.,parecer,Você parece feliz hoje.,[sound:164_to_seem.mp3]
country,Brazil is a big country.,país,O Brasil é um país grande.,[sound:165_country.mp3]
to help,Can you help me please?,ajudar,Você pode me ajudar por favor?,[sound:166_to_help.mp3]
to talk,I like to talk with friends.,falar,Eu gosto de falar com amigos.,[sound:167_to_talk.mp3]
where,Where is my red bag?,onde,Onde está minha bolsa vermelha?,[sound:168_where.mp3]
to turn,Turn left at the school.,virar,Vire à esquerda na escola.,[sound:169_to_turn.mp3]
problem,I have a small problem.,problema,Eu tenho um pequeno problema.,[sound:170_problem.mp3]
every,I brush my teeth every day.,todo,Eu escovo os dentes todo dia.,[sound:171_every.mp3]
to start,Let us start the game now.,começar,Vamos começar o jogo agora.,[sound:172_to_start.mp3]
hand,Raise your hand to answer.,mão,Levante sua mão para responder.,[sound:173_hand.mp3]
might,It might rain today.,pode,Pode chover hoje.,[sound:174_might.mp3]
American,He has an American friend.,americano,Ele tem um amigo americano.,[sound:175_american.mp3]
to show,Show me your drawing please.,mostrar,Me mostre seu desenho por favor.,[sound:176_to_show.mp3]
part,This is the best part.,parte,Esta é a melhor parte.,[sound:177_part.mp3]
about,This book is about animals.,sobre,Este livro é sobre animais.,[sound:178_about.mp3]
against,We played against another team.,contra,Nós jogamos contra outro time.,[sound:179_against.mp3]
place,This is a beautiful place.,lugar,Este é um lugar bonito.,[sound:180_place.mp3]
over,The game is over now.,terminado,O jogo está terminado agora.,[sound:181_over.mp3]
such,I never saw such beauty.,tal,Eu nunca vi tal beleza.,[sound:182_such.mp3]
again,Please say that again slowly.,de novo,Por favor diga isso de novo devagar.,[sound:183_again.mp3]
few,I have a few pencils.,poucos,Eu tenho poucos lápis.,[sound:184_few.mp3]
case,This is a special case.,caso,Este é um caso especial.,[sound:185_case.mp3]
most,Most kids like to play.,maioria,A maioria das crianças gosta de brincar.,[sound:186_most.mp3]
week,I study five days a week.,semana,Eu estudo cinco dias por semana.,[sound:187_week.mp3]
company,I work at my dad's company.,empresa,Eu trabalho na empresa do meu pai.,[sound:188_company.mp3]
where,Where do you live?,onde,Onde você mora?,[sound:189_where.mp3]
system,Our school has a good system.,sistema,Nossa escola tem um bom sistema.,[sound:190_system.mp3]
each,Each student has a book.,cada,Cada aluno tem um livro.,[sound:191_each.mp3]
right,Turn right at the corner.,direita,Vire à direita na esquina.,[sound:192_right.mp3]
program,I watch a fun TV program.,programa,Eu assisto a um programa de TV divertido.,[sound:193_program.mp3]
to hear,I can hear the birds singing.,ouvir,Eu consigo ouvir os pássaros cantando.,[sound:194_to_hear.mp3]
so,I was tired so I slept.,então,Eu estava cansado então dormi.,[sound:195_so.mp3]
question,I have one question for you.,pergunta,Eu tenho uma pergunta para você.,[sound:196_question.mp3]
during,I sleep during long car trips.,durante,Eu durmo durante longas viagens de carro.,[sound:197_during.mp3]
work,My mom goes to work early.,trabalho,Minha mãe vai ao trabalho cedo.,[sound:198_work.mp3]
to play,I love to play outside.,brincar,Eu adoro brincar lá fora.,[sound:199_to_play.mp3]
government,The government builds new schools.,governo,O governo constrói novas escolas.,[sound:200_government.mp3]
to run,I like to run in the park.,correr,Eu gosto de correr no parque.,[sound:201_to_run.mp3]
small,The cat is very small.,pequeno,O gato é muito pequeno.,[sound:202_small.mp3]
number,What is your favorite number?,número,Qual é o seu número favorito?,[sound:203_number.mp3]
off,Please turn off the light.,apagado,Por favor apague a luz.,[sound:204_off.mp3]
always,She always drinks water.,sempre,Ela sempre bebe água.,[sound:205_always.mp3]
to move,Help me move this box.,mover,Me ajude a mover esta caixa.,[sound:206_to_move.mp3]
to like,I like to eat apples.,gostar,Eu gosto de comer maçãs.,[sound:207_to_like.mp3]
night,The stars shine at night.,noite,As estrelas brilham à noite.,[sound:208_night.mp3]
to live,Fish live in the water.,viver,Os peixes vivem na água.,[sound:209_to_live.mp3]
Mr.,Mr. Brown is my teacher.,Sr.,O Sr. Brown é meu professor.,[sound:210_mr..mp3]
point,Can you point to the map?,apontar,Você pode apontar para o mapa?,[sound:211_point.mp3]
to believe,I believe you can do it.,acreditar,Eu acredito que você pode fazer.,[sound:212_to_believe.mp3]
to hold,Please hold my hand.,segurar,Por favor segure minha mão.,[sound:213_to_hold.mp3]
today,Today is a sunny day.,hoje,Hoje é um dia de sol.,[sound:214_today.mp3]
to bring,Please bring your book tomorrow.,trazer,Por favor traga seu livro amanhã.,[sound:215_to_bring.mp3]
to happen,Good things can happen today.,acontecer,Coisas boas podem acontecer hoje.,[sound:216_to_happen.mp3]
next,She sits next to me.,próximo,Ela senta próximo a mim.,[sound:217_next.mp3]
without,I cannot sleep without my pillow.,sem,Eu não consigo dormir sem meu travesseiro.,[sound:218_without.mp3]
before,Wash your hands before eating.,antes,Lave as mãos antes de comer.,[sound:219_before.mp3]
large,The elephant is a large animal.,grande,O elefante é um animal grande.,[sound:220_large.mp3]
all,All the kids are playing.,todos,Todos as crianças estão brincando.,[sound:221_all.mp3]
million,A million is a big number.,milhão,Um milhão é um número grande.,[sound:222_million.mp3]
must,You must brush your teeth.,dever,Você deve escovar os dentes.,[sound:223_must.mp3]
home,I go home after school.,casa,Eu vou para casa após a escola.,[sound:224_home.mp3]
under,The dog is under the table.,embaixo,O cachorro está embaixo da mesa.,[sound:225_under.mp3]
water,Please drink more water.,água,Por favor beba mais água.,[sound:226_water.mp3]
room,My room is very clean.,quarto,O meu quarto é muito limpo.,[sound:227_room.mp3]
to write,I like to write stories.,escrever,Eu gosto de escrever histórias.,[sound:228_to_write.mp3]
mother,My mother makes great food.,mãe,Minha mãe faz uma comida ótima.,[sound:229_mother.mp3]
area,This area has many trees.,área,Esta área tem muitas árvores.,[sound:230_area.mp3]
national,We sang the national song.,nacional,Nós cantamos a música nacional.,[sound:231_national.mp3]
money,She saved her money.,dinheiro,Ela guardou seu dinheiro.,[sound:232_money.mp3]
story,Tell me a fun story.,história,Me conte uma história divertida.,[sound:233_story.mp3]
young,The puppy is very young.,jovem,O filhote é muito jovem.,[sound:234_young.mp3]
fact,That is an interesting fact.,fato,Esse é um fato interessante.,[sound:235_fact.mp3]
month,My birthday is next month.,mês,Meu aniversário é no próximo mês.,[sound:236_month.mp3]
different,We all have different ideas.,diferente,Nós todos temos ideias diferentes.,[sound:237_different.mp3]
lot,I have a lot of books.,muito,Eu tenho muitos livros.,[sound:238_lot.mp3]
right,Turn right at the corner.,direita,Vire à direita na esquina.,[sound:239_right.mp3]
study,I study English every day.,estudar,Eu estudo inglês todos os dias.,[sound:240_study.mp3]
book,She is reading a good book.,livro,Ela está lendo um bom livro.,[sound:241_book.mp3]
eye,She has a blue eye.,olho,Ela tem um olho azul.,[sound:242_eye.mp3]
job,My dad has a good job.,trabalho,Meu pai tem um bom trabalho.,[sound:243_job.mp3]
word,I learned a new word.,palavra,Eu aprendi uma nova palavra.,[sound:244_word.mp3]
though,It is cold; I like winter though.,embora,Faz frio; mas eu gosto do inverno.,[sound:245_though.mp3]
business,She has a small business.,negócio,Ela tem um pequeno negócio.,[sound:246_business.mp3]
issue,We solved the issue together.,problema,Nós resolvemos o problema juntos.,[sound:247_issue.mp3]
side,Sit on my side please.,lado,Sente do meu lado por favor.,[sound:248_side.mp3]
kind,She is a kind person.,gentil,Ela é uma pessoa gentil.,[sound:249_kind.mp3]
four,I have four colored pencils.,quatro,Eu tenho quatro lápis coloridos.,[sound:250_four.mp3]
head,My head hurts today.,cabeça,Minha cabeça dói hoje.,[sound:251_head.mp3]
far,The school is far from here.,longe,A escola é longe daqui.,[sound:252_far.mp3]
black,The cat is black.,preto,O gato é preto.,[sound:253_black.mp3]
long,This road is very long.,longo,Esta estrada é muito longa.,[sound:254_long.mp3]
both,Both children are happy.,ambos,Ambas as crianças estão felizes.,[sound:255_both.mp3]
little,She has a little dog.,pequeno,Ela tem um cachorro pequeno.,[sound:256_little.mp3]
house,My house has three rooms.,casa,Minha casa tem três quartos.,[sound:257_house.mp3]
yes,Yes; I want more juice.,sim,Sim; eu quero mais suco.,[sound:258_yes.mp3]
after,We play after school.,depois,Nós brincamos depois da escola.,[sound:259_after.mp3]
since,I have studied since morning.,desde,Eu estudo desde a manhã.,[sound:260_since.mp3]
long,Her hair is very long.,comprido,O cabelo dela é muito comprido.,[sound:261_long.mp3]
to provide,The school will provide books.,fornecer,A escola vai fornecer livros.,[sound:262_to_provide.mp3]
service,The service here is great.,serviço,O serviço aqui é ótimo.,[sound:263_service.mp3]
around,The dog runs around the house.,ao redor,O cachorro corre ao redor da casa.,[sound:264_around.mp3]
friend,My friend likes to read.,amigo,Meu amigo gosta de ler.,[sound:265_friend.mp3]
important,Sleep is very important.,importante,O sono é muito importante.,[sound:266_important.mp3]
father,My father cooks on Sundays.,pai,Meu pai cozinha nos domingos.,[sound:267_father.mp3]
to sit,Please sit on the chair.,sentar,Por favor sente na cadeira.,[sound:268_to_sit.mp3]
away,The park is far away.,longe,O parque fica bem longe.,[sound:269_away.mp3]
until,Wait here until I return.,até,Espere aqui até eu voltar.,[sound:270_until.mp3]
power,The storm cut the power.,energia,A tempestade cortou a energia.,[sound:271_power.mp3]
hour,Class lasts one hour.,hora,A aula dura uma hora.,[sound:272_hour.mp3]
game,This game is so fun.,jogo,Este jogo é muito divertido.,[sound:273_game.mp3]
often,I often eat rice.,frequentemente,Eu frequentemente como arroz.,[sound:274_often.mp3]
yet,I have not eaten yet.,ainda,Eu ainda não comi.,[sound:275_yet.mp3]
line,Stand in a straight line.,fila,Fique em uma fila reta.,[sound:276_line.mp3]
political,It was a political speech.,político,Foi um discurso político.,[sound:277_political.mp3]
end,The movie has a sad end.,fim,O filme tem um fim triste.,[sound:278_end.mp3]
among,She is among her friends.,entre,Ela está entre seus amigos.,[sound:279_among.mp3]
ever,Have you ever seen snow?,alguma vez,Você alguma vez viu neve?,[sound:280_ever.mp3]
to stand,Please stand up now.,levantar,Por favor levante agora.,[sound:281_to_stand.mp3]
bad,Eating too much sugar is bad.,ruim,Comer muito açúcar é ruim.,[sound:282_bad.mp3]
to lose,I do not want to lose.,perder,Eu não quero perder.,[sound:283_to_lose.mp3]
however,It is hot; however it rains.,porém,Está quente; porém chove.,[sound:284_however.mp3]
member,She is a club member.,membro,Ela é membro do clube.,[sound:285_member.mp3]
to pay,I need to pay the bill.,pagar,Eu preciso pagar a conta.,[sound:286_to_pay.mp3]
law,Everyone must follow the law.,lei,Todo mundo deve seguir a lei.,[sound:287_law.mp3]
to meet,I will meet my friend today.,encontrar,Vou encontrar meu amigo hoje.,[sound:288_to_meet.mp3]
car,My father drives a red car.,carro,Meu pai dirige um carro vermelho.,[sound:289_car.mp3]
city,Our city has a big park.,cidade,Nossa cidade tem um parque grande.,[sound:290_city.mp3]
almost,Dinner is almost ready.,quase,O jantar está quase pronto.,[sound:291_almost.mp3]
to include,Please include your name here.,incluir,Por favor inclua seu nome aqui.,[sound:292_to_include.mp3]
to continue,Let us continue the story.,continuar,Vamos continuar a história.,[sound:293_to_continue.mp3]
to set,She will set the table.,colocar,Ela vai colocar a mesa.,[sound:294_to_set.mp3]
later,We can talk later.,mais tarde,Podemos conversar mais tarde.,[sound:295_later.mp3]
community,Our community is very united.,comunidade,Nossa comunidade é muito unida.,[sound:296_community.mp3]
much,I like this game very much.,muito,Eu gosto muito deste jogo.,[sound:297_much.mp3]
name,What is your name?,nome,Qual é o seu nome?,[sound:298_name.mp3]
five,I have five colored pencils.,cinco,Eu tenho cinco lápis coloridos.,[sound:299_five.mp3]
once,I read this book once.,uma vez,Eu li este livro uma vez.,[sound:300_once.mp3]
white,The white cat is very cute.,branco,O gato branco é muito fofo.,[sound:301_white.mp3]
least,She has at least two pencils.,pelo menos,Ela tem pelo menos dois lápis.,[sound:302_least.mp3]
president,The president lives in a big house.,presidente,O presidente mora em uma casa grande.,[sound:303_president.mp3]
to learn,I want to learn English.,aprender,Eu quero aprender inglês.,[sound:304_to_learn.mp3]
real,This is a real diamond.,real,Este é um diamante real.,[sound:305_real.mp3]
to change,I need to change my shirt.,mudar,Eu preciso mudar minha camisa.,[sound:306_to_change.mp3]
team,Our team won the game.,time,Nosso time ganhou o jogo.,[sound:307_team.mp3]
minute,Wait just one minute please.,minuto,Espere só um minuto por favor.,[sound:308_minute.mp3]
best,She is the best student in class.,melhor,Ela é a melhor aluna da turma.,[sound:309_best.mp3]
several,I read several books this month.,vários,Eu li vários livros este mês.,[sound:310_several.mp3]
idea,That is a great idea!,ideia,Essa é uma ótima ideia!,[sound:311_idea.mp3]
kid,Every kid loves ice cream.,criança,Toda criança ama sorvete.,[sound:312_kid.mp3]
body,Exercise is good for your body.,corpo,Exercício é bom para o seu corpo.,[sound:313_body.mp3]
information,I need more information about this.,informação,Eu preciso de mais informação sobre isso.,[sound:314_information.mp3]
nothing,There is nothing in the box.,nada,Não há nada na caixa.,[sound:315_nothing.mp3]
ago,We met two years ago.,atrás,Nos conhecemos dois anos atrás.,[sound:316_ago.mp3]
right,Turn right at the school.,direita,Vire à direita na escola.,[sound:317_right.mp3]
to lead,She will lead our group today.,liderar,Ela vai liderar nosso grupo hoje.,[sound:318_to_lead.mp3]
social,He has good social skills.,social,Ele tem boas habilidades sociais.,[sound:319_social.mp3]
to understand,I do not understand this question.,entender,Eu não consigo entender esta pergunta.,[sound:320_to_understand.mp3]
whether,I don't know whether it will rain.,se,Não sei se vai chover.,[sound:321_whether.mp3]
back,Please sit in the back row.,fundo,Por favor sente na fileira do fundo.,[sound:322_back.mp3]
to watch,I like to watch funny movies.,assistir,Eu gosto de assistir filmes engraçados.,[sound:323_to_watch.mp3]
together,We work better together.,juntos,Nós trabalhamos melhor juntos.,[sound:324_together.mp3]
to follow,Follow the teacher to the library.,seguir,Siga a professora até a biblioteca.,[sound:325_to_follow.mp3]
around,The dog runs around the yard.,ao redor,O cachorro corre ao redor do quintal.,[sound:326_around.mp3]
parent,Every parent loves their child.,pai ou mãe,Todo pai ou mãe ama seu filho.,[sound:327_parent.mp3]
only,She is the only girl here.,única,Ela é a única menina aqui.,[sound:328_only.mp3]
to stop,Please stop talking in class.,parar,Por favor pare de falar na aula.,[sound:329_to_stop.mp3]
face,Wash your face before breakfast.,rosto,Lave seu rosto antes do café.,[sound:330_face.mp3]
anything,I can eat anything for lunch.,qualquer coisa,Eu posso comer qualquer coisa no almoço.,[sound:331_anything.mp3]
to create,We will create a fun project.,criar,Nós vamos criar um projeto divertido.,[sound:332_to_create.mp3]
public,The public park is very big.,público,O parque público é muito grande.,[sound:333_public.mp3]
already,I already finished my homework.,já,Eu já terminei minha lição de casa.,[sound:334_already.mp3]
to speak,I want to speak in English.,falar,Eu quero falar em inglês.,[sound:335_to_speak.mp3]
others,Be kind to others at school.,outros,Seja gentil com os outros na escola.,[sound:336_others.mp3]
to read,I love to read adventure books.,ler,Eu adoro ler livros de aventura.,[sound:337_to_read.mp3]
level,This game has ten levels.,nível,Este jogo tem dez níveis.,[sound:338_level.mp3]
to allow,The teacher will allow one question.,permitir,A professora vai permitir uma pergunta.,[sound:339_to_allow.mp3]
to add,Add the numbers on the board.,adicionar,Adicione os números no quadro.,[sound:340_to_add.mp3]
office,The principal is in the office.,escritório,O diretor está no escritório.,[sound:341_office.mp3]
to spend,I like to spend time with friends.,passar,Eu gosto de passar tempo com amigos.,[sound:342_to_spend.mp3]
door,Please close the door quietly.,porta,Por favor feche a porta com cuidado.,[sound:343_door.mp3]
health,Eating vegetables is good for health.,saúde,Comer vegetais é bom para a saúde.,[sound:344_health.mp3]
person,She is a very kind person.,pessoa,Ela é uma pessoa muito gentil.,[sound:345_person.mp3]
art,I love art class on Fridays.,arte,Eu amo aula de arte nas sextas.,[sound:346_art.mp3]
sure,Are you sure about your answer?,certo,Você tem certeza da sua resposta?,[sound:347_sure.mp3]
such,She is such a good friend.,tão,Ela é uma amiga tão boa.,[sound:348_such.mp3]
war,War makes many people very sad.,guerra,A guerra deixa muitas pessoas muito tristes.,[sound:349_war.mp3]
history,History is my favorite subject.,história,História é minha matéria favorita.,[sound:350_history.mp3]
party,I love going to a party.,festa,Eu adoro ir a uma festa.,[sound:351_party.mp3]
within,Stay within the school area.,dentro de,Fique dentro da área da escola.,[sound:352_within.mp3]
to grow,Plants grow with water and sun.,crescer,Plantas crescem com água e sol.,[sound:353_to_grow.mp3]
result,The result of the test was good.,resultado,O resultado da prova foi bom.,[sound:354_result.mp3]
to open,Please open the door for me.,abrir,Por favor abra a porta para mim.,[sound:355_to_open.mp3]
change,I need to change my shoes.,mudar,Eu preciso mudar meus sapatos.,[sound:356_change.mp3]
morning,I eat breakfast every morning.,manhã,Eu tomo café da manhã todo dia.,[sound:357_morning.mp3]
to walk,I like to walk in the park.,caminhar,Eu gosto de caminhar no parque.,[sound:358_to_walk.mp3]
reason,What is the reason you are late?,razão,Qual é a razão de você estar atrasado?,[sound:359_reason.mp3]
low,The shelf is too low for me.,baixo,A prateleira é baixa demais para mim.,[sound:360_low.mp3]
to win,I want to win this game.,ganhar,Eu quero ganhar este jogo.,[sound:361_to_win.mp3]
research,She did research about animals.,pesquisa,Ela fez uma pesquisa sobre animais.,[sound:362_research.mp3]
girl,The girl has a red backpack.,menina,A menina tem uma mochila vermelha.,[sound:363_girl.mp3]
guy,That guy is very funny.,cara,Aquele cara é muito engraçado.,[sound:364_guy.mp3]
early,I woke up early today.,cedo,Eu acordei cedo hoje.,[sound:365_early.mp3]
food,I love eating delicious food.,comida,Eu adoro comer comida deliciosa.,[sound:366_food.mp3]
before,Wash your hands before eating.,antes,Lave as mãos antes de comer.,[sound:367_before.mp3]
moment,Wait just one moment please.,momento,Espere apenas um momento por favor.,[sound:368_moment.mp3]
himself,He did the homework himself.,ele mesmo,Ele fez a lição ele mesmo.,[sound:369_himself.mp3]
air,The air outside is very fresh.,ar,O ar lá fora é muito fresco.,[sound:370_air.mp3]
teacher,My teacher is very kind.,professor,Meu professor é muito gentil.,[sound:371_teacher.mp3]
force,The force of the wind is strong.,força,A força do vento é forte.,[sound:372_force.mp3]
to offer,I want to offer you some juice.,oferecer,Eu quero oferecer um suco para você.,[sound:373_to_offer.mp3]
enough,I have enough pencils for class.,suficiente,Eu tenho lápis suficientes para a aula.,[sound:374_enough.mp3]
both,Both my friends like soccer.,ambos,Ambos meus amigos gostam de futebol.,[sound:375_both.mp3]
education,Education is very important for everyone.,educação,A educação é muito importante para todos.,[sound:376_education.mp3]
across,She ran across the street carefully.,através,Ela correu através da rua com cuidado.,[sound:377_across.mp3]
although,I went out although it was cold.,embora,Eu saí embora estivesse frio.,[sound:378_although.mp3]
to remember,Try to remember your new words.,lembrar,Tente lembrar suas palavras novas.,[sound:379_to_remember.mp3]
foot,I hurt my foot playing soccer.,pé,Eu machuquei meu pé jogando futebol.,[sound:380_foot.mp3]
second,I finished in second place today.,segundo,Eu terminei em segundo lugar hoje.,[sound:381_second.mp3]
boy,The boy kicked the ball hard.,menino,O menino chutou a bola forte.,[sound:382_boy.mp3]
maybe,Maybe we can play later today.,talvez,Talvez possamos brincar mais tarde hoje.,[sound:383_maybe.mp3]
toward,She walked toward the school gate.,em direção a,Ela caminhou em direção ao portão da escola.,[sound:384_toward.mp3]
able,I am able to swim very well.,capaz,Eu sou capaz de nadar muito bem.,[sound:385_able.mp3]
age,My age is ten years old.,idade,Minha idade é dez anos.,[sound:386_age.mp3]
off,Please turn off the lights now.,desligado,Por favor desligue as luzes agora.,[sound:387_off.mp3]
policy,Our school has a no-phone policy.,regra,Nossa escola tem uma regra sem celular.,[sound:388_policy.mp3]
everything,I put everything in my backpack.,tudo,Eu coloquei tudo na minha mochila.,[sound:389_everything.mp3]
to love,I love spending time with friends.,amar,Eu amo passar tempo com amigos.,[sound:390_to_love.mp3]
process,Cooking is a fun process.,processo,Cozinhar é um processo divertido.,[sound:391_process.mp3]
music,I listen to music every day.,música,Eu ouço música todo dia.,[sound:392_music.mp3]
including,Everyone came; including my best friend.,incluindo,Todo mundo veio; incluindo meu melhor amigo.,[sound:393_including.mp3]
to consider,You should consider studying every day.,considerar,Você deveria considerar estudar todo dia.,[sound:394_to_consider.mp3]
to appear,A rainbow can appear after rain.,aparecer,Um arco-íris pode aparecer depois da chuva.,[sound:395_to_appear.mp3]
actually,This test is actually very easy.,na verdade,Esta prova é na verdade muito fácil.,[sound:396_actually.mp3]
to buy,I want to buy a new book.,comprar,Eu quero comprar um livro novo.,[sound:397_to_buy.mp3]
probably,It will probably rain this afternoon.,provavelmente,Provavelmente vai chover hoje à tarde.,[sound:398_probably.mp3]
human,Every human needs water to live.,humano,Todo humano precisa de água para viver.,[sound:399_human.mp3]
to wait,Please wait for me outside.,esperar,Por favor me espere do lado de fora.,[sound:400_to_wait.mp3]
to serve,I serve food at the table.,servir,Eu sirvo comida na mesa.,[sound:401_to_serve.mp3]
market,We buy fruit at the market.,mercado,Nós compramos fruta no mercado.,[sound:402_market.mp3]
to die,The old tree will die soon.,morrer,A árvore velha vai morrer em breve.,[sound:403_to_die.mp3]
to send,I will send a letter to her.,enviar,Eu vou enviar uma carta para ela.,[sound:404_to_send.mp3]
to expect,I expect good news today.,esperar,Eu espero boas notícias hoje.,[sound:405_to_expect.mp3]
home,I go home after school.,lar,Eu vou para o lar depois da escola.,[sound:406_home.mp3]
sense,That does not make sense to me.,sentido,Isso não faz sentido para mim.,[sound:407_sense.mp3]
to build,They want to build a new school.,construir,Eles querem construir uma nova escola.,[sound:408_to_build.mp3]
to stay,Please stay here with me.,ficar,Por favor fique aqui comigo.,[sound:409_to_stay.mp3]
to fall,The leaves fall in autumn.,cair,As folhas caem no outono.,[sound:410_to_fall.mp3]
oh,Oh! I forgot my book today.,oh,Oh! Eu esqueci meu livro hoje.,[sound:411_oh.mp3]
nation,Brazil is a big and beautiful nation.,nação,O Brasil é uma nação grande e bonita.,[sound:412_nation.mp3]
plan,We have a plan for the trip.,plano,Nós temos um plano para a viagem.,[sound:413_plan.mp3]
to cut,She will cut the cake now.,cortar,Ela vai cortar o bolo agora.,[sound:414_to_cut.mp3]
college,My sister studies at college.,faculdade,Minha irmã estuda na faculdade.,[sound:415_college.mp3]
interest,I have an interest in science.,interesse,Eu tenho interesse em ciências.,[sound:416_interest.mp3]
death,The death of the bird made us sad.,morte,A morte do pássaro nos deixou tristes.,[sound:417_death.mp3]
course,This is a great English course.,curso,Este é um ótimo curso de inglês.,[sound:418_course.mp3]
someone,Someone left a bag at the door.,alguém,Alguém deixou uma bolsa na porta.,[sound:419_someone.mp3]
experience,She has experience with animals.,experiência,Ela tem experiência com animais.,[sound:420_experience.mp3]
behind,He left his bag behind at school.,atrás,Ele deixou sua bolsa para trás na escola.,[sound:421_behind.mp3]
to reach,I cannot reach the top shelf.,alcançar,Eu não consigo alcançar a prateleira de cima.,[sound:422_to_reach.mp3]
local,We eat at the local restaurant.,local,Nós comemos no restaurante local.,[sound:423_local.mp3]
to kill,The cold weather can kill plants.,matar,O frio pode matar as plantas.,[sound:424_to_kill.mp3]
six,I have six books on my desk.,seis,Eu tenho seis livros na minha mesa.,[sound:425_six.mp3]
to remain,Please remain calm during the test.,permanecer,Por favor permaneça calmo durante a prova.,[sound:426_to_remain.mp3]
effect,Rain has a good effect on plants.,efeito,A chuva tem um bom efeito nas plantas.,[sound:427_effect.mp3]
use,Can I use your pencil please?,uso,Posso usar seu lápis por favor?,[sound:428_use.mp3]
yeah,Yeah! That is a great idea.,sim,Sim! Essa é uma ótima ideia.,[sound:429_yeah.mp3]
to suggest,I suggest we play outside today.,sugerir,Eu sugiro que bringuemos lá fora hoje.,[sound:430_to_suggest.mp3]
class,My class has thirty students.,turma,Minha turma tem trinta alunos.,[sound:431_class.mp3]
control,She has control of the situation.,controle,Ela tem controle da situação.,[sound:432_control.mp3]
to raise,We raise our hands in class.,levantar,Nós levantamos as mãos na aula.,[sound:433_to_raise.mp3]
care,Take care when you cross the street.,cuidado,Tenha cuidado ao atravessar a rua.,[sound:434_care.mp3]
perhaps,Perhaps we can go to the park.,talvez,Talvez possamos ir ao parque.,[sound:435_perhaps.mp3]
little,My little brother loves dinosaurs.,pequeno,Meu irmão pequeno adora dinossauros.,[sound:436_little.mp3]
late,Do not be late for school today.,tarde,Não chegue tarde para a escola hoje.,[sound:437_late.mp3]
hard,Math can be hard but fun.,difícil,Matemática pode ser difícil mas divertida.,[sound:438_hard.mp3]
field,The children play in the green field.,campo,As crianças brincam no campo verde.,[sound:439_field.mp3]
else,What else do you want to eat?,mais,O que mais você quer comer?,[sound:440_else.mp3]
to pass,I hope to pass the English test.,passar,Eu espero passar na prova de inglês.,[sound:441_to_pass.mp3]
former,The former teacher was very kind.,antigo,O antigo professor era muito gentil.,[sound:442_former.mp3]
to sell,They sell fresh bread every morning.,vender,Eles vendem pão fresco toda manhã.,[sound:443_to_sell.mp3]
major,Reading is a major skill for students.,principal,A leitura é uma habilidade principal para estudantes.,[sound:444_major.mp3]
sometimes,I sometimes eat lunch in the garden.,às vezes,Às vezes eu almoço no jardim.,[sound:445_sometimes.mp3]
to require,This game does require two players.,exigir,Este jogo exige dois jogadores.,[sound:446_to_require.mp3]
along,She walked along the river with friends.,ao longo,Ela caminhou ao longo do rio com amigos.,[sound:447_along.mp3]
development,Reading helps the development of the brain.,desenvolvimento,A leitura ajuda o desenvolvimento do cérebro.,[sound:448_development.mp3]
themselves,The kids made the cake themselves.,eles mesmos,As crianças fizeram o bolo elas mesmas.,[sound:449_themselves.mp3]
to report,Students must report any problem to teachers.,reportar,Os alunos devem reportar qualquer problema aos professores.,[sound:450_to_report.mp3]
role,She has an important role in the play.,papel,Ela tem um papel importante na peça.,[sound:451_role.mp3]
better,I feel better today than yesterday.,melhor,Eu me sinto melhor hoje do que ontem.,[sound:452_better.mp3]
economic,The economic news is good for everyone.,econômico,A notícia econômica é boa para todos.,[sound:453_economic.mp3]
effort,He made a big effort to finish.,esforço,Ele fez um grande esforço para terminar.,[sound:454_effort.mp3]
up,The cat jumped up on the table.,para cima,O gato pulou para cima da mesa.,[sound:455_up.mp3]
to decide,You need to decide now.,decidir,Você precisa decidir agora.,[sound:456_to_decide.mp3]
rate,The heart rate of the runner was high.,taxa,A taxa cardíaca do corredor estava alta.,[sound:457_rate.mp3]
strong,She is very strong for her age.,forte,Ela é muito forte para sua idade.,[sound:458_strong.mp3]
possible,Is it possible to finish today?,possível,É possível terminar hoje?,[sound:459_possible.mp3]
heart,The heart pumps blood through the body.,coração,O coração bombeia sangue pelo corpo.,[sound:460_heart.mp3]
drug,The doctor gave him a new drug.,remédio,O médico deu a ele um novo remédio.,[sound:461_drug.mp3]
show,The show starts at seven o'clock.,show,O show começa às sete horas.,[sound:462_show.mp3]
leader,Our leader spoke to the whole group.,líder,Nosso líder falou para o grupo todo.,[sound:463_leader.mp3]
light,Please turn on the light in here.,luz,Por favor acenda a luz aqui dentro.,[sound:464_light.mp3]
voice,She has a beautiful singing voice.,voz,Ela tem uma bela voz de cantora.,[sound:465_voice.mp3]
wife,His wife made a delicious cake.,esposa,A esposa dele fez um bolo delicioso.,[sound:466_wife.mp3]
whole,He ate the whole pizza by himself.,inteiro,Ele comeu a pizza inteira sozinho.,[sound:467_whole.mp3]
police,The police helped the lost child.,polícia,A polícia ajudou a criança perdida.,[sound:468_police.mp3]
mind,Keep your mind focused on the task.,mente,Mantenha sua mente focada na tarefa.,[sound:469_mind.mp3]
finally,We finally arrived at the beach.,finalmente,Finalmente chegamos à praia.,[sound:470_finally.mp3]
to pull,Please pull the door to open it.,puxar,Por favor puxe a porta para abrir.,[sound:471_to_pull.mp3]
to return,He will return home after school.,voltar,Ele vai voltar para casa depois da escola.,[sound:472_to_return.mp3]
free,The tickets to the park are free.,grátis,Os ingressos para o parque são grátis.,[sound:473_free.mp3]
military,The military parade was very impressive.,militar,O desfile militar foi muito impressionante.,[sound:474_military.mp3]
price,The price of this toy is too high.,preço,O preço desse brinquedo é muito alto.,[sound:475_price.mp3]
report,She wrote a report about animals.,relatório,Ela escreveu um relatório sobre animais.,[sound:476_report.mp3]
less,I eat less candy than my brother.,menos,Eu como menos doce do que meu irmão.,[sound:477_less.mp3]
according,According to the teacher; class starts now.,de acordo,De acordo com a professora; a aula começa agora.,[sound:478_according.mp3]
decision,Making a good decision takes some time.,decisão,Tomar uma boa decisão leva algum tempo.,[sound:479_decision.mp3]
to explain,Can you explain this math problem?,explicar,Você pode explicar esse problema de matemática?,[sound:480_to_explain.mp3]
son,Her son loves playing football outside.,filho,O filho dela adora jogar futebol lá fora.,[sound:481_son.mp3]
to hope,I hope we win the game today.,esperar,Eu espero que a gente ganhe o jogo hoje.,[sound:482_to_hope.mp3]
even,Even my little sister can do this.,até,Até minha irmã pequena consegue fazer isso.,[sound:483_even.mp3]
to develop,Scientists develop new medicines every year.,desenvolver,Cientistas desenvolvem novos remédios todo ano.,[sound:484_to_develop.mp3]
view,The view from the mountain was beautiful.,vista,A vista do alto da montanha era linda.,[sound:485_view.mp3]
relationship,A good relationship is based on trust.,relacionamento,Um bom relacionamento é baseado em confiança.,[sound:486_relationship.mp3]
to carry,Can you carry this bag for me?,carregar,Você pode carregar essa bolsa para mim?,[sound:487_to_carry.mp3]
town,There is a nice park in our town.,cidade,Tem um parque bonito na nossa cidade.,[sound:488_town.mp3]
road,The road to school is very long.,estrada,A estrada até a escola é muito longa.,[sound:489_road.mp3]
to drive,My dad loves to drive on weekends.,dirigir,Meu pai adora dirigir nos fins de semana.,[sound:490_to_drive.mp3]
arm,He broke his arm during the game.,braço,Ele quebrou o braço durante o jogo.,[sound:491_arm.mp3]
true,Is it true that fish can't blink?,verdadeiro,É verdadeiro que peixes não piscam?,[sound:492_true.mp3]
federal,The federal government helps many cities.,federal,O governo federal ajuda muitas cidades.,[sound:493_federal.mp3]
to break,Try not to break that glass plate.,quebrar,Tente não quebrar esse prato de vidro.,[sound:494_to_break.mp3]
better,She sings better than anyone in class.,melhor,Ela canta melhor do que qualquer um na turma.,[sound:495_better.mp3]
difference,There is a big difference between them.,diferença,Existe uma grande diferença entre eles.,[sound:496_difference.mp3]
to thank,I want to thank you for helping.,agradecer,Eu quero agradecer você por ter ajudado.,[sound:497_to_thank.mp3]
to receive,Did you receive my letter last week?,receber,Você recebeu minha carta na semana passada?,[sound:498_to_receive.mp3]
value,Kindness is a value we must keep.,valor,Bondade é um valor que devemos manter.,[sound:499_value.mp3]
international,English is an international language today.,internacional,O inglês é uma língua internacional hoje.,[sound:500_international.mp3]
building,The building is very tall.,prédio,O prédio é muito alto.,[sound:501_building.mp3]
action,He took action to help.,ação,Ele tomou uma ação para ajudar.,[sound:502_action.mp3]
full,My bag is full of books.,cheio,Minha bolsa está cheia de livros.,[sound:503_full.mp3]
model,She made a model of a house.,modelo,Ela fez um modelo de uma casa.,[sound:504_model.mp3]
to join,I want to join the team.,juntar-se,Eu quero me juntar ao time.,[sound:505_to_join.mp3]
season,Summer is my favorite season.,estação,O verão é minha estação favorita.,[sound:506_season.mp3]
society,We all live in a society.,sociedade,Todos nós vivemos em uma sociedade.,[sound:507_society.mp3]
because,I smiled because I was happy.,porque,Eu sorri porque estava feliz.,[sound:508_because.mp3]
tax,My dad pays tax every year.,imposto,Meu pai paga imposto todo ano.,[sound:509_tax.mp3]
director,The director made a great film.,diretor,O diretor fez um ótimo filme.,[sound:510_director.mp3]
early,She woke up early today.,cedo,Ela acordou cedo hoje.,[sound:511_early.mp3]
position,He plays in the front position.,posição,Ele joga na posição da frente.,[sound:512_position.mp3]
player,The player kicked the ball hard.,jogador,O jogador chutou a bola forte.,[sound:513_player.mp3]
to agree,I agree with your idea.,concordar,Eu concordo com a sua ideia.,[sound:514_to_agree.mp3]
especially,I love fruit; especially mangoes.,especialmente,Eu adoro frutas; especialmente mangas.,[sound:515_especially.mp3]
record,He broke the school record.,recorde,Ele quebrou o recorde da escola.,[sound:516_record.mp3]
to pick,Please pick a color you like.,escolher,Por favor; escolha uma cor que você goste.,[sound:517_to_pick.mp3]
to wear,I wear a hat in summer.,usar,Eu uso um chapéu no verão.,[sound:518_to_wear.mp3]
paper,She wrote on a piece of paper.,papel,Ela escreveu em um pedaço de papel.,[sound:519_paper.mp3]
special,Today is a very special day.,especial,Hoje é um dia muito especial.,[sound:520_special.mp3]
space,There is space for one more.,espaço,Há espaço para mais um.,[sound:521_space.mp3]
ground,The ball rolled on the ground.,chão,A bola rolou no chão.,[sound:522_ground.mp3]
form,Please fill out this form.,formulário,Por favor; preencha este formulário.,[sound:523_form.mp3]
to support,Friends support each other always.,apoiar,Amigos se apoiam sempre.,[sound:524_to_support.mp3]
event,The school event was so fun.,evento,O evento da escola foi muito divertido.,[sound:525_event.mp3]
official,The official rules are very clear.,oficial,As regras oficiais são muito claras.,[sound:526_official.mp3]
whose,Whose book is on the desk?,de quem,De quem é o livro na mesa?,[sound:527_whose.mp3]
matter,Water is a matter of life.,assunto,A água é um assunto de vida.,[sound:528_matter.mp3]
everyone,Everyone in class was very happy.,todos,Todos na sala estavam muito felizes.,[sound:529_everyone.mp3]
center,The park is in the center.,centro,O parque fica no centro.,[sound:530_center.mp3]
couple,A couple of kids played outside.,casal,Um casal de crianças brincou lá fora.,[sound:531_couple.mp3]
site,The site has great information.,site,O site tem ótimas informações.,[sound:532_site.mp3]
to end,The movie will end soon.,terminar,O filme vai terminar em breve.,[sound:533_to_end.mp3]
project,Our project is about animals.,projeto,Nosso projeto é sobre animais.,[sound:534_project.mp3]
to hit,Do not hit the table hard.,bater,Não bata na mesa com força.,[sound:535_to_hit.mp3]
to base,We base our work on facts.,basear,Nós baseamos nosso trabalho em fatos.,[sound:536_to_base.mp3]
activity,My favorite activity is painting.,atividade,Minha atividade favorita é pintar.,[sound:537_activity.mp3]
star,I saw a bright star last night.,estrela,Eu vi uma estrela brilhante ontem à noite.,[sound:538_star.mp3]
table,Put your books on the table.,mesa,Coloque seus livros na mesa.,[sound:539_table.mp3]
need,I need water after the race.,precisar,Eu preciso de água depois da corrida.,[sound:540_need.mp3]
court,The players ran on the court.,quadra,Os jogadores correram na quadra.,[sound:541_court.mp3]
to produce,Farms produce fresh food daily.,produzir,As fazendas produzem comida fresca diariamente.,[sound:542_to_produce.mp3]
to eat,I eat breakfast every morning.,comer,Eu como café da manhã toda manhã.,[sound:543_to_eat.mp3]
American,She loves American music a lot.,americano,Ela adora música americana muito.,[sound:544_american.mp3]
to teach,My teacher loves to teach us.,ensinar,Minha professora adora nos ensinar.,[sound:545_to_teach.mp3]
oil,Add a little oil to cook.,óleo,Adicione um pouco de óleo para cozinhar.,[sound:546_oil.mp3]
half,I ate half of my sandwich.,metade,Eu comi a metade do meu sanduíche.,[sound:547_half.mp3]
situation,It was a difficult situation for us.,situação,Foi uma situação difícil para nós.,[sound:548_situation.mp3]
easy,This exercise is easy for me.,fácil,Este exercício é fácil para mim.,[sound:549_easy.mp3]
cost,The book did not cost much.,custo,O livro não teve muito custo.,[sound:550_cost.mp3]
industry,The car industry makes many vehicles.,indústria,A indústria de carros fabrica muitos veículos.,[sound:551_industry.mp3]
figure,She drew a figure on the paper.,figura,Ela desenhou uma figura no papel.,[sound:552_figure.mp3]
to face,He had to face a big problem.,enfrentar,Ele teve que enfrentar um grande problema.,[sound:553_to_face.mp3]
street,The children play on the street.,rua,As crianças brincam na rua.,[sound:554_street.mp3]
image,The image on the screen is clear.,imagem,A imagem na tela é clara.,[sound:555_image.mp3]
itself,The cat cleaned itself after eating.,si mesmo,O gato se limpou depois de comer.,[sound:556_itself.mp3]
phone,She called her mom on the phone.,telefone,Ela ligou para a mãe no telefone.,[sound:557_phone.mp3]
either,You can take either the red or blue pen.,qualquer um,Você pode pegar qualquer uma das canetas.,[sound:558_either.mp3]
data,The scientist collected data for the study.,dados,O cientista coletou dados para o estudo.,[sound:559_data.mp3]
to cover,Please cover the pot with a lid.,cobrir,Por favor cubra a panela com uma tampa.,[sound:560_to_cover.mp3]
quite,The test was quite easy today.,bastante,A prova foi bastante fácil hoje.,[sound:561_quite.mp3]
picture,He drew a picture of his family.,desenho,Ele fez um desenho da sua família.,[sound:562_picture.mp3]
clear,The water in the lake is very clear.,claro,A água do lago é muito clara.,[sound:563_clear.mp3]
practice,She needs more practice on the piano.,prática,Ela precisa de mais prática no piano.,[sound:564_practice.mp3]
piece,Can I have a piece of cake?,pedaço,Posso pegar um pedaço de bolo?,[sound:565_piece.mp3]
land,The farmer worked on his land.,terra,O fazendeiro trabalhou em sua terra.,[sound:566_land.mp3]
recent,Did you see the recent news?,recente,Você viu as notícias recentes?,[sound:567_recent.mp3]
to describe,Can you describe your house?,descrever,Você pode descrever a sua casa?,[sound:568_to_describe.mp3]
product,This product is made in Brazil.,produto,Este produto é feito no Brasil.,[sound:569_product.mp3]
doctor,The doctor checked the sick child.,médico,O médico examinou a criança doente.,[sound:570_doctor.mp3]
wall,He painted the wall yellow.,parede,Ele pintou a parede de amarelo.,[sound:571_wall.mp3]
patient,The patient waited to see the doctor.,paciente,O paciente esperou para ver o médico.,[sound:572_patient.mp3]
worker,The worker carried heavy boxes all day.,trabalhador,O trabalhador carregou caixas pesadas o dia todo.,[sound:573_worker.mp3]
news,She watched the news with her parents.,notícias,Ela assistiu às notícias com seus pais.,[sound:574_news.mp3]
test,He studied hard for the test.,prova,Ele estudou muito para a prova.,[sound:575_test.mp3]
movie,We watched a funny movie last night.,filme,Nós assistimos a um filme engraçado ontem à noite.,[sound:576_movie.mp3]
certain,I am certain that she is right.,certo,Eu tenho certeza de que ela está certa.,[sound:577_certain.mp3]
north,They traveled north to find snow.,norte,Eles viajaram para o norte para ver neve.,[sound:578_north.mp3]
love,I love spending time with my family.,amor,Eu amo passar tempo com minha família.,[sound:579_love.mp3]
personal,Keep your personal things in your bag.,pessoal,Guarde suas coisas pessoais na sua mochila.,[sound:580_personal.mp3]
open,Please open the window; it is hot.,abrir,Por favor abra a janela; está quente.,[sound:581_open.mp3]
support,Friends support each other in hard times.,apoio,Amigos se dão apoio em momentos difíceis.,[sound:582_support.mp3]
simply,She simply smiled and walked away.,simplesmente,Ela simplesmente sorriu e foi embora.,[sound:583_simply.mp3]
third,She finished in third place in the race.,terceiro,Ela terminou em terceiro lugar na corrida.,[sound:584_third.mp3]
technology,New technology helps us learn faster.,tecnologia,A nova tecnologia nos ajuda a aprender mais rápido.,[sound:585_technology.mp3]
to catch,He tried to catch the ball.,pegar,Ele tentou pegar a bola.,[sound:586_to_catch.mp3]
step,Take one step forward please.,passo,Dê um passo à frente por favor.,[sound:587_step.mp3]
baby,The baby smiled at her mother.,bebê,O bebê sorriu para a sua mãe.,[sound:588_baby.mp3]
computer,She uses a computer to do homework.,computador,Ela usa um computador para fazer a lição de casa.,[sound:589_computer.mp3]
type,What type of music do you like?,tipo,Que tipo de música você gosta?,[sound:590_type.mp3]
attention,Please pay attention to the teacher.,atenção,Por favor preste atenção ao professor.,[sound:591_attention.mp3]
to draw,She loves to draw animals in class.,desenhar,Ela adora desenhar animais na aula.,[sound:592_to_draw.mp3]
film,We watched a great film at school.,filme,Nós assistimos a um ótimo filme na escola.,[sound:593_film.mp3]
Republican,The Republican senator spoke on television.,republicano,O senador republicano falou na televisão.,[sound:594_republican.mp3]
tree,The kids climbed the big tree.,árvore,As crianças subiram na grande árvore.,[sound:595_tree.mp3]
source,The sun is a source of light.,fonte,O sol é uma fonte de luz.,[sound:596_source.mp3]
red,She wore a red dress to the party.,vermelho,Ela usou um vestido vermelho na festa.,[sound:597_red.mp3]
nearly,He nearly missed the school bus.,quase,Ele quase perdeu o ônibus escolar.,[sound:598_nearly.mp3]
organization,She joined a local organization to help animals.,organização,Ela entrou em uma organização local para ajudar animais.,[sound:599_organization.mp3]
to choose,You can choose any book you like.,escolher,Você pode escolher qualquer livro que quiser.,[sound:600_to_choose.mp3]
to cause,Pollution can cause many problems.,causar,A poluição pode causar muitos problemas.,[sound:601_to_cause.mp3]
hair,She has long and beautiful hair.,cabelo,Ela tem um cabelo longo e bonito.,[sound:602_hair.mp3]
look,Take a look at this picture.,olhar,Dê uma olhada nessa foto.,[sound:603_look.mp3]
to point,He used a stick to point at the map.,apontar,Ele usou um graveto para apontar o mapa.,[sound:604_to_point.mp3]
century,This building is one century old.,século,Este prédio tem um século de idade.,[sound:605_century.mp3]
evidence,The police found evidence at the scene.,evidência,A polícia encontrou evidência no local.,[sound:606_evidence.mp3]
window,Please open the window; it is hot.,janela,Por favor abra a janela; está quente.,[sound:607_window.mp3]
difficult,This math problem is very difficult.,difícil,Este problema de matemática é muito difícil.,[sound:608_difficult.mp3]
to listen,You should listen to your teacher.,ouvir,Você deve ouvir o seu professor.,[sound:609_to_listen.mp3]
soon,We will eat dinner very soon.,logo,Nós vamos jantar muito logo.,[sound:610_soon.mp3]
culture,Brazil has a very rich culture.,cultura,O Brasil tem uma cultura muito rica.,[sound:611_culture.mp3]
billion,There are eight billion people on Earth.,bilhão,Há oito bilhões de pessoas na Terra.,[sound:612_billion.mp3]
chance,Give me one chance to explain.,chance,Me dê uma chance de explicar.,[sound:613_chance.mp3]
brother,My brother plays soccer every day.,irmão,Meu irmão joga futebol todos os dias.,[sound:614_brother.mp3]
energy,The sun gives us light and energy.,energia,O sol nos dá luz e energia.,[sound:615_energy.mp3]
period,We have a free period after lunch.,período,Temos um período livre depois do almoço.,[sound:616_period.mp3]
course,This is my favorite course at school.,curso,Este é meu curso favorito na escola.,[sound:617_course.mp3]
summer,We swim at the beach in summer.,verão,Nós nadamos na praia no verão.,[sound:618_summer.mp3]
less,Eat less sugar to stay healthy.,menos,Coma menos açúcar para ficar saudável.,[sound:619_less.mp3]
to realize,I did not realize it was so late.,perceber,Eu não percebi que era tão tarde.,[sound:620_to_realize.mp3]
hundred,There are one hundred students here.,cem,Há cem alunos aqui.,[sound:621_hundred.mp3]
available,The book is available at the library.,disponível,O livro está disponível na biblioteca.,[sound:622_available.mp3]
plant,Water this plant every day.,planta,Regue esta planta todos os dias.,[sound:623_plant.mp3]
likely,It is likely to rain today.,provável,É provável que chova hoje.,[sound:624_likely.mp3]
opportunity,This is a great opportunity to learn.,oportunidade,Esta é uma grande oportunidade de aprender.,[sound:625_opportunity.mp3]
term,We start a new term next week.,período,Começamos um novo período na próxima semana.,[sound:626_term.mp3]
short,The short boy sat in front.,baixo,O menino baixo sentou na frente.,[sound:627_short.mp3]
letter,She wrote a letter to her friend.,carta,Ela escreveu uma carta para sua amiga.,[sound:628_letter.mp3]
condition,The road is in bad condition.,condição,A estrada está em má condição.,[sound:629_condition.mp3]
choice,You have to make a good choice.,escolha,Você tem que fazer uma boa escolha.,[sound:630_choice.mp3]
to place,Please place your bag on the table.,colocar,Por favor coloque sua mochila na mesa.,[sound:631_to_place.mp3]
single,There is not a single cloud today.,único,Não há uma única nuvem hoje.,[sound:632_single.mp3]
rule,There is one rule: be kind.,regra,Há uma regra: seja gentil.,[sound:633_rule.mp3]
daughter,Her daughter loves to read books.,filha,A filha dela adora ler livros.,[sound:634_daughter.mp3]
administration,The school administration solved the problem.,administração,A administração da escola resolveu o problema.,[sound:635_administration.mp3]
south,They traveled to the south of Brazil.,sul,Eles viajaram para o sul do Brasil.,[sound:636_south.mp3]
husband,Her husband cooks dinner every night.,marido,O marido dela cozinha o jantar toda noite.,[sound:637_husband.mp3]
Congress,Congress makes the laws of the country.,Congresso,O Congresso faz as leis do país.,[sound:638_congress.mp3]
floor,The cat is sleeping on the floor.,chão,O gato está dormindo no chão.,[sound:639_floor.mp3]
campaign,The campaign raised money for the school.,campanha,A campanha arrecadou dinheiro para a escola.,[sound:640_campaign.mp3]
material,Cotton is a soft and light material.,material,O algodão é um material macio e leve.,[sound:641_material.mp3]
population,The population of Brazil is very large.,população,A população do Brasil é muito grande.,[sound:642_population.mp3]
well,She speaks English very well.,bem,Ela fala inglês muito bem.,[sound:643_well.mp3]
call,Mom will call us for dinner soon.,chamar,Mamãe vai nos chamar para jantar logo.,[sound:644_call.mp3]
economy,A strong economy helps all people.,economia,Uma economia forte ajuda todas as pessoas.,[sound:645_economy.mp3]
medical,He needs medical help right now.,médico,Ele precisa de ajuda médica agora.,[sound:646_medical.mp3]
hospital,The doctor works at the hospital.,hospital,O médico trabalha no hospital.,[sound:647_hospital.mp3]
church,The old church is near the park.,igreja,A velha igreja fica perto do parque.,[sound:648_church.mp3]
to close,Please close the door when you leave.,fechar,Por favor feche a porta ao sair.,[sound:649_to_close.mp3]
thousand,A thousand people came to the show.,mil,Mil pessoas vieram ao show.,[sound:650_thousand.mp3]
risk,Taking a risk can be dangerous.,risco,Correr um risco pode ser perigoso.,[sound:651_risk.mp3]
current,The current situation is very complex.,atual,A situação atual é muito complexa.,[sound:652_current.mp3]
fire,The fire destroyed the old house.,fogo,O fogo destruiu a casa velha.,[sound:653_fire.mp3]
future,I think about my future every day.,futuro,Eu penso no meu futuro todo dia.,[sound:654_future.mp3]
wrong,That answer is completely wrong.,errado,Essa resposta está completamente errada.,[sound:655_wrong.mp3]
to involve,Try not to involve your friends in trouble.,envolver,Tente não envolver seus amigos em problemas.,[sound:656_to_involve.mp3]
defense,The team played great defense today.,defesa,O time jogou uma ótima defesa hoje.,[sound:657_defense.mp3]
anyone,Can anyone help me with this?,alguém,Alguém pode me ajudar com isso?,[sound:658_anyone.mp3]
to increase,We need to increase our study time.,aumentar,Precisamos aumentar nosso tempo de estudo.,[sound:659_to_increase.mp3]
security,The school has good security cameras.,segurança,A escola tem boas câmeras de segurança.,[sound:660_security.mp3]
bank,My mom keeps money in the bank.,banco,Minha mãe guarda dinheiro no banco.,[sound:661_bank.mp3]
myself,I made this drawing by myself.,eu mesmo,Eu fiz esse desenho eu mesmo.,[sound:662_myself.mp3]
certainly,I will certainly finish my homework.,certamente,Eu certamente vou terminar minha lição.,[sound:663_certainly.mp3]
west,The sun sets in the west.,oeste,O sol se põe no oeste.,[sound:664_west.mp3]
sport,My favorite sport is football.,esporte,Meu esporte favorito é o futebol.,[sound:665_sport.mp3]
board,Write your name on the board.,quadro,Escreva seu nome no quadro.,[sound:666_board.mp3]
to seek,I seek new adventures every summer.,buscar,Eu busco novas aventuras todo verão.,[sound:667_to_seek.mp3]
per,We walk five miles per day.,por,Nós andamos cinco quilômetros por dia.,[sound:668_per.mp3]
subject,Math is my hardest subject.,matéria,Matemática é minha matéria mais difícil.,[sound:669_subject.mp3]
officer,The officer helped the lost child.,oficial,O oficial ajudou a criança perdida.,[sound:670_officer.mp3]
private,This is my private journal.,privado,Este é meu diário privado.,[sound:671_private.mp3]
rest,You need to rest after school.,descansar,Você precisa descansar depois da escola.,[sound:672_rest.mp3]
behavior,Good behavior is important in class.,comportamento,Bom comportamento é importante na aula.,[sound:673_behavior.mp3]
to deal,It is hard to deal with problems.,lidar,É difícil lidar com problemas.,[sound:674_to_deal.mp3]
performance,Her performance in the play was amazing.,desempenho,O desempenho dela na peça foi incrível.,[sound:675_performance.mp3]
to fight,We should never fight at school.,brigar,Nunca devemos brigar na escola.,[sound:676_to_fight.mp3]
to throw,Can you throw me the ball?,jogar,Você pode me jogar a bola?,[sound:677_to_throw.mp3]
top,Put the book on top of the desk.,topo,Coloque o livro no topo da mesa.,[sound:678_top.mp3]
quickly,Please come here quickly.,rapidamente,Por favor venha aqui rapidamente.,[sound:679_quickly.mp3]
past,Walk past the school to the park.,passar,Passe pela escola até o parque.,[sound:680_past.mp3]
goal,My goal is to learn English well.,objetivo,Meu objetivo é aprender inglês bem.,[sound:681_goal.mp3]
second,I finished in second place.,segundo,Eu terminei em segundo lugar.,[sound:682_second.mp3]
bed,I go to bed at nine.,cama,Eu vou para a cama às nove.,[sound:683_bed.mp3]
order,Please keep your room in order.,ordem,Por favor mantenha seu quarto em ordem.,[sound:684_order.mp3]
author,My favorite author writes adventure books.,autor,Meu autor favorito escreve livros de aventura.,[sound:685_author.mp3]
to fill,Fill the glass with water please.,encher,Encha o copo com água por favor.,[sound:686_to_fill.mp3]
to represent,She will represent our school in the contest.,representar,Ela vai representar nossa escola no concurso.,[sound:687_to_represent.mp3]
to focus,Try to focus during the lesson.,focar,Tente focar durante a aula.,[sound:688_to_focus.mp3]
foreign,I want to learn a foreign language.,estrangeiro,Eu quero aprender um idioma estrangeiro.,[sound:689_foreign.mp3]
to drop,Don't drop your lunch on the floor.,deixar cair,Não deixe seu almoço cair no chão.,[sound:690_to_drop.mp3]
to plan,Let's plan our trip together.,planejar,Vamos planejar nossa viagem juntos.,[sound:691_to_plan.mp3]
blood,The nurse checked my blood pressure.,sangue,A enfermeira verificou minha pressão de sangue.,[sound:692_blood.mp3]
upon,Once upon a time there was a dragon.,sobre,Era uma vez um dragão sobre a montanha.,[sound:693_upon.mp3]
agency,The travel agency helped us plan the trip.,agência,A agência de viagens nos ajudou a planejar.,[sound:694_agency.mp3]
to push,Don't push other kids at school.,empurrar,Não empurre outras crianças na escola.,[sound:695_to_push.mp3]
nature,I love walking in nature.,natureza,Eu adoro caminhar na natureza.,[sound:696_nature.mp3]
color,My favorite color is blue.,cor,Minha cor favorita é azul.,[sound:697_color.mp3]
no,There is no milk in the fridge.,não,Não há leite na geladeira.,[sound:698_no.mp3]
recently,I recently learned how to swim.,recentemente,Eu aprendi a nadar recentemente.,[sound:699_recently.mp3]
store,Let's go to the store after school.,loja,Vamos à loja depois da escola.,[sound:700_store.mp3]
to reduce,We need to reduce the noise.,reduzir,Precisamos reduzir o barulho.,[sound:701_to_reduce.mp3]
sound,I heard a loud sound outside.,som,Ouvi um som alto lá fora.,[sound:702_sound.mp3]
to note,Please note the date on the board.,anotar,Por favor anote a data no quadro.,[sound:703_to_note.mp3]
fine,The weather is fine today.,ótimo,O tempo está ótimo hoje.,[sound:704_fine.mp3]
before,Wash your hands before eating.,antes,Lave as mãos antes de comer.,[sound:705_before.mp3]
near,The school is near my house.,perto,A escola fica perto da minha casa.,[sound:706_near.mp3]
movement,The dancer made a slow movement.,movimento,A dançarina fez um movimento lento.,[sound:707_movement.mp3]
page,Open your book to page ten.,página,Abra seu livro na página dez.,[sound:708_page.mp3]
to enter,Please enter the room quietly.,entrar,Por favor entre na sala silenciosamente.,[sound:709_to_enter.mp3]
to share,Let us share the cookies equally.,compartilhar,Vamos compartilhar os biscoitos igualmente.,[sound:710_to_share.mp3]
than,She is taller than her brother.,do que,Ela é mais alta do que seu irmão.,[sound:711_than.mp3]
common,Dogs are a common pet.,comum,Cães são um animal de estimação comum.,[sound:712_common.mp3]
poor,The poor kitten was lost outside.,pobre,O pobre gatinho estava perdido lá fora.,[sound:713_poor.mp3]
other,Please choose the other color.,outro,Por favor escolha a outra cor.,[sound:714_other.mp3]
natural,Honey is a natural food.,natural,O mel é um alimento natural.,[sound:715_natural.mp3]
race,The children ran a fun race.,corrida,As crianças fizeram uma corrida divertida.,[sound:716_race.mp3]
concern,Her concern was about the test.,preocupação,A preocupação dela era com a prova.,[sound:717_concern.mp3]
series,I watched a series of videos.,série,Eu assisti uma série de vídeos.,[sound:718_series.mp3]
significant,She made a significant improvement.,significativo,Ela teve uma melhora significativa.,[sound:719_significant.mp3]
similar,My bag is similar to yours.,similar,Minha bolsa é similar à sua.,[sound:720_similar.mp3]
hot,The soup is very hot today.,quente,A sopa está muito quente hoje.,[sound:721_hot.mp3]
language,English is a useful language.,idioma,O inglês é um idioma útil.,[sound:722_language.mp3]
each,Each student has a notebook.,cada,Cada aluno tem um caderno.,[sound:723_each.mp3]
usually,I usually wake up at seven.,geralmente,Eu geralmente acordo às sete.,[sound:724_usually.mp3]
response,His response to the question was correct.,resposta,A resposta dele à pergunta estava correta.,[sound:725_response.mp3]
dead,The dead leaves fell to the ground.,morto,As folhas mortas caíram no chão.,[sound:726_dead.mp3]
to rise,The sun will rise at six.,nascer,O sol vai nascer às seis.,[sound:727_to_rise.mp3]
animal,The dog is a friendly animal.,animal,O cachorro é um animal amigável.,[sound:728_animal.mp3]
factor,Sleep is an important factor for health.,fator,O sono é um fator importante para a saúde.,[sound:729_factor.mp3]
decade,A decade has ten years.,década,Uma década tem dez anos.,[sound:730_decade.mp3]
article,I read an article about dolphins.,artigo,Eu li um artigo sobre golfinhos.,[sound:731_article.mp3]
to shoot,He wants to shoot the basketball.,arremessar,Ele quer arremessar a bola de basquete.,[sound:732_to_shoot.mp3]
east,The sun rises in the east.,leste,O sol nasce no leste.,[sound:733_east.mp3]
to save,We must save water every day.,economizar,Devemos economizar água todos os dias.,[sound:734_to_save.mp3]
seven,I have seven colored pencils.,sete,Eu tenho sete lápis coloridos.,[sound:735_seven.mp3]
artist,The artist painted a beautiful picture.,artista,O artista pintou um quadro bonito.,[sound:736_artist.mp3]
away,The bird flew away quickly.,embora,O pássaro voou embora rapidamente.,[sound:737_away.mp3]
scene,The last scene of the film was sad.,cena,A última cena do filme era triste.,[sound:738_scene.mp3]
stock,The store has a large stock of books.,estoque,A loja tem um grande estoque de livros.,[sound:739_stock.mp3]
career,She wants a career in music.,carreira,Ela quer uma carreira na música.,[sound:740_career.mp3]
despite,He smiled despite feeling tired.,apesar de,Ele sorriu apesar de estar cansado.,[sound:741_despite.mp3]
central,The park is in the central area.,central,O parque fica na área central.,[sound:742_central.mp3]
eight,I have eight crayons in my box.,oito,Eu tenho oito giz de cera na minha caixa.,[sound:743_eight.mp3]
thus,She studied hard; thus she passed.,portanto,Ela estudou muito; portanto ela passou.,[sound:744_thus.mp3]
treatment,The doctor gave a good treatment.,tratamento,O médico deu um bom tratamento.,[sound:745_treatment.mp3]
beyond,The forest is beyond the river.,além,A floresta fica além do rio.,[sound:746_beyond.mp3]
happy,I am happy to see you.,feliz,Estou feliz em te ver.,[sound:747_happy.mp3]
exactly,That is exactly the right answer.,exatamente,Essa é exatamente a resposta certa.,[sound:748_exactly.mp3]
to protect,We must protect the environment.,proteger,Devemos proteger o meio ambiente.,[sound:749_to_protect.mp3]
approach,The cat took a slow approach.,aproximação,O gato fez uma aproximação lenta.,[sound:750_approach.mp3]
to lie,She likes to lie on the grass.,mentir/deitar,Ela gosta de deitar na grama.,[sound:751_to_lie.mp3]
size,What size are your shoes?,tamanho,Qual é o tamanho do seu sapato?,[sound:752_size.mp3]
dog,My dog is very friendly.,cachorro,Meu cachorro é muito amigável.,[sound:753_dog.mp3]
fund,The school has a fund for books.,fundo,A escola tem um fundo para livros.,[sound:754_fund.mp3]
serious,She has a serious look on her face.,sério,Ela tem um olhar sério no rosto.,[sound:755_serious.mp3]
to occur,Storms occur in the summer.,ocorrer,Tempestades ocorrem no verão.,[sound:756_to_occur.mp3]
media,The media shows news every day.,mídia,A mídia mostra notícias todo dia.,[sound:757_media.mp3]
ready,Are you ready for the test?,pronto,Você está pronto para a prova?,[sound:758_ready.mp3]
sign,I saw a sign on the door.,placa,Eu vi uma placa na porta.,[sound:759_sign.mp3]
thought,She had a good thought about it.,pensamento,Ela teve um bom pensamento sobre isso.,[sound:760_thought.mp3]
list,Write a list of your friends.,lista,Escreva uma lista dos seus amigos.,[sound:761_list.mp3]
individual,Each individual has a different name.,indivíduo,Cada indivíduo tem um nome diferente.,[sound:762_individual.mp3]
simple,This exercise is very simple.,simples,Este exercício é muito simples.,[sound:763_simple.mp3]
quality,This book is of great quality.,qualidade,Este livro é de ótima qualidade.,[sound:764_quality.mp3]
pressure,He felt pressure before the test.,pressão,Ele sentiu pressão antes da prova.,[sound:765_pressure.mp3]
to accept,She will accept the gift happily.,aceitar,Ela vai aceitar o presente com alegria.,[sound:766_to_accept.mp3]
answer,Please answer the question now.,resposta,Por favor responda a pergunta agora.,[sound:767_answer.mp3]
hard,Math can be very hard sometimes.,difícil,Matemática pode ser muito difícil às vezes.,[sound:768_hard.mp3]
resource,Water is an important resource.,recurso,A água é um recurso importante.,[sound:769_resource.mp3]
to identify,Can you identify the animal?,identificar,Você consegue identificar o animal?,[sound:770_to_identify.mp3]
left,Turn left at the school.,esquerda,Vire à esquerda na escola.,[sound:771_left.mp3]
meeting,We have a meeting after class.,reunião,Temos uma reunião depois da aula.,[sound:772_meeting.mp3]
to determine,We need to determine the answer.,determinar,Precisamos determinar a resposta.,[sound:773_to_determine.mp3]
to prepare,Let us prepare for the trip.,preparar,Vamos nos preparar para a viagem.,[sound:774_to_prepare.mp3]
disease,This disease spreads very quickly.,doença,Esta doença se espalha muito rápido.,[sound:775_disease.mp3]
whatever,Do whatever makes you happy.,qualquer coisa,Faça qualquer coisa que te deixe feliz.,[sound:776_whatever.mp3]
success,Hard work leads to success.,sucesso,O trabalho duro leva ao sucesso.,[sound:777_success.mp3]
to argue,They argue about the game often.,discutir,Eles discutem sobre o jogo com frequência.,[sound:778_to_argue.mp3]
cup,She drank a cup of tea.,xícara,Ela tomou uma xícara de chá.,[sound:779_cup.mp3]
particularly,I particularly like chocolate cake.,particularmente,Eu particularmente gosto de bolo de chocolate.,[sound:780_particularly.mp3]
amount,A large amount of rain fell.,quantidade,Uma grande quantidade de chuva caiu.,[sound:781_amount.mp3]
ability,She has the ability to sing.,habilidade,Ela tem a habilidade de cantar.,[sound:782_ability.mp3]
staff,The staff at the school is kind.,equipe,A equipe da escola é gentil.,[sound:783_staff.mp3]
to recognize,I can recognize my friend anywhere.,reconhecer,Eu consigo reconhecer minha amiga em qualquer lugar.,[sound:784_to_recognize.mp3]
to indicate,The arrow can indicate the way.,indicar,A seta pode indicar o caminho.,[sound:785_to_indicate.mp3]
character,The main character is very brave.,personagem,O personagem principal é muito corajoso.,[sound:786_character.mp3]
growth,Plants need water for growth.,crescimento,As plantas precisam de água para o crescimento.,[sound:787_growth.mp3]
loss,The loss of the game was sad.,perda,A perda do jogo foi triste.,[sound:788_loss.mp3]
degree,It is thirty degrees outside today.,grau,Está trinta graus lá fora hoje.,[sound:789_degree.mp3]
to wonder,I wonder what is for lunch.,se perguntar,Eu me pergunto o que tem no almoço.,[sound:790_to_wonder.mp3]
attack,The dog did not attack anyone.,atacar,O cachorro não atacou ninguém.,[sound:791_attack.mp3]
herself,She made the cake herself.,ela mesma,Ela mesma fez o bolo.,[sound:792_herself.mp3]
region,This region has many tall trees.,região,Esta região tem muitas árvores altas.,[sound:793_region.mp3]
television,We watch television after dinner.,televisão,Nós assistimos televisão depois do jantar.,[sound:794_television.mp3]
box,Put your toys in the box.,caixa,Coloque seus brinquedos na caixa.,[sound:795_box.mp3]
TV,She watches TV every evening.,TV,Ela assiste TV toda noite.,[sound:796_tv.mp3]
training,He does training every morning.,treinamento,Ele faz treinamento toda manhã.,[sound:797_training.mp3]
pretty,The garden is very pretty today.,bonito,O jardim está muito bonito hoje.,[sound:798_pretty.mp3]
trade,Countries trade food and goods.,comércio,Os países fazem comércio de alimentos e produtos.,[sound:799_trade.mp3]
deal,We made a deal to share.,acordo,Fizemos um acordo para compartilhar.,[sound:800_deal.mp3]
election,The election decided our new leader.,eleição,A eleição decidiu nosso novo líder.,[sound:801_election.mp3]
everybody,Everybody is happy today.,todo mundo,Todo mundo está feliz hoje.,[sound:802_everybody.mp3]
physical,We have physical education on Monday.,físico,Temos educação física na segunda-feira.,[sound:803_physical.mp3]
to lay,Please lay the book on the table.,colocar,Por favor coloque o livro na mesa.,[sound:804_to_lay.mp3]
general,The general idea is very simple.,geral,A ideia geral é muito simples.,[sound:805_general.mp3]
feeling,I have a good feeling about this.,sentimento,Eu tenho um bom sentimento sobre isso.,[sound:806_feeling.mp3]
standard,This is the standard way to do it.,padrão,Esta é a forma padrão de fazer isso.,[sound:807_standard.mp3]
bill,Dad paid the electricity bill today.,conta,Papai pagou a conta de luz hoje.,[sound:808_bill.mp3]
message,She sent me a message this morning.,mensagem,Ela me enviou uma mensagem esta manhã.,[sound:809_message.mp3]
to fail,I do not want to fail the test.,falhar,Eu não quero falhar na prova.,[sound:810_to_fail.mp3]
outside,The kids are playing outside.,fora,As crianças estão brincando lá fora.,[sound:811_outside.mp3]
to arrive,We will arrive at school early.,chegar,Nós vamos chegar cedo na escola.,[sound:812_to_arrive.mp3]
analysis,The analysis of the data was clear.,análise,A análise dos dados foi clara.,[sound:813_analysis.mp3]
benefit,Exercise is a benefit for your health.,benefício,O exercício é um benefício para sua saúde.,[sound:814_benefit.mp3]
to name,Can you name all the planets?,nomear,Você consegue nomear todos os planetas?,[sound:815_to_name.mp3]
sex,The form asks for your age and sex.,sexo,O formulário pede sua idade e sexo.,[sound:816_sex.mp3]
forward,Please step forward when I call you.,para frente,Por favor dê um passo à frente quando eu chamar.,[sound:817_forward.mp3]
lawyer,The lawyer spoke in front of the judge.,advogado,O advogado falou na frente do juiz.,[sound:818_lawyer.mp3]
to present,She will present her project today.,apresentar,Ela vai apresentar seu projeto hoje.,[sound:819_to_present.mp3]
section,Read the first section of the book.,seção,Leia a primeira seção do livro.,[sound:820_section.mp3]
environmental,Pollution is an environmental problem.,ambiental,A poluição é um problema ambiental.,[sound:821_environmental.mp3]
glass,Please drink a glass of water.,copo,Por favor beba um copo de água.,[sound:822_glass.mp3]
to answer,He did not answer the question.,responder,Ele não respondeu a pergunta.,[sound:823_to_answer.mp3]
skill,Reading is an important skill.,habilidade,Ler é uma habilidade importante.,[sound:824_skill.mp3]
sister,My sister loves to draw.,irmã,Minha irmã adora desenhar.,[sound:825_sister.mp3]
PM,The meeting starts at 3 PM.,tarde,A reunião começa às 3 da tarde.,[sound:826_pm.mp3]
professor,The professor explained the lesson clearly.,professor,O professor explicou a lição claramente.,[sound:827_professor.mp3]
operation,The doctor performed a small operation.,operação,O médico realizou uma pequena operação.,[sound:828_operation.mp3]
financial,My parents handle all financial decisions.,financeiro,Meus pais cuidam de todas as decisões financeiras.,[sound:829_financial.mp3]
crime,Stealing is a crime.,crime,Roubar é um crime.,[sound:830_crime.mp3]
stage,She walked onto the stage and sang.,palco,Ela subiu ao palco e cantou.,[sound:831_stage.mp3]
ok,Is it ok to sit here?,ok,Está ok sentar aqui?,[sound:832_ok.mp3]
to compare,Let us compare the two answers.,comparar,Vamos comparar as duas respostas.,[sound:833_to_compare.mp3]
authority,The teacher has authority in the classroom.,autoridade,O professor tem autoridade na sala de aula.,[sound:834_authority.mp3]
to miss,I miss my grandmother very much.,sentir falta,Eu sinto muito a falta da minha avó.,[sound:835_to_miss.mp3]
design,I love the design of this notebook.,design,Eu amo o design deste caderno.,[sound:836_design.mp3]
sort,What sort of music do you like?,tipo,Que tipo de música você gosta?,[sound:837_sort.mp3]
one,I have one brother.,um,Eu tenho um irmão.,[sound:838_one.mp3]
to act,It is time to act and help others.,agir,É hora de agir e ajudar os outros.,[sound:839_to_act.mp3]
ten,I have ten fingers on my hands.,dez,Eu tenho dez dedos nas mãos.,[sound:840_ten.mp3]
knowledge,Reading increases your knowledge.,conhecimento,Ler aumenta seu conhecimento.,[sound:841_knowledge.mp3]
gun,The police officer carried a gun.,arma,O policial carregava uma arma.,[sound:842_gun.mp3]
station,We met at the bus station.,estação,Nos encontramos na estação de ônibus.,[sound:843_station.mp3]
blue,The sky is blue today.,azul,O céu está azul hoje.,[sound:844_blue.mp3]
to state,Please state your full name.,declarar,Por favor declare seu nome completo.,[sound:845_to_state.mp3]
strategy,We need a strategy to win the game.,estratégia,Precisamos de uma estratégia para ganhar o jogo.,[sound:846_strategy.mp3]
little,She has a little cat at home.,pequeno,Ela tem um pequeno gato em casa.,[sound:847_little.mp3]
clearly,Please speak clearly in class.,claramente,Por favor fale claramente na aula.,[sound:848_clearly.mp3]
to discuss,We will discuss the story in class.,discutir,Vamos discutir a história na aula.,[sound:849_to_discuss.mp3]
indeed,This is indeed a beautiful day.,de fato,Este é de fato um dia lindo.,[sound:850_indeed.mp3]
force,Nobody can force you to lie.,forçar,Ninguém pode te forçar a mentir.,[sound:851_force.mp3]
truth,Always tell the truth.,verdade,Sempre diga a verdade.,[sound:852_truth.mp3]
song,I love this song.,música,Eu adoro essa música.,[sound:853_song.mp3]
example,Give me an example please.,exemplo,Me dê um exemplo por favor.,[sound:854_example.mp3]
democratic,A democratic country respects everyone.,democrático,Um país democrático respeita todos.,[sound:855_democratic.mp3]
check,Please check your answers.,verificar,Por favor verifique suas respostas.,[sound:856_check.mp3]
truth,The truth is important.,verdade,A verdade é importante.,[sound:857_truth.mp3]
environment,We must protect the environment.,meio ambiente,Devemos proteger o meio ambiente.,[sound:858_environment.mp3]
leg,My leg hurts after running.,perna,Minha perna dói depois de correr.,[sound:859_leg.mp3]
dark,The room is very dark.,escuro,O quarto está muito escuro.,[sound:860_dark.mp3]
public,The park is a public place.,público,O parque é um lugar público.,[sound:861_public.mp3]
various,There are various fruits here.,vários,Há vários frutas aqui.,[sound:862_various.mp3]
rather,I would rather drink water.,preferivelmente,Eu prefiro beber água.,[sound:863_rather.mp3]
laugh,That joke makes me laugh.,rir,Essa piada me faz rir.,[sound:864_laugh.mp3]
guess,Can you guess my number?,adivinhar,Você consegue adivinhar meu número?,[sound:865_guess.mp3]
executive,The executive works in an office.,executivo,O executivo trabalha em um escritório.,[sound:866_executive.mp3]
set,She has a set of pencils.,conjunto,Ela tem um conjunto de lápis.,[sound:867_set.mp3]
study,I study English every day.,estudar,Eu estudo inglês todo dia.,[sound:868_study.mp3]
prove,Can you prove that is true?,provar,Você pode provar que isso é verdade?,[sound:869_prove.mp3]
hang,Let us hang the picture here.,pendurar,Vamos pendurar o quadro aqui.,[sound:870_hang.mp3]
entire,She ate the entire sandwich.,inteiro,Ela comeu o sanduíche inteiro.,[sound:871_entire.mp3]
rock,He threw a rock in the river.,pedra,Ele jogou uma pedra no rio.,[sound:872_rock.mp3]
design,She wants to design a dress.,desenhar,Ela quer desenhar um vestido.,[sound:873_design.mp3]
enough,I have enough water thank you.,suficiente,Eu tenho água suficiente obrigado.,[sound:874_enough.mp3]
forget,Do not forget your homework.,esquecer,Não esqueça sua lição de casa.,[sound:875_forget.mp3]
since,I have lived here since 2020.,desde,Eu moro aqui desde 2020.,[sound:876_since.mp3]
claim,He claims the bike is his.,afirmar,Ele afirma que a bicicleta é dele.,[sound:877_claim.mp3]
note,Write a note for your teacher.,anotação,Escreva uma anotação para sua professora.,[sound:878_note.mp3]
remove,Please remove your shoes inside.,remover,Por favor remova seus sapatos lá dentro.,[sound:879_remove.mp3]
manager,The manager opened the store.,gerente,O gerente abriu a loja.,[sound:880_manager.mp3]
help,Can you help me please?,ajuda,Você pode me dar uma ajuda?,[sound:881_help.mp3]
close,Please close the door slowly.,fechar,Por favor feche a porta devagar.,[sound:882_close.mp3]
sound,That music sounds really nice.,soar,Essa música soa muito bem.,[sound:883_sound.mp3]
enjoy,I enjoy reading good books.,curtir,Eu curto ler bons livros.,[sound:884_enjoy.mp3]
network,The school has a fast network.,rede,A escola tem uma rede rápida.,[sound:885_network.mp3]
legal,That rule is not legal here.,legal,Essa regra não é legal aqui.,[sound:886_legal.mp3]
religious,She goes to a religious school.,religioso,Ela vai a uma escola religiosa.,[sound:887_religious.mp3]
cold,The water is very cold today.,frio,A água está muito fria hoje.,[sound:888_cold.mp3]
form,We form a line before class.,formar,Nós formamos uma fila antes da aula.,[sound:889_form.mp3]
final,This is the final question.,final,Esta é a questão final.,[sound:890_final.mp3]
main,This is the main street here.,principal,Esta é a rua principal aqui.,[sound:891_main.mp3]
science,I love my science class.,ciência,Eu adoro minha aula de ciência.,[sound:892_science.mp3]
green,The grass is green and fresh.,verde,A grama é verde e fresca.,[sound:893_green.mp3]
memory,She has a great memory.,memória,Ela tem uma ótima memória.,[sound:894_memory.mp3]
card,I gave her a birthday card.,cartão,Eu dei a ela um cartão de aniversário.,[sound:895_card.mp3]
above,The bird flew above the tree.,acima,O pássaro voou acima da árvore.,[sound:896_above.mp3]
seat,Please take your seat now.,assento,Por favor ocupe seu assento agora.,[sound:897_seat.mp3]
cell,Every plant has a tiny cell.,célula,Cada planta tem uma pequena célula.,[sound:898_cell.mp3]
establish,They want to establish a club.,estabelecer,Eles querem estabelecer um clube.,[sound:899_establish.mp3]
nice,She is a very nice person.,legal,Ela é uma pessoa muito legal.,[sound:900_nice.mp3]
trial,The team had one final trial.,tentativa,O time teve uma última tentativa.,[sound:901_trial.mp3]
expert,She is an expert in science.,especialista,Ela é uma especialista em ciências.,[sound:902_expert.mp3]
that,I know that you are right.,que,Eu sei que você está certo.,[sound:903_that.mp3]
spring,Flowers bloom in spring.,primavera,As flores desabrocham na primavera.,[sound:904_spring.mp3]
firm,He has a firm handshake.,firme,Ele tem um aperto de mão firme.,[sound:905_firm.mp3]
Democrat,The Democrat voted for the new law.,democrata,O democrata votou pela nova lei.,[sound:906_democrat.mp3]
radio,We listen to music on the radio.,rádio,Nós ouvimos música no rádio.,[sound:907_radio.mp3]
to visit,I want to visit my grandma.,visitar,Eu quero visitar minha avó.,[sound:908_to_visit.mp3]
management,Good management helps the team work well.,gestão,Uma boa gestão ajuda a equipe a trabalhar bem.,[sound:909_management.mp3]
to care,I care about my friends.,cuidar,Eu me importo com meus amigos.,[sound:910_to_care.mp3]
to avoid,Try to avoid eating too much sugar.,evitar,Tente evitar comer muito açúcar.,[sound:911_to_avoid.mp3]
to imagine,I like to imagine flying in the sky.,imaginar,Eu gosto de imaginar voando no céu.,[sound:912_to_imagine.mp3]
tonight,We are watching a movie tonight.,esta noite,Nós vamos assistir um filme esta noite.,[sound:913_tonight.mp3]
huge,The elephant is huge.,enorme,O elefante é enorme.,[sound:914_huge.mp3]
ball,The kids kicked the ball hard.,bola,As crianças chutaram a bola com força.,[sound:915_ball.mp3]
no,There is no milk in the fridge.,não,Não há leite na geladeira.,[sound:916_no.mp3]
close,Please close the door gently.,fechar,Por favor feche a porta gentilmente.,[sound:917_close.mp3]
to finish,I need to finish my homework.,terminar,Eu preciso terminar minha lição de casa.,[sound:918_to_finish.mp3]
yourself,Believe in yourself always.,você mesmo,Acredite em você mesmo sempre.,[sound:919_yourself.mp3]
talk,We had a long talk after school.,conversa,Nós tivemos uma longa conversa depois da escola.,[sound:920_talk.mp3]
theory,The teacher explained a new theory.,teoria,A professora explicou uma nova teoria.,[sound:921_theory.mp3]
impact,The news had a big impact on us.,impacto,A notícia teve um grande impacto em nós.,[sound:922_impact.mp3]
to respond,Please respond to my question.,responder,Por favor responda à minha pergunta.,[sound:923_to_respond.mp3]
statement,She made a clear statement in class.,declaração,Ela fez uma declaração clara em sala de aula.,[sound:924_statement.mp3]
to maintain,It is important to maintain good habits.,manter,É importante manter bons hábitos.,[sound:925_to_maintain.mp3]
charge,Who is in charge of this group?,responsável,Quem é o responsável por este grupo?,[sound:926_charge.mp3]
popular,This song is very popular at school.,popular,Esta música é muito popular na escola.,[sound:927_popular.mp3]
traditional,We eat traditional food on holidays.,tradicional,Nós comemos comida tradicional nos feriados.,[sound:928_traditional.mp3]
onto,The cat jumped onto the table.,sobre,O gato pulou sobre a mesa.,[sound:929_onto.mp3]
to reveal,She decided to reveal her secret.,revelar,Ela decidiu revelar seu segredo.,[sound:930_to_reveal.mp3]
direction,Follow the direction on the map.,direção,Siga a direção no mapa.,[sound:931_direction.mp3]
weapon,A sword is a type of weapon.,arma,Uma espada é um tipo de arma.,[sound:932_weapon.mp3]
employee,The employee works at the store.,funcionário,O funcionário trabalha na loja.,[sound:933_employee.mp3]
cultural,We learned about cultural traditions today.,cultural,Nós aprendemos sobre tradições culturais hoje.,[sound:934_cultural.mp3]
to contain,This box can contain many books.,conter,Esta caixa pode conter muitos livros.,[sound:935_to_contain.mp3]
peace,We all want peace in the world.,paz,Todos nós queremos paz no mundo.,[sound:936_peace.mp3]
to head,She will head to school early.,ir,Ela vai ir para a escola cedo.,[sound:937_to_head.mp3]
to control,You must control your emotions.,controlar,Você deve controlar suas emoções.,[sound:938_to_control.mp3]
base,The base of the triangle is wide.,base,A base do triângulo é larga.,[sound:939_base.mp3]
pain,He felt pain after he fell.,dor,Ele sentiu dor depois que caiu.,[sound:940_pain.mp3]
to apply,You can apply for the contest online.,se inscrever,Você pode se inscrever no concurso online.,[sound:941_to_apply.mp3]
play,The children love to play outside.,brincar,As crianças adoram brincar ao ar livre.,[sound:942_play.mp3]
measure,Use a ruler to measure the line.,medir,Use uma régua para medir a linha.,[sound:943_measure.mp3]
wide,The river is very wide here.,largo,O rio é muito largo aqui.,[sound:944_wide.mp3]
to shake,She began to shake from the cold.,tremer,Ela começou a tremer de frio.,[sound:945_to_shake.mp3]
to fly,Birds can fly very high.,voar,Os pássaros podem voar muito alto.,[sound:946_to_fly.mp3]
interview,She had a job interview today.,entrevista,Ela teve uma entrevista de emprego hoje.,[sound:947_interview.mp3]
to manage,Can you manage all this work?,gerenciar,Você consegue gerenciar todo este trabalho?,[sound:948_to_manage.mp3]
chair,Please sit on the chair.,cadeira,Por favor sente-se na cadeira.,[sound:949_chair.mp3]
fish,We saw a big fish in the lake.,peixe,Nós vimos um peixe grande no lago.,[sound:950_fish.mp3]
particular,I like this particular book a lot.,particular,Eu gosto muito deste livro particular.,[sound:951_particular.mp3]
camera,I took a photo with my camera.,câmera,Eu tirei uma foto com minha câmera.,[sound:952_camera.mp3]
structure,The bridge has a strong structure.,estrutura,A ponte tem uma estrutura forte.,[sound:953_structure.mp3]
politics,Politics can be hard to understand.,política,Política pode ser difícil de entender.,[sound:954_politics.mp3]
to perform,She will perform a song today.,se apresentar,Ela vai se apresentar com uma música hoje.,[sound:955_to_perform.mp3]
bit,Can I have a bit of cake?,pedaço,Posso pegar um pedaço de bolo?,[sound:956_bit.mp3]
weight,The box has a lot of weight.,peso,A caixa tem muito peso.,[sound:957_weight.mp3]
suddenly,Suddenly the lights went off.,de repente,De repente as luzes se apagaram.,[sound:958_suddenly.mp3]
to discover,We can discover new things every day.,descobrir,Podemos descobrir coisas novas todo dia.,[sound:959_to_discover.mp3]
candidate,The candidate spoke to the crowd.,candidato,O candidato falou para a multidão.,[sound:960_candidate.mp3]
top,She put the book on top.,topo,Ela colocou o livro no topo.,[sound:961_top.mp3]
production,The production of the play was great.,produção,A produção da peça foi ótima.,[sound:962_production.mp3]
to treat,He likes to treat his friends well.,tratar,Ele gosta de tratar bem os amigos.,[sound:963_to_treat.mp3]
trip,We went on a trip to the beach.,viagem,Nós fomos em uma viagem para a praia.,[sound:964_trip.mp3]
evening,We had dinner in the evening.,noite,Nós jantamos à noite.,[sound:965_evening.mp3]
to affect,Rain can affect our plans.,afetar,A chuva pode afetar nossos planos.,[sound:966_to_affect.mp3]
inside,The cat is inside the house.,dentro,O gato está dentro da casa.,[sound:967_inside.mp3]
conference,The teacher went to a conference.,conferência,A professora foi a uma conferência.,[sound:968_conference.mp3]
unit,We studied one unit of the book.,unidade,Nós estudamos uma unidade do livro.,[sound:969_unit.mp3]
best,She is the best student in class.,melhor,Ela é a melhor aluna da turma.,[sound:970_best.mp3]
style,He has a cool style of drawing.,estilo,Ele tem um estilo legal de desenhar.,[sound:971_style.mp3]
adult,My uncle is a responsible adult.,adulto,Meu tio é um adulto responsável.,[sound:972_adult.mp3]
to worry,Do not worry about the test.,se preocupar,Não se preocupe com a prova.,[sound:973_to_worry.mp3]
range,The store has a wide range of toys.,variedade,A loja tem uma grande variedade de brinquedos.,[sound:974_range.mp3]
to mention,Did you mention the homework to her?,mencionar,Você mencionou o dever para ela?,[sound:975_to_mention.mp3]
rather,I would rather play outside today.,preferir,Eu prefiro brincar lá fora hoje.,[sound:976_rather.mp3]
far,The school is not far from here.,longe,A escola não é longe daqui.,[sound:977_far.mp3]
deep,The lake is very deep.,fundo,O lago é muito fundo.,[sound:978_deep.mp3]
past,Walk past the big tree and turn left.,passar,Passe pela árvore grande e vire à esquerda.,[sound:979_past.mp3]
edge,Do not stand near the edge.,beira,Não fique perto da beira.,[sound:980_edge.mp3]
individual,Each individual student got a prize.,indivíduo,Cada indivíduo estudante ganhou um prêmio.,[sound:981_individual.mp3]
specific,She gave us a specific answer.,específico,Ela nos deu uma resposta específica.,[sound:982_specific.mp3]
writer,My favorite writer wrote ten books.,escritor,Meu escritor favorito escreveu dez livros.,[sound:983_writer.mp3]
trouble,He got into trouble at school.,problema,Ele teve problema na escola.,[sound:984_trouble.mp3]
necessary,It is necessary to drink water daily.,necessário,É necessário beber água todo dia.,[sound:985_necessary.mp3]
throughout,She smiled throughout the whole movie.,durante,Ela sorriu durante o filme inteiro.,[sound:986_throughout.mp3]
challenge,The game was a big challenge.,desafio,O jogo foi um grande desafio.,[sound:987_challenge.mp3]
fear,He has a fear of the dark.,medo,Ele tem medo do escuro.,[sound:988_fear.mp3]
shoulder,She carried the bag on her shoulder.,ombro,Ela carregou a bolsa no ombro.,[sound:989_shoulder.mp3]
institution,The museum is an old institution.,instituição,O museu é uma instituição antiga.,[sound:990_institution.mp3]
middle,She sat in the middle of the room.,meio,Ela sentou no meio da sala.,[sound:991_middle.mp3]
sea,The sea is blue and beautiful.,mar,O mar é azul e bonito.,[sound:992_sea.mp3]
dream,I had a funny dream last night.,sonho,Eu tive um sonho engraçado ontem à noite.,[sound:993_dream.mp3]
bar,He ate a chocolate bar after lunch.,barra,Ele comeu uma barra de chocolate depois do almoço.,[sound:994_bar.mp3]
beautiful,The garden is very beautiful.,bonito,O jardim é muito bonito.,[sound:995_beautiful.mp3]
property,This land is private property.,propriedade,Este terreno é propriedade privada.,[sound:996_property.mp3]
instead,She chose water instead of juice.,em vez disso,Ela escolheu água em vez de suco.,[sound:997_instead.mp3]
to improve,I want to improve my English.,melhorar,Eu quero melhorar meu inglês.,[sound:998_to_improve.mp3]
stuff,There is a lot of stuff on the table.,coisas,Tem muitas coisas sobre a mesa.,[sound:999_stuff.mp3]
detail,She noticed every small detail.,detalhe,Ela notou cada pequeno detalhe.,[sound:1000_detail.mp3]
method,This is a good method to study.,método,Este é um bom método para estudar.,[sound:1001_method.mp3]
to sign,Please sign your name here.,assinar,Por favor assine seu nome aqui.,[sound:1002_to_sign.mp3]
somebody,Somebody left a bag at school.,alguém,Alguém deixou uma bolsa na escola.,[sound:1003_somebody.mp3]
magazine,I read a magazine about animals.,revista,Eu li uma revista sobre animais.,[sound:1004_magazine.mp3]
hotel,We stayed at a nice hotel.,hotel,Nós ficamos em um hotel bonito.,[sound:1005_hotel.mp3]
soldier,The soldier was very brave.,soldado,O soldado era muito corajoso.,[sound:1006_soldier.mp3]
to reflect,The mirror can reflect your face.,refletir,O espelho pode refletir seu rosto.,[sound:1007_to_reflect.mp3]
heavy,This box is very heavy.,pesado,Esta caixa é muito pesada.,[sound:1008_heavy.mp3]
sexual,The class talked about sexual health.,sexual,A turma falou sobre saúde sexual.,[sound:1009_sexual.mp3]
cause,Smoking can cause serious illness.,causa,Fumar pode causar doenças graves.,[sound:1010_cause.mp3]
bag,She put her books in the bag.,bolsa,Ela colocou seus livros na bolsa.,[sound:1011_bag.mp3]
heat,The heat of the sun is strong.,calor,O calor do sol é forte.,[sound:1012_heat.mp3]
fall,Be careful; you might fall down.,queda,Tenha cuidado; você pode cair.,[sound:1013_fall.mp3]
marriage,Their marriage was a happy event.,casamento,O casamento deles foi um evento feliz.,[sound:1014_marriage.mp3]
tough,This meat is very tough to chew.,difícil,Esta carne é muito difícil de mastigar.,[sound:1015_tough.mp3]
to sing,I love to sing happy songs.,cantar,Eu adoro cantar músicas felizes.,[sound:1016_to_sing.mp3]
surface,The surface of the lake is calm.,superfície,A superfície do lago é calma.,[sound:1017_surface.mp3]
purpose,The purpose of school is to learn.,propósito,O propósito da escola é aprender.,[sound:1018_purpose.mp3]
to exist,Dinosaurs used to exist long ago.,existir,Os dinossauros costumavam existir há muito tempo.,[sound:1019_to_exist.mp3]
pattern,I drew a pretty pattern on paper.,padrão,Eu desenhei um padrão bonito no papel.,[sound:1020_pattern.mp3]
whom,Whom did you call yesterday?,quem,Quem você ligou ontem?,[sound:1021_whom.mp3]
skin,The sun can burn your skin.,pele,O sol pode queimar sua pele.,[sound:1022_skin.mp3]
agent,The agent helped us buy a house.,agente,O agente nos ajudou a comprar uma casa.,[sound:1023_agent.mp3]
owner,The owner of the dog is kind.,dono,O dono do cachorro é gentil.,[sound:1024_owner.mp3]
machine,This machine washes our clothes.,máquina,Esta máquina lava nossas roupas.,[sound:1025_machine.mp3]
gas,The car needs gas to move.,gás,O carro precisa de gás para andar.,[sound:1026_gas.mp3]
down,The cat jumped down from the tree.,abaixo,O gato pulou para baixo da árvore.,[sound:1027_down.mp3]
ahead,Look ahead before you cross the street.,adiante,Olhe adiante antes de atravessar a rua.,[sound:1028_ahead.mp3]
generation,My grandparents are an older generation.,geração,Meus avós são de uma geração mais velha.,[sound:1029_generation.mp3]
commercial,We saw a funny commercial on TV.,comercial,Nós vimos um comercial engraçado na TV.,[sound:1030_commercial.mp3]
to address,The teacher will address the whole class.,dirigir-se,A professora vai se dirigir à turma toda.,[sound:1031_to_address.mp3]
cancer,Early treatment can help fight cancer.,câncer,O tratamento cedo pode ajudar a combater o câncer.,[sound:1032_cancer.mp3]
to test,The teacher will test us on Friday.,testar,A professora vai nos testar na sexta-feira.,[sound:1033_to_test.mp3]
item,Please check each item on the list.,item,Por favor verifique cada item da lista.,[sound:1034_item.mp3]
reality,In reality; the earth is not flat.,realidade,Na realidade; a Terra não é plana.,[sound:1035_reality.mp3]
coach,Our coach taught us to play well.,treinador,Nosso treinador nos ensinou a jogar bem.,[sound:1036_coach.mp3]
to step,Do not step on the wet floor.,pisar,Não pise no chão molhado.,[sound:1037_to_step.mp3]
Mrs,Mrs. Silva is our science teacher.,Sra.,A Sra. Silva é nossa professora de ciências.,[sound:1038_mrs.mp3]
yard,The kids played in the yard.,quintal,As crianças brincaram no quintal.,[sound:1039_yard.mp3]
to beat,Our team can beat the other team.,vencer,Nosso time pode vencer o outro time.,[sound:1040_to_beat.mp3]
violence,Violence is never the right answer.,violência,A violência nunca é a resposta certa.,[sound:1041_violence.mp3]
total,The total cost was ten dollars.,total,O custo total foi dez dólares.,[sound:1042_total.mp3]
to tend,I tend to wake up very early.,ter tendência,Eu tenho tendência a acordar muito cedo.,[sound:1043_to_tend.mp3]
investment,Education is a good investment in life.,investimento,A educação é um bom investimento na vida.,[sound:1044_investment.mp3]
discussion,We had a discussion about the book.,discussão,Nós tivemos uma discussão sobre o livro.,[sound:1045_discussion.mp3]
finger,She cut her finger while cooking.,dedo,Ela cortou o dedo enquanto cozinhava.,[sound:1046_finger.mp3]
garden,My mom grows flowers in the garden.,jardim,Minha mãe cultiva flores no jardim.,[sound:1047_garden.mp3]
to notice,Did you notice the new painting?,notar,Você notou o quadro novo?,[sound:1048_to_notice.mp3]
collection,He has a big collection of cards.,coleção,Ele tem uma grande coleção de cartas.,[sound:1049_collection.mp3]
modern,This is a modern and fast computer.,moderno,Este é um computador moderno e rápido.,[sound:1050_modern.mp3]
task,My task is to clean the classroom.,tarefa,Minha tarefa é limpar a sala de aula.,[sound:1051_task.mp3]
partner,My partner and I work together.,parceiro,Meu parceiro e eu trabalhamos juntos.,[sound:1052_partner.mp3]
positive,She has a positive attitude every day.,positivo,Ela tem uma atitude positiva todos os dias.,[sound:1053_positive.mp3]
civil,Be civil and kind to others.,civil,Seja civil e gentil com os outros.,[sound:1054_civil.mp3]
kitchen,Mom cooks in the kitchen.,cozinha,Mamãe cozinha na cozinha.,[sound:1055_kitchen.mp3]
consumer,The consumer bought a new phone.,consumidor,O consumidor comprou um telefone novo.,[sound:1056_consumer.mp3]
shot,The basketball shot went in.,arremesso,O arremesso de basquete entrou.,[sound:1057_shot.mp3]
budget,Our budget for the trip is small.,orçamento,Nosso orçamento para a viagem é pequeno.,[sound:1058_budget.mp3]
to wish,I wish for a sunny day.,desejar,Eu desejo um dia ensolarado.,[sound:1059_to_wish.mp3]
painting,The painting on the wall is beautiful.,pintura,A pintura na parede é bonita.,[sound:1060_painting.mp3]
scientist,The scientist studies animals in the lab.,cientista,A cientista estuda animais no laboratório.,[sound:1061_scientist.mp3]
safe,Keep your money in a safe place.,seguro,Guarde seu dinheiro em um lugar seguro.,[sound:1062_safe.mp3]
agreement,We made an agreement to share.,acordo,Fizemos um acordo para compartilhar.,[sound:1063_agreement.mp3]
capital,Brasília is the capital of Brazil.,capital,Brasília é a capital do Brasil.,[sound:1064_capital.mp3]
mouth,Open your mouth at the dentist.,boca,Abra sua boca no dentista.,[sound:1065_mouth.mp3]
nor,He eats neither meat nor fish.,nem,Ele não come nem carne nem peixe.,[sound:1066_nor.mp3]
victim,The victim got help from the police.,vítima,A vítima recebeu ajuda da polícia.,[sound:1067_victim.mp3]
newspaper,Dad reads the newspaper every morning.,jornal,Papai lê o jornal toda manhã.,[sound:1068_newspaper.mp3]
instead,Drink water instead of soda.,em vez disso,Beba água em vez de refrigerante.,[sound:1069_instead.mp3]
threat,The storm was a threat to the town.,ameaça,A tempestade foi uma ameaça à cidade.,[sound:1070_threat.mp3]
responsibility,It is your responsibility to do homework.,responsabilidade,É sua responsabilidade fazer o dever de casa.,[sound:1071_responsibility.mp3]
to smile,I smile when I see my friends.,sorrir,Eu sorrio quando vejo meus amigos.,[sound:1072_to_smile.mp3]
attorney,The attorney spoke in the courtroom.,advogado,O advogado falou no tribunal.,[sound:1073_attorney.mp3]
score,The final score was three to one.,placar,O placar final foi três a um.,[sound:1074_score.mp3]
account,She has a bank account already.,conta,Ela já tem uma conta no banco.,[sound:1075_account.mp3]
interesting,This book is very interesting to read.,interessante,Este livro é muito interessante de ler.,[sound:1076_interesting.mp3]
break,Let us take a break after class.,pausa,Vamos fazer uma pausa depois da aula.,[sound:1077_break.mp3]
audience,The audience clapped after the show.,plateia,A plateia aplaudiu depois do show.,[sound:1078_audience.mp3]
rich,The rich man gave food to others.,rico,O homem rico deu comida aos outros.,[sound:1079_rich.mp3]
dinner,We eat dinner together as a family.,jantar,Nós jantamos juntos em família.,[sound:1080_dinner.mp3]
to figure,I need to figure out this problem.,descobrir,Eu preciso descobrir este problema.,[sound:1081_to_figure.mp3]
vote,Every adult can vote in elections.,voto,Todo adulto pode votar nas eleições.,[sound:1082_vote.mp3]
western,Cowboys live in western stories.,ocidental,Cowboys aparecem em histórias ocidentais.,[sound:1083_western.mp3]
to relate,I can relate to your feelings.,relacionar,Eu consigo me relacionar com seus sentimentos.,[sound:1084_to_relate.mp3]
to travel,I love to travel to new places.,viajar,Eu adoro viajar para lugares novos.,[sound:1085_to_travel.mp3]
debate,The students had a debate in class.,debate,Os alunos tiveram um debate na aula.,[sound:1086_debate.mp3]
to prevent,Wash your hands to prevent sickness.,prevenir,Lave as mãos para prevenir doenças.,[sound:1087_to_prevent.mp3]
citizen,A good citizen follows the rules.,cidadão,Um bom cidadão segue as regras.,[sound:1088_citizen.mp3]
majority,The majority of kids like ice cream.,maioria,A maioria das crianças gosta de sorvete.,[sound:1089_majority.mp3]
none,None of the answers were correct.,nenhum,Nenhuma das respostas estava correta.,[sound:1090_none.mp3]
front,She sat in the front of the class.,frente,Ela sentou na frente da sala de aula.,[sound:1091_front.mp3]
to be born,I was born in a small city.,nascer,Eu nasci em uma cidade pequena.,[sound:1092_to_be_born.mp3]
to admit,He had to admit he was wrong.,admitir,Ele teve que admitir que estava errado.,[sound:1093_to_admit.mp3]
senior,The senior student helped the younger ones.,veterano,O aluno veterano ajudou os mais novos.,[sound:1094_senior.mp3]
to assume,Do not assume the answer is easy.,assumir,Não assuma que a resposta é fácil.,[sound:1095_to_assume.mp3]
wind,The wind blew my hat away.,vento,O vento levou meu chapéu embora.,[sound:1096_wind.mp3]
key,She lost the key to her house.,chave,Ela perdeu a chave da sua casa.,[sound:1097_key.mp3]
professional,He is a professional soccer player.,profissional,Ele é um jogador de futebol profissional.,[sound:1098_professional.mp3]
mission,Our mission is to help the school.,missão,Nossa missão é ajudar a escola.,[sound:1099_mission.mp3]
fast,The cheetah is a very fast animal.,rápido,O guepardo é um animal muito rápido.,[sound:1100_fast.mp3]
alone,She felt alone at the new school.,sozinha,Ela se sentiu sozinha na escola nova.,[sound:1101_alone.mp3]
customer,The customer bought a new book.,cliente,O cliente comprou um livro novo.,[sound:1102_customer.mp3]
to suffer,Nobody wants to suffer in pain.,sofrer,Ninguém quer sofrer de dor.,[sound:1103_to_suffer.mp3]
speech,She gave a great speech today.,discurso,Ela fez um ótimo discurso hoje.,[sound:1104_speech.mp3]
successful,He is a very successful student.,bem-sucedido,Ele é um estudante muito bem-sucedido.,[sound:1105_successful.mp3]
option,You have one more option left.,opção,Você tem mais uma opção.,[sound:1106_option.mp3]
participant,Each participant got a small prize.,participante,Cada participante ganhou um pequeno prêmio.,[sound:1107_participant.mp3]
southern,They live in the southern part.,sul,Eles moram na parte sul.,[sound:1108_southern.mp3]
fresh,I love the smell of fresh bread.,fresco,Eu amo o cheiro de pão fresco.,[sound:1109_fresh.mp3]
eventually,She eventually learned to ride a bike.,eventualmente,Ela eventualmente aprendeu a andar de bicicleta.,[sound:1110_eventually.mp3]
no,There is no milk in the fridge.,não,Não há leite na geladeira.,[sound:1111_no.mp3]
forest,The forest is full of tall trees.,floresta,A floresta está cheia de árvores altas.,[sound:1112_forest.mp3]
video,We watched a funny video together.,vídeo,Nós assistimos a um vídeo engraçado juntos.,[sound:1113_video.mp3]
global,Climate change is a global problem.,global,A mudança climática é um problema global.,[sound:1114_global.mp3]
Senate,The Senate voted on a new law.,Senado,O Senado votou em uma nova lei.,[sound:1115_senate.mp3]
reform,The school needs a big reform.,reforma,A escola precisa de uma grande reforma.,[sound:1116_reform.mp3]
access,We have access to clean water.,acesso,Nós temos acesso à água limpa.,[sound:1117_access.mp3]
restaurant,The restaurant serves very good food.,restaurante,O restaurante serve comida muito boa.,[sound:1118_restaurant.mp3]
judge,The judge made a fair decision.,juiz,O juiz tomou uma decisão justa.,[sound:1119_judge.mp3]
to publish,She wants to publish her first book.,publicar,Ela quer publicar seu primeiro livro.,[sound:1120_to_publish.mp3]
to cost,How much does this toy cost?,custar,Quanto custa esse brinquedo?,[sound:1121_to_cost.mp3]
relation,There is a relation between food and health.,relação,Há uma relação entre comida e saúde.,[sound:1122_relation.mp3]
like,I like to play outside after school.,gostar,Eu gosto de brincar fora depois da escola.,[sound:1123_like.mp3]
to release,They will release the movie next week.,lançar,Eles vão lançar o filme na próxima semana.,[sound:1124_to_release.mp3]
to own,I own a small blue bicycle.,possuir,Eu possuo uma bicicleta azul pequena.,[sound:1125_to_own.mp3]
bird,A colorful bird sat on the tree.,pássaro,Um pássaro colorido sentou na árvore.,[sound:1126_bird.mp3]
opinion,She shared her opinion with the class.,opinião,Ela compartilhou sua opinião com a turma.,[sound:1127_opinion.mp3]
credit,He got credit for his hard work.,crédito,Ele recebeu crédito pelo seu trabalho duro.,[sound:1128_credit.mp3]
critical,Water is critical for all living things.,essencial,A água é essencial para todos os seres vivos.,[sound:1129_critical.mp3]
corner,The cat is hiding in the corner.,canto,O gato está escondido no canto.,[sound:1130_corner.mp3]
concerned,She is concerned about her sick cat.,preocupado,Ela está preocupada com seu gato doente.,[sound:1131_concerned.mp3]
to recall,Can you recall where you put it?,lembrar,Você consegue lembrar onde colocou?,[sound:1132_to_recall.mp3]
version,I read the short version of the story.,versão,Eu li a versão curta da história.,[sound:1133_version.mp3]
to stare,It is rude to stare at people.,encarar,É rude encarar as pessoas.,[sound:1134_to_stare.mp3]
safety,Always wear a helmet for safety.,segurança,Sempre use capacete para sua segurança.,[sound:1135_safety.mp3]
effective,Exercise is effective for staying healthy.,eficaz,O exercício é eficaz para manter a saúde.,[sound:1136_effective.mp3]
neighborhood,My neighborhood has a big park.,bairro,Meu bairro tem um parque grande.,[sound:1137_neighborhood.mp3]
original,This is the original painting; not a copy.,original,Esta é a pintura original; não é uma cópia.,[sound:1138_original.mp3]
act,It was a kind act to help her.,ato,Foi um ato gentil ajudá-la.,[sound:1139_act.mp3]
troop,The troop of soldiers marched together.,tropa,A tropa de soldados marchou junta.,[sound:1140_troop.mp3]
income,His income helps pay for the house.,renda,A renda dele ajuda a pagar a casa.,[sound:1141_income.mp3]
directly,She looked directly at the teacher.,diretamente,Ela olhou diretamente para a professora.,[sound:1142_directly.mp3]
to hurt,Be careful so you do not hurt yourself.,machucar,Tenha cuidado para não se machucar.,[sound:1143_to_hurt.mp3]
species,The panda is an endangered species.,espécie,O panda é uma espécie em extinção.,[sound:1144_species.mp3]
immediately,Please come here immediately.,imediatamente,Por favor; venha aqui imediatamente.,[sound:1145_immediately.mp3]
track,The runner stayed on the track.,pista,O corredor ficou na pista.,[sound:1146_track.mp3]
basic,Reading is a basic skill for everyone.,básico,A leitura é uma habilidade básica para todos.,[sound:1147_basic.mp3]
to strike,Lightning can strike a tall tree.,atingir,O raio pode atingir uma árvore alta.,[sound:1148_to_strike.mp3]
hope,I hope you have a great day.,esperança,Eu tenho esperança de que você tenha um ótimo dia.,[sound:1149_hope.mp3]
sky,The sky is bright and blue today.,céu,O céu está claro e azul hoje.,[sound:1150_sky.mp3]
freedom,Every person deserves to have freedom.,liberdade,Toda pessoa merece ter liberdade.,[sound:1151_freedom.mp3]
absolutely,This is absolutely amazing!,absolutamente,Isso é absolutamente incrível!,[sound:1152_absolutely.mp3]
plane,The plane flies in the sky.,avião,O avião voa no céu.,[sound:1153_plane.mp3]
nobody,Nobody is in the room.,ninguém,Ninguém está na sala.,[sound:1154_nobody.mp3]
to achieve,I want to achieve my goal.,alcançar,Eu quero alcançar meu objetivo.,[sound:1155_to_achieve.mp3]
object,What is that object on the table?,objeto,O que é aquele objeto na mesa?,[sound:1156_object.mp3]
attitude,She has a great attitude at school.,atitude,Ela tem uma ótima atitude na escola.,[sound:1157_attitude.mp3]
labor,Labor Day is a holiday.,trabalho,O Dia do Trabalho é feriado.,[sound:1158_labor.mp3]
to refer,Please refer to your book.,consultar,Por favor consulte o seu livro.,[sound:1159_to_refer.mp3]
concept,That is a simple concept to learn.,conceito,Esse é um conceito simples de aprender.,[sound:1160_concept.mp3]
client,The client is waiting outside.,cliente,O cliente está esperando lá fora.,[sound:1161_client.mp3]
powerful,The lion is a powerful animal.,poderoso,O leão é um animal poderoso.,[sound:1162_powerful.mp3]
perfect,Her answer was perfect.,perfeito,A resposta dela foi perfeita.,[sound:1163_perfect.mp3]
nine,I have nine colored pencils.,nove,Eu tenho nove lápis coloridos.,[sound:1164_nine.mp3]
therefore,It rained; therefore the ground is wet.,portanto,Choveu; portanto o chão está molhado.,[sound:1165_therefore.mp3]
to conduct,She will conduct the school band.,conduzir,Ela vai conduzir a banda da escola.,[sound:1166_to_conduct.mp3]
to announce,He will announce the winner today.,anunciar,Ele vai anunciar o vencedor hoje.,[sound:1167_to_announce.mp3]
conversation,We had a fun conversation at lunch.,conversa,Tivemos uma conversa divertida no almoço.,[sound:1168_conversation.mp3]
to examine,The doctor will examine the patient.,examinar,O médico vai examinar o paciente.,[sound:1169_to_examine.mp3]
to touch,Please do not touch the painting.,tocar,Por favor não toque na pintura.,[sound:1170_to_touch.mp3]
please,Please open the window.,por favor,Por favor abra a janela.,[sound:1171_please.mp3]
to attend,I will attend the class tomorrow.,comparecer,Eu vou comparecer à aula amanhã.,[sound:1172_to_attend.mp3]
completely,The glass is completely full.,completamente,O copo está completamente cheio.,[sound:1173_completely.mp3]
to vote,You can vote when you are older.,votar,Você pode votar quando for mais velho.,[sound:1174_to_vote.mp3]
variety,There is a variety of fruits here.,variedade,Há uma variedade de frutas aqui.,[sound:1175_variety.mp3]
to sleep,I sleep eight hours every night.,dormir,Eu durmo oito horas toda noite.,[sound:1176_to_sleep.mp3]
turn,It is your turn to play.,vez,É a sua vez de jogar.,[sound:1177_turn.mp3]
involved,He was involved in the project.,envolvido,Ele estava envolvido no projeto.,[sound:1178_involved.mp3]
investigation,The police started an investigation.,investigação,A polícia iniciou uma investigação.,[sound:1179_investigation.mp3]
nuclear,The sun produces nuclear energy.,nuclear,O sol produz energia nuclear.,[sound:1180_nuclear.mp3]
researcher,The researcher studied ocean animals.,pesquisador,O pesquisador estudou animais do oceano.,[sound:1181_researcher.mp3]
press,Press the button to open the door.,pressionar,Pressione o botão para abrir a porta.,[sound:1182_press.mp3]
conflict,They resolved the conflict peacefully.,conflito,Eles resolveram o conflito pacificamente.,[sound:1183_conflict.mp3]
spirit,Our team has a great team spirit.,espírito,Nossa equipe tem um grande espírito de equipe.,[sound:1184_spirit.mp3]
to experience,I want to experience new things.,experienciar,Eu quero experienciar coisas novas.,[sound:1185_to_experience.mp3]
to replace,We need to replace the broken chair.,substituir,Nós precisamos substituir a cadeira quebrada.,[sound:1186_to_replace.mp3]
British,The British flag is red and blue.,britânico,A bandeira britânica é vermelha e azul.,[sound:1187_british.mp3]
to encourage,Teachers encourage students to read.,encorajar,Professores encorajam os alunos a ler.,[sound:1188_to_encourage.mp3]
argument,They had an argument about the game.,discussão,Eles tiveram uma discussão sobre o jogo.,[sound:1189_argument.mp3]
by,The cat is sitting by the door.,perto de,O gato está sentado perto da porta.,[sound:1190_by.mp3]
once,I visited London once last year.,uma vez,Eu visitei Londres uma vez no ano passado.,[sound:1191_once.mp3]
camp,We stayed in a camp in the forest.,acampamento,Ficamos em um acampamento na floresta.,[sound:1192_camp.mp3]
brain,The brain controls our whole body.,cérebro,O cérebro controla todo o nosso corpo.,[sound:1193_brain.mp3]
feature,The best feature of this phone is the camera.,característica,A melhor característica desse celular é a câmera.,[sound:1194_feature.mp3]
afternoon,We played soccer in the afternoon.,tarde,Nós jogamos futebol de tarde.,[sound:1195_afternoon.mp3]
AM,School starts at 8 AM every day.,manhã,A escola começa às 8 da manhã todo dia.,[sound:1196_am.mp3]
weekend,I love playing games on the weekend.,fim de semana,Eu adoro jogar jogos no fim de semana.,[sound:1197_weekend.mp3]
dozen,Mom bought a dozen eggs at the store.,dúzia,Mamãe comprou uma dúzia de ovos na loja.,[sound:1198_dozen.mp3]
possibility,There is a possibility of rain today.,possibilidade,Há uma possibilidade de chuva hoje.,[sound:1199_possibility.mp3]
along,Walk along the path to the park.,ao longo de,Caminhe ao longo do caminho até o parque.,[sound:1200_along.mp3]
insurance,My dad has car insurance.,seguro,Meu pai tem seguro de carro.,[sound:1201_insurance.mp3]
department,The science department is very big.,departamento,O departamento de ciências é muito grande.,[sound:1202_department.mp3]
battle,The soldiers fought a long battle.,batalha,Os soldados lutaram uma longa batalha.,[sound:1203_battle.mp3]
beginning,The beginning of the story is fun.,começo,O começo da história é divertido.,[sound:1204_beginning.mp3]
date,Today's date is important to remember.,data,A data de hoje é importante de lembrar.,[sound:1205_date.mp3]
generally,I generally wake up early.,geralmente,Eu geralmente acordo cedo.,[sound:1206_generally.mp3]
African,The African elephant is very large.,africano,O elefante africano é muito grande.,[sound:1207_african.mp3]
very,This cake is very delicious.,muito,Este bolo é muito delicioso.,[sound:1208_very.mp3]
sorry,I am sorry for my mistake.,desculpa,Eu peço desculpa pelo meu erro.,[sound:1209_sorry.mp3]
crisis,The city had a big water crisis.,crise,A cidade teve uma grande crise de água.,[sound:1210_crisis.mp3]
to complete,I need to complete my homework today.,completar,Eu preciso completar meu dever de casa hoje.,[sound:1211_to_complete.mp3]
fan,She is a big fan of music.,fã,Ela é uma grande fã de música.,[sound:1212_fan.mp3]
to stick,Please stick the paper on the wall.,grudar,Por favor grudar o papel na parede.,[sound:1213_to_stick.mp3]
to define,Can you define this word for me?,definir,Você pode definir esta palavra para mim?,[sound:1214_to_define.mp3]
easily,She can easily solve this problem.,facilmente,Ela pode facilmente resolver este problema.,[sound:1215_easily.mp3]
through,The cat walked through the door.,através,O gato caminhou através da porta.,[sound:1216_through.mp3]
hole,There is a hole in my sock.,buraco,Há um buraco na minha meia.,[sound:1217_hole.mp3]
element,Water is an important element of life.,elemento,A água é um elemento importante da vida.,[sound:1218_element.mp3]
vision,The doctor checked my vision today.,visão,O médico verificou minha visão hoje.,[sound:1219_vision.mp3]
status,What is the status of your project?,status,Qual é o status do seu projeto?,[sound:1220_status.mp3]
normal,It is normal to feel a little nervous.,normal,É normal sentir um pouco de nervosismo.,[sound:1221_normal.mp3]
Chinese,I love eating Chinese food.,chinês,Eu amo comer comida chinesa.,[sound:1222_chinese.mp3]
ship,The big ship crossed the ocean.,navio,O grande navio cruzou o oceano.,[sound:1223_ship.mp3]
solution,She found a solution to the problem.,solução,Ela encontrou uma solução para o problema.,[sound:1224_solution.mp3]
stone,He threw a stone into the river.,pedra,Ele jogou uma pedra no rio.,[sound:1225_stone.mp3]
slowly,The turtle walks very slowly.,devagar,A tartaruga caminha muito devagar.,[sound:1226_slowly.mp3]
scale,We used a scale to weigh the fruit.,balança,Nós usamos uma balança para pesar a fruta.,[sound:1227_scale.mp3]
bit,I eat just a little bit of sugar.,pouquinho,Eu como apenas um pouquinho de açúcar.,[sound:1228_bit.mp3]
university,My sister studies at a big university.,universidade,Minha irmã estuda em uma grande universidade.,[sound:1229_university.mp3]
to introduce,Let me introduce my best friend.,apresentar,Deixa eu apresentar meu melhor amigo.,[sound:1230_to_introduce.mp3]
driver,The bus driver is very friendly.,motorista,O motorista do ônibus é muito simpático.,[sound:1231_driver.mp3]
attempt,He made an attempt to climb the tree.,tentativa,Ele fez uma tentativa de subir na árvore.,[sound:1232_attempt.mp3]
park,We played football in the park.,parque,Nós jogamos futebol no parque.,[sound:1233_park.mp3]
spot,I found a nice spot to sit.,lugar,Eu encontrei um lugar agradável para sentar.,[sound:1234_spot.mp3]
lack,There is a lack of water in the city.,falta,Há uma falta de água na cidade.,[sound:1235_lack.mp3]
ice,She put ice in her cold drink.,gelo,Ela colocou gelo na sua bebida fria.,[sound:1236_ice.mp3]
boat,We took a boat ride on the river.,barco,Nós fizemos um passeio de barco no rio.,[sound:1237_boat.mp3]
to drink,I like to drink orange juice.,beber,Eu gosto de beber suco de laranja.,[sound:1238_to_drink.mp3]
sun,The sun is very bright today.,sol,O sol está muito brilhante hoje.,[sound:1239_sun.mp3]
front,Please sit in the front row.,frente,Por favor sente na frente da fila.,[sound:1240_front.mp3]
distance,The school is a short distance away.,distância,A escola fica a uma curta distância.,[sound:1241_distance.mp3]
wood,The table is made of wood.,madeira,A mesa é feita de madeira.,[sound:1242_wood.mp3]
to handle,She knows how to handle the situation.,lidar,Ela sabe como lidar com a situação.,[sound:1243_to_handle.mp3]
truck,The big truck carried heavy boxes.,caminhão,O grande caminhão carregou caixas pesadas.,[sound:1244_truck.mp3]
return,I will return home after school.,voltar,Eu vou voltar para casa depois da escola.,[sound:1245_return.mp3]
mountain,We hiked up the tall mountain.,montanha,Nós subimos a montanha alta.,[sound:1246_mountain.mp3]
survey,The teacher gave us a short survey.,pesquisa,A professora nos deu uma pesquisa curta.,[sound:1247_survey.mp3]
supposed,You are supposed to be in class.,suposto,Você é suposto estar na aula.,[sound:1248_supposed.mp3]
tradition,Eating turkey is a holiday tradition.,tradição,Comer peru é uma tradição de feriado.,[sound:1249_tradition.mp3]
winter,It is very cold during winter.,inverno,Está muito frio durante o inverno.,[sound:1250_winter.mp3]
village,My grandma lives in a small village.,aldeia,Minha avó mora em uma pequena aldeia.,[sound:1251_village.mp3]
Soviet,The Soviet flag was red and gold.,Soviético,A bandeira Soviética era vermelha e dourada.,[sound:1252_soviet.mp3]
to refuse,She will refuse to eat the food.,recusar,Ela vai recusar de comer a comida.,[sound:1253_to_refuse.mp3]
sales,The store has big sales today.,vendas,A loja tem grandes vendas hoje.,[sound:1254_sales.mp3]
to roll,The ball will roll down the hill.,rolar,A bola vai rolar morro abaixo.,[sound:1255_to_roll.mp3]
communication,Good communication helps us understand each other.,comunicação,Boa comunicação nos ajuda a entender uns aos outros.,[sound:1256_communication.mp3]
run,I like to run in the park.,correr,Eu gosto de correr no parque.,[sound:1257_run.mp3]
screen,The screen on my phone is broken.,tela,A tela do meu celular está quebrada.,[sound:1258_screen.mp3]
to gain,She wants to gain more knowledge.,ganhar,Ela quer ganhar mais conhecimento.,[sound:1259_to_gain.mp3]
resident,The resident lives on this street.,morador,O morador vive nesta rua.,[sound:1260_resident.mp3]
to hide,The cat likes to hide under the bed.,esconder,O gato gosta de se esconder embaixo da cama.,[sound:1261_to_hide.mp3]
gold,The ring is made of gold.,ouro,O anel é feito de ouro.,[sound:1262_gold.mp3]
club,She joined the reading club at school.,clube,Ela entrou no clube de leitura na escola.,[sound:1263_club.mp3]
future,I want to be a doctor in the future.,futuro,Eu quero ser médico no futuro.,[sound:1264_future.mp3]
farm,The farm has many cows and chickens.,fazenda,A fazenda tem muitas vacas e galinhas.,[sound:1265_farm.mp3]
potential,This student has great potential.,potencial,Este estudante tem grande potencial.,[sound:1266_potential.mp3]
increase,We need to increase our water intake.,aumentar,Precisamos aumentar nossa ingestão de água.,[sound:1267_increase.mp3]
middle,She sits in the middle of the classroom.,meio,Ela senta no meio da sala de aula.,[sound:1268_middle.mp3]
European,Paris is a famous European city.,europeu,Paris é uma famosa cidade europeia.,[sound:1269_european.mp3]
presence,His presence made everyone feel happy.,presença,A presença dele fez todos se sentirem felizes.,[sound:1270_presence.mp3]
independent,She is an independent and brave girl.,independente,Ela é uma menina independente e corajosa.,[sound:1271_independent.mp3]
district,Our district has a great new school.,distrito,Nosso distrito tem uma ótima escola nova.,[sound:1272_district.mp3]
shape,The cookie is in the shape of a star.,forma,O biscoito tem a forma de uma estrela.,[sound:1273_shape.mp3]
reader,He is a fast reader of books.,leitor,Ele é um leitor rápido de livros.,[sound:1274_reader.mp3]
Ms,Ms. Silva is our English teacher.,Sra.,A Sra. Silva é nossa professora de inglês.,[sound:1275_ms.mp3]
contract,The player signed a new contract.,contrato,O jogador assinou um novo contrato.,[sound:1276_contract.mp3]
crowd,A big crowd watched the game.,multidão,Uma grande multidão assistiu ao jogo.,[sound:1277_crowd.mp3]
Christian,She is a Christian and goes to church.,cristão,Ela é cristã e vai à igreja.,[sound:1278_christian.mp3]
to express,He uses art to express his feelings.,expressar,Ele usa arte para expressar seus sentimentos.,[sound:1279_to_express.mp3]
apartment,My family lives in a small apartment.,apartamento,Minha família vive em um apartamento pequeno.,[sound:1280_apartment.mp3]
willing,I am willing to help you study.,disposto,Estou disposto a ajudar você a estudar.,[sound:1281_willing.mp3]
strength,Exercise gives your body more strength.,força,O exercício dá mais força ao seu corpo.,[sound:1282_strength.mp3]
previous,The previous lesson was about animals.,anterior,A aula anterior foi sobre animais.,[sound:1283_previous.mp3]
band,The band played music at the party.,banda,A banda tocou música na festa.,[sound:1284_band.mp3]
obviously,She is obviously very happy today.,obviamente,Ela está obviamente muito feliz hoje.,[sound:1285_obviously.mp3]
horse,The horse ran fast across the field.,cavalo,O cavalo correu rápido pelo campo.,[sound:1286_horse.mp3]
interested,I am interested in learning science.,interessado,Estou interessado em aprender ciências.,[sound:1287_interested.mp3]
target,His target was to score ten points.,alvo,O alvo dele era marcar dez pontos.,[sound:1288_target.mp3]
prison,The guard works at the prison.,prisão,O guarda trabalha na prisão.,[sound:1289_prison.mp3]
to ride,I love to ride my bicycle.,andar,Eu adoro andar de bicicleta.,[sound:1290_to_ride.mp3]
guard,The guard stopped us at the door.,guarda,O guarda nos parou na porta.,[sound:1291_guard.mp3]
terms,We agreed on the terms of the game.,termos,Concordamos com os termos do jogo.,[sound:1292_terms.mp3]
demand,There is a big demand for new books.,demanda,Há uma grande demanda por livros novos.,[sound:1293_demand.mp3]
reporter,The reporter asked many questions.,repórter,O repórter fez muitas perguntas.,[sound:1294_reporter.mp3]
to deliver,He will deliver the package tomorrow.,entregar,Ele vai entregar o pacote amanhã.,[sound:1295_to_deliver.mp3]
text,Please read the text on page five.,texto,Por favor leia o texto na página cinco.,[sound:1296_text.mp3]
share,Always share your food with friends.,compartilhar,Sempre compartilhe sua comida com os amigos.,[sound:1297_share.mp3]
tool,A hammer is a useful tool.,ferramenta,Um martelo é uma ferramenta útil.,[sound:1298_tool.mp3]
wild,The wild animals live in the forest.,selvagem,Os animais selvagens vivem na floresta.,[sound:1299_wild.mp3]
vehicle,A car is a common vehicle.,veículo,Um carro é um veículo comum.,[sound:1300_vehicle.mp3]
to observe,We will observe the stars tonight.,observar,Vamos observar as estrelas esta noite.,[sound:1301_to_observe.mp3]
flight,The flight to London was long.,voo,O voo para Londres foi longo.,[sound:1302_flight.mp3]
inside,The cat is inside the house.,dentro,O gato está dentro da casa.,[sound:1303_inside.mp3]
facility,The school has a great sports facility.,instalação,A escola tem uma ótima instalação esportiva.,[sound:1304_facility.mp3]
understanding,She has a good understanding of math.,compreensão,Ela tem uma boa compreensão de matemática.,[sound:1305_understanding.mp3]
average,The average score in the test was seven.,média,A média das notas na prova foi sete.,[sound:1306_average.mp3]
to emerge,A butterfly will emerge from the cocoon.,emergir,Uma borboleta vai emergir do casulo.,[sound:1307_to_emerge.mp3]
advantage,Being tall is an advantage in basketball.,vantagem,Ser alto é uma vantagem no basquete.,[sound:1308_advantage.mp3]
quick,The quick fox jumped over the fence.,rápido,A raposa rápida pulou sobre a cerca.,[sound:1309_quick.mp3]
light,The light in the room is very bright.,luz,A luz no quarto é muito brilhante.,[sound:1310_light.mp3]
leadership,She showed great leadership in the project.,liderança,Ela mostrou grande liderança no projeto.,[sound:1311_leadership.mp3]
to earn,You can earn money by helping at home.,ganhar,Você pode ganhar dinheiro ajudando em casa.,[sound:1312_to_earn.mp3]
pound,A pound is a unit of weight.,libra,Uma libra é uma unidade de peso.,[sound:1313_pound.mp3]
basis,We clean the house on a weekly basis.,base,Limpamos a casa com base semanal.,[sound:1314_basis.mp3]
bright,The bright star lit up the sky.,brilhante,A estrela brilhante iluminou o céu.,[sound:1315_bright.mp3]
to operate,Only adults can operate this machine.,operar,Apenas adultos podem operar esta máquina.,[sound:1316_to_operate.mp3]
guest,We have a guest staying with us tonight.,convidado,Temos um convidado ficando conosco esta noite.,[sound:1317_guest.mp3]
sample,The doctor took a small blood sample.,amostra,O médico coletou uma pequena amostra de sangue.,[sound:1318_sample.mp3]
to contribute,Everyone can contribute ideas to the project.,contribuir,Todos podem contribuir com ideias para o projeto.,[sound:1319_to_contribute.mp3]
tiny,The tiny ant carried a big crumb.,minúsculo,A formiga minúscula carregou uma grande migalha.,[sound:1320_tiny.mp3]
block,She lives on the next block.,quarteirão,Ela mora no próximo quarteirão.,[sound:1321_block.mp3]
protection,A helmet gives protection to your head.,proteção,Um capacete dá proteção à sua cabeça.,[sound:1322_protection.mp3]
to settle,Let's settle this with a friendly game.,resolver,Vamos resolver isso com um jogo amigável.,[sound:1323_to_settle.mp3]
to feed,She likes to feed the ducks at the park.,alimentar,Ela gosta de alimentar os patos no parque.,[sound:1324_to_feed.mp3]
to collect,I love to collect colorful stamps.,colecionar,Eu adoro colecionar selos coloridos.,[sound:1325_to_collect.mp3]
additional,We need one additional chair for the guest.,adicional,Precisamos de uma cadeira adicional para o convidado.,[sound:1326_additional.mp3]
while,She read a book while it rained outside.,enquanto,Ela leu um livro enquanto chovia lá fora.,[sound:1327_while.mp3]
highly,This book is highly recommended by teachers.,altamente,Este livro é altamente recomendado pelos professores.,[sound:1328_highly.mp3]
identity,Your name is part of your identity.,identidade,Seu nome é parte da sua identidade.,[sound:1329_identity.mp3]
title,She chose a great title for her story.,título,Ela escolheu um ótimo título para sua história.,[sound:1330_title.mp3]
mostly,The students are mostly happy at school.,principalmente,Os alunos são principalmente felizes na escola.,[sound:1331_mostly.mp3]
lesson,Today's lesson was about the solar system.,lição,A lição de hoje foi sobre o sistema solar.,[sound:1332_lesson.mp3]
faith,He had faith that his team would win.,fé,Ele tinha fé que seu time venceria.,[sound:1333_faith.mp3]
river,The children swam in the cool river.,rio,As crianças nadaram no rio fresco.,[sound:1334_river.mp3]
to promote,The school will promote healthy eating habits.,promover,A escola vai promover hábitos alimentares saudáveis.,[sound:1335_to_promote.mp3]
living,She enjoys living near the ocean.,viver,Ela gosta de viver perto do oceano.,[sound:1336_living.mp3]
present,She was present at every class this week.,presente,Ela esteve presente em todas as aulas esta semana.,[sound:1337_present.mp3]
to count,Can you count to one hundred?,contar,Você consegue contar até cem?,[sound:1338_to_count.mp3]
unless,You cannot play unless you finish your homework.,a menos que,Você não pode brincar a menos que termine seu dever.,[sound:1339_unless.mp3]
to marry,They plan to marry next summer.,casar,Eles planejam casar no próximo verão.,[sound:1340_to_marry.mp3]
tomorrow,We will go to the beach tomorrow.,amanhã,Nós vamos à praia amanhã.,[sound:1341_tomorrow.mp3]
technique,He learned a new painting technique at school.,técnica,Ele aprendeu uma nova técnica de pintura na escola.,[sound:1342_technique.mp3]
path,Follow the path through the forest.,caminho,Siga o caminho pela floresta.,[sound:1343_path.mp3]
ear,The rabbit has one long ear.,orelha,O coelho tem uma orelha comprida.,[sound:1344_ear.mp3]
shop,Mom went to the shop to buy bread.,loja,A mamãe foi à loja comprar pão.,[sound:1345_shop.mp3]
folk,My grandma loves to sing folk songs.,folclore,Minha avó adora cantar músicas folclóricas.,[sound:1346_folk.mp3]
to order,Can I order a cheese pizza please?,pedir,Posso pedir uma pizza de queijo por favor?,[sound:1347_to_order.mp3]
principle,Honesty is an important principle in life.,princípio,A honestidade é um princípio importante na vida.,[sound:1348_principle.mp3]
to survive,Some animals survive in very cold weather.,sobreviver,Alguns animais sobrevivem em climas muito frios.,[sound:1349_to_survive.mp3]
to lift,Can you lift this heavy box?,levantar,Você consegue levantar esta caixa pesada?,[sound:1350_to_lift.mp3]
border,The river marks the border between the countries.,fronteira,O rio marca a fronteira entre os países.,[sound:1351_border.mp3]
competition,She won the competition at school.,competição,Ela ganhou a competição na escola.,[sound:1352_competition.mp3]
to jump,I like to jump on the trampoline.,pular,Eu gosto de pular na cama elástica.,[sound:1353_to_jump.mp3]
to gather,We gather leaves in the park.,juntar,Nós juntamos folhas no parque.,[sound:1354_to_gather.mp3]
to limit,Please limit your time on the phone.,limitar,Por favor limite seu tempo no telefone.,[sound:1355_to_limit.mp3]
to fit,These shoes fit my feet well.,caber,Esses sapatos cabem bem nos meus pés.,[sound:1356_to_fit.mp3]
claim,He made a claim about the prize.,afirmação,Ele fez uma afirmação sobre o prêmio.,[sound:1357_claim.mp3]
to cry,The baby started to cry loudly.,chorar,O bebê começou a chorar alto.,[sound:1358_to_cry.mp3]
equipment,The sports equipment is in the gym.,equipamento,O equipamento esportivo está na academia.,[sound:1359_equipment.mp3]
worth,This book is worth reading.,valor,Este livro tem valor para ler.,[sound:1360_worth.mp3]
to associate,We associate summer with hot weather.,associar,Nós associamos o verão ao calor.,[sound:1361_to_associate.mp3]
critic,The critic wrote about the new film.,crítico,O crítico escreveu sobre o novo filme.,[sound:1362_critic.mp3]
warm,The soup is warm and delicious.,quente,A sopa está quente e deliciosa.,[sound:1363_warm.mp3]
aspect,One aspect of school is homework.,aspecto,Um aspecto da escola é a lição de casa.,[sound:1364_aspect.mp3]
to result,Hard work can result in good grades.,resultar,O trabalho duro pode resultar em boas notas.,[sound:1365_to_result.mp3]
to insist,She will insist on finishing her food.,insistir,Ela vai insistir em terminar sua comida.,[sound:1366_to_insist.mp3]
failure,Failure teaches us important lessons.,fracasso,O fracasso nos ensina lições importantes.,[sound:1367_failure.mp3]
annual,The annual school fair was very fun.,anual,A feira escolar anual foi muito divertida.,[sound:1368_annual.mp3]
French,She is learning to speak French.,francês,Ela está aprendendo a falar francês.,[sound:1369_french.mp3]
Christmas,We open gifts on Christmas morning.,Natal,Nós abrimos presentes na manhã de Natal.,[sound:1370_christmas.mp3]
comment,He made a kind comment about my drawing.,comentário,Ele fez um comentário gentil sobre meu desenho.,[sound:1371_comment.mp3]
responsible,She is responsible for feeding the dog.,responsável,Ela é responsável por alimentar o cachorro.,[sound:1372_responsible.mp3]
affair,The school party was a happy affair.,assunto,A festa da escola foi um assunto feliz.,[sound:1373_affair.mp3]
to approach,Do not approach the angry dog.,aproximar,Não se aproxime do cachorro bravo.,[sound:1374_to_approach.mp3]
until,Wait here until I come back.,até,Espere aqui até eu voltar.,[sound:1375_until.mp3]
procedure,Follow the procedure to wash your hands.,procedimento,Siga o procedimento para lavar as mãos.,[sound:1376_procedure.mp3]
regular,She has a regular bedtime every night.,regular,Ela tem um horário regular de dormir.,[sound:1377_regular.mp3]
to spread,He likes to spread butter on bread.,espalhar,Ele gosta de espalhar manteiga no pão.,[sound:1378_to_spread.mp3]
chairman,The chairman opened the school meeting.,presidente,O presidente abriu a reunião da escola.,[sound:1379_chairman.mp3]
baseball,We played baseball in the park today.,beisebol,Nós jogamos beisebol no parque hoje.,[sound:1380_baseball.mp3]
soft,The pillow is very soft and cozy.,macio,O travesseiro é muito macio e aconchegante.,[sound:1381_soft.mp3]
to ignore,Please do not ignore your classmates.,ignorar,Por favor não ignore seus colegas de classe.,[sound:1382_to_ignore.mp3]
egg,She cracked an egg into the bowl.,ovo,Ela quebrou um ovo na tigela.,[sound:1383_egg.mp3]
to measure,We need to measure the table carefully.,medir,Nós precisamos medir a mesa com cuidado.,[sound:1384_to_measure.mp3]
belief,He has a strong belief in kindness.,crença,Ele tem uma forte crença na bondade.,[sound:1385_belief.mp3]
to demonstrate,She will demonstrate how to make bread.,demonstrar,Ela vai demonstrar como fazer pão.,[sound:1386_to_demonstrate.mp3]
anybody,Does anybody want more juice?,alguém,Alguém quer mais suco?,[sound:1387_anybody.mp3]
murder,The detective solved the mystery of the murder.,assassinato,O detetive resolveu o mistério do assassinato.,[sound:1388_murder.mp3]
gift,She gave me a beautiful gift today.,presente,Ela me deu um presente lindo hoje.,[sound:1389_gift.mp3]
religion,People practice religion in different ways.,religião,As pessoas praticam a religião de formas diferentes.,[sound:1390_religion.mp3]
review,He wrote a review of the new book.,análise,Ele escreveu uma análise do novo livro.,[sound:1391_review.mp3]
editor,The editor fixed the mistakes in the text.,editor,O editor corrigiu os erros no texto.,[sound:1392_editor.mp3]
past,In the past; people used horses to travel.,passado,No passado; as pessoas usavam cavalos para viajar.,[sound:1393_past.mp3]
to engage,Try to engage with your classmates more.,engajar,Tente se engajar mais com seus colegas.,[sound:1394_to_engage.mp3]
coffee,My mom drinks coffee every morning.,café,Minha mãe bebe café toda manhã.,[sound:1395_coffee.mp3]
document,Please sign this document carefully.,documento,Por favor assine este documento com cuidado.,[sound:1396_document.mp3]
speed,The car moved at high speed.,velocidade,O carro se moveu em alta velocidade.,[sound:1397_speed.mp3]
to cross,Look both ways before you cross the street.,atravessar,Olhe dos dois lados antes de atravessar a rua.,[sound:1398_to_cross.mp3]
influence,Good friends have a positive influence on us.,influência,Bons amigos têm uma influência positiva em nós.,[sound:1399_influence.mp3]
anyway,I was tired; but I went anyway.,de qualquer forma,Eu estava cansado; mas fui de qualquer forma.,[sound:1400_anyway.mp3]
to threaten,It is wrong to threaten other people.,ameaçar,É errado ameaçar outras pessoas.,[sound:1401_to_threaten.mp3]
to commit,She will commit to the project.,comprometer-se,Ela vai se comprometer com o projeto.,[sound:1402_to_commit.mp3]
female,The female bird is smaller.,fêmea,O pássaro fêmea é menor.,[sound:1403_female.mp3]
youth,Youth is a time to learn.,juventude,A juventude é um tempo para aprender.,[sound:1404_youth.mp3]
wave,She made a wave in the water.,onda,Ela fez uma onda na água.,[sound:1405_wave.mp3]
move,Please move your chair here.,mover,Por favor mova sua cadeira para cá.,[sound:1406_move.mp3]
afraid,The boy is afraid of spiders.,com medo,O menino está com medo de aranhas.,[sound:1407_afraid.mp3]
quarter,I ate a quarter of the cake.,quarto,Eu comi um quarto do bolo.,[sound:1408_quarter.mp3]
background,The sky is in the background.,fundo,O céu está no fundo.,[sound:1409_background.mp3]
native,She is a native speaker of English.,nativo,Ela é uma falante nativa de inglês.,[sound:1410_native.mp3]
broad,The river is very broad here.,largo,O rio é muito largo aqui.,[sound:1411_broad.mp3]
wonderful,We had a wonderful day today.,maravilhoso,Nós tivemos um dia maravilhoso hoje.,[sound:1412_wonderful.mp3]
to deny,He will deny the mistake.,negar,Ele vai negar o erro.,[sound:1413_to_deny.mp3]
apparently,Apparently she already left school.,aparentemente,Aparentemente ela já saiu da escola.,[sound:1414_apparently.mp3]
slightly,The soup is slightly too hot.,levemente,A sopa está levemente quente demais.,[sound:1415_slightly.mp3]
reaction,His reaction was very funny.,reação,A reação dele foi muito engraçada.,[sound:1416_reaction.mp3]
twice,I brushed my teeth twice today.,duas vezes,Eu escovei meus dentes duas vezes hoje.,[sound:1417_twice.mp3]
suit,He wore a blue suit to the party.,terno,Ele usou um terno azul na festa.,[sound:1418_suit.mp3]
perspective,Try to see it from my perspective.,perspectiva,Tente ver isso da minha perspectiva.,[sound:1419_perspective.mp3]
growing,The plant is growing very fast.,crescendo,A planta está crescendo muito rápido.,[sound:1420_growing.mp3]
to blow,The wind will blow the leaves away.,soprar,O vento vai soprar as folhas para longe.,[sound:1421_to_blow.mp3]
construction,The construction of the school is done.,construção,A construção da escola está pronta.,[sound:1422_construction.mp3]
kind,She is a very kind person.,gentil,Ela é uma pessoa muito gentil.,[sound:1423_kind.mp3]
intelligence,Dogs show a lot of intelligence.,inteligência,Os cães mostram muita inteligência.,[sound:1424_intelligence.mp3]
to destroy,Fire can destroy a forest quickly.,destruir,O fogo pode destruir uma floresta rapidamente.,[sound:1425_to_destroy.mp3]
to cook,I love to cook pasta for lunch.,cozinhar,Eu adoro cozinhar macarrão no almoço.,[sound:1426_to_cook.mp3]
connection,There is a strong connection between them.,conexão,Há uma forte conexão entre eles.,[sound:1427_connection.mp3]
to charge,Please charge your phone at night.,carregar,Por favor carregue seu celular à noite.,[sound:1428_to_charge.mp3]
to burn,Be careful not to burn your hand.,queimar,Tenha cuidado para não queimar sua mão.,[sound:1429_to_burn.mp3]
shoe,I lost one shoe at the park.,sapato,Eu perdi um sapato no parque.,[sound:1430_shoe.mp3]
to view,We can view the city from here.,ver,Podemos ver a cidade daqui.,[sound:1431_to_view.mp3]
grade,She got a great grade in math.,nota,Ela tirou uma ótima nota em matemática.,[sound:1432_grade.mp3]
context,Read the context before you answer.,contexto,Leia o contexto antes de responder.,[sound:1433_context.mp3]
committee,The committee met on Monday morning.,comitê,O comitê se reuniu na manhã de segunda.,[sound:1434_committee.mp3]
hey,Hey! Come and play with us!,ei,Ei! Venha brincar com a gente!,[sound:1435_hey.mp3]
mistake,Everyone makes a mistake sometimes.,erro,Todo mundo comete um erro às vezes.,[sound:1436_mistake.mp3]
focus,You need to focus during the test.,foco,Você precisa ter foco durante a prova.,[sound:1437_focus.mp3]
smile,Your smile makes everyone happy.,sorriso,Seu sorriso deixa todo mundo feliz.,[sound:1438_smile.mp3]
location,The school location is easy to find.,localização,A localização da escola é fácil de encontrar.,[sound:1439_location.mp3]
clothes,Put your clothes in the bag.,roupas,Coloque suas roupas na bolsa.,[sound:1440_clothes.mp3]
Indian,My friend loves Indian food.,indiano,Minha amiga adora comida indiana.,[sound:1441_indian.mp3]
quiet,Please be quiet in the library.,quieto,Por favor fique quieto na biblioteca.,[sound:1442_quiet.mp3]
to dress,She likes to dress in bright colors.,se vestir,Ela gosta de se vestir com cores vivas.,[sound:1443_to_dress.mp3]
to promise,I promise to be there on time.,prometer,Eu prometo estar lá na hora.,[sound:1444_to_promise.mp3]
aware,Be aware of cars on the street.,consciente,Seja consciente dos carros na rua.,[sound:1445_aware.mp3]
neighbor,My neighbor has a big friendly dog.,vizinho,Meu vizinho tem um cachorro grande e amigável.,[sound:1446_neighbor.mp3]
complete,Please complete the exercise in class.,completar,Por favor complete o exercício em sala.,[sound:1447_complete.mp3]
drive,My dad can drive very well.,dirigir,Meu pai sabe dirigir muito bem.,[sound:1448_drive.mp3]
function,Each button has a different function.,função,Cada botão tem uma função diferente.,[sound:1449_function.mp3]
bone,The dog buried the bone outside.,osso,O cachorro enterrou o osso lá fora.,[sound:1450_bone.mp3]
active,She is a very active student.,ativo,Ela é uma aluna muito ativa.,[sound:1451_active.mp3]
to extend,We need to extend the rope.,estender,Precisamos estender a corda.,[sound:1452_to_extend.mp3]
chief,The chief spoke to the tribe.,chefe,O chefe falou com a tribo.,[sound:1453_chief.mp3]
average,My average score is seven.,média,Minha nota média é sete.,[sound:1454_average.mp3]
to combine,Let us combine the colors.,combinar,Vamos combinar as cores.,[sound:1455_to_combine.mp3]
wine,My mom drinks wine at dinner.,vinho,Minha mãe bebe vinho no jantar.,[sound:1456_wine.mp3]
below,The cat is below the table.,abaixo,O gato está abaixo da mesa.,[sound:1457_below.mp3]
cool,The water is very cool today.,legal,A água está muito legal hoje.,[sound:1458_cool.mp3]
voter,Each voter chooses one candidate.,eleitor,Cada eleitor escolhe um candidato.,[sound:1459_voter.mp3]
mean,That word can mean many things.,significar,Essa palavra pode significar muitas coisas.,[sound:1460_mean.mp3]
to demand,The students demand more free time.,exigir,Os alunos exigem mais tempo livre.,[sound:1461_to_demand.mp3]
learning,Learning English is very fun.,aprendizado,O aprendizado de inglês é muito divertido.,[sound:1462_learning.mp3]
bus,I take the bus to school.,ônibus,Eu tomo o ônibus para a escola.,[sound:1463_bus.mp3]
hell,The book describes hell as very hot.,inferno,O livro descreve o inferno como muito quente.,[sound:1464_hell.mp3]
dangerous,That dog looks very dangerous.,perigoso,Aquele cachorro parece muito perigoso.,[sound:1465_dangerous.mp3]
to remind,Please remind me of the test.,lembrar,Por favor me lembre da prova.,[sound:1466_to_remind.mp3]
moral,The story has a good moral.,moral,A história tem uma boa moral.,[sound:1467_moral.mp3]
United,They are united as a team.,unidos,Eles estão unidos como uma equipe.,[sound:1468_united.mp3]
category,She won in the art category.,categoria,Ela ganhou na categoria de arte.,[sound:1469_category.mp3]
relatively,The test was relatively easy today.,relativamente,A prova foi relativamente fácil hoje.,[sound:1470_relatively.mp3]
victory,Our team celebrated the victory.,vitória,Nosso time celebrou a vitória.,[sound:1471_victory.mp3]
key,He lost the key to his house.,chave,Ele perdeu a chave de sua casa.,[sound:1472_key.mp3]
academic,She has a strong academic record.,acadêmico,Ela tem um bom histórico acadêmico.,[sound:1473_academic.mp3]
visit,We will visit our grandparents soon.,visita,Faremos uma visita aos nossos avós em breve.,[sound:1474_visit.mp3]
Internet,I use the Internet for homework.,Internet,Eu uso a Internet para a lição de casa.,[sound:1475_internet.mp3]
healthy,Eating fruits keeps you healthy.,saudável,Comer frutas te mantém saudável.,[sound:1476_healthy.mp3]
to fire,The boss had to fire the worker.,demitir,O chefe teve que demitir o trabalhador.,[sound:1477_to_fire.mp3]
negative,Try not to have negative thoughts.,negativo,Tente não ter pensamentos negativos.,[sound:1478_negative.mp3]
following,The following lesson is about math.,seguinte,A lição seguinte é sobre matemática.,[sound:1479_following.mp3]
historical,This is a historical building.,histórico,Este é um edifício histórico.,[sound:1480_historical.mp3]
medicine,She took medicine for her cold.,remédio,Ela tomou remédio para o resfriado.,[sound:1481_medicine.mp3]
tour,We went on a tour of the city.,passeio,Fizemos um passeio pela cidade.,[sound:1482_tour.mp3]
to depend,Results depend on your hard work.,depender,Os resultados dependem do seu esforço.,[sound:1483_to_depend.mp3]
photo,He took a photo of the sunset.,foto,Ele tirou uma foto do pôr do sol.,[sound:1484_photo.mp3]
finding,Her finding helped solve the problem.,descoberta,Sua descoberta ajudou a resolver o problema.,[sound:1485_finding.mp3]
to grab,Please grab your backpack now.,pegar,Por favor pegue sua mochila agora.,[sound:1486_to_grab.mp3]
direct,Take the direct road to school.,direto,Pegue o caminho direto para a escola.,[sound:1487_direct.mp3]
classroom,Our classroom has many windows.,sala de aula,Nossa sala de aula tem muitas janelas.,[sound:1488_classroom.mp3]
contact,Please contact me after class.,contato,Por favor entre em contato comigo após a aula.,[sound:1489_contact.mp3]
justice,Everyone deserves justice and respect.,justiça,Todos merecem justiça e respeito.,[sound:1490_justice.mp3]
to participate,All students must participate today.,participar,Todos os alunos devem participar hoje.,[sound:1491_to_participate.mp3]
daily,I have a daily reading routine.,diário,Eu tenho uma rotina diária de leitura.,[sound:1492_daily.mp3]
fair,The game must be fair for all.,justo,O jogo deve ser justo para todos.,[sound:1493_fair.mp3]
pair,I need a new pair of shoes.,par,Eu preciso de um novo par de sapatos.,[sound:1494_pair.mp3]
famous,She is a famous singer in Brazil.,famoso,Ela é uma cantora famosa no Brasil.,[sound:1495_famous.mp3]
exercise,Daily exercise is good for you.,exercício,O exercício diário faz bem para você.,[sound:1496_exercise.mp3]
knee,He hurt his knee during the game.,joelho,Ele machucou o joelho durante o jogo.,[sound:1497_knee.mp3]
flower,She gave me a beautiful flower.,flor,Ela me deu uma flor bonita.,[sound:1498_flower.mp3]
tape,Use tape to close the box.,fita,Use fita para fechar a caixa.,[sound:1499_tape.mp3]
to hire,They want to hire a new teacher.,contratar,Eles querem contratar um novo professor.,[sound:1500_to_hire.mp3]
familiar,This song sounds very familiar.,familiar,Essa música parece muito familiar.,[sound:1501_familiar.mp3]
appropriate,This behavior is appropriate at school.,apropriado,Este comportamento é apropriado na escola.,[sound:1502_appropriate.mp3]
supply,We need to supply water to everyone.,fornecer,Precisamos fornecer água para todos.,[sound:1503_supply.mp3]
fully,She is fully ready for the test.,completamente,Ela está completamente pronta para a prova.,[sound:1504_fully.mp3]
cut,He used scissors to cut the paper.,cortar,Ele usou tesoura para cortar o papel.,[sound:1505_cut.mp3]
will,I will go to the park tomorrow.,vontade,Eu vou ao parque amanhã.,[sound:1506_will.mp3]
actor,The actor performed on the big stage.,ator,O ator se apresentou no grande palco.,[sound:1507_actor.mp3]
birth,The birth of a baby is special.,nascimento,O nascimento de um bebê é especial.,[sound:1508_birth.mp3]
search,Let us search for the lost keys.,procurar,Vamos procurar as chaves perdidas.,[sound:1509_search.mp3]
to tie,I need to tie my shoes now.,amarrar,Eu preciso amarrar meu tênis agora.,[sound:1510_to_tie.mp3]
democracy,Democracy gives people the right to vote.,democracia,A democracia dá às pessoas o direito de votar.,[sound:1511_democracy.mp3]
eastern,The eastern sky is bright at sunrise.,leste,O céu a leste é claro ao amanhecer.,[sound:1512_eastern.mp3]
primary,Reading is a primary skill for students.,primário,A leitura é uma habilidade primária para alunos.,[sound:1513_primary.mp3]
yesterday,I played football yesterday with my friends.,ontem,Eu joguei futebol ontem com meus amigos.,[sound:1514_yesterday.mp3]
circle,Draw a circle on your paper.,círculo,Desenhe um círculo no seu papel.,[sound:1515_circle.mp3]
device,This device helps us watch videos.,dispositivo,Este dispositivo nos ajuda a assistir vídeos.,[sound:1516_device.mp3]
progress,She made great progress in math.,progresso,Ela fez um grande progresso em matemática.,[sound:1517_progress.mp3]
next,I will read the next chapter today.,próximo,Eu vou ler o próximo capítulo hoje.,[sound:1518_next.mp3]
front,She sat at the front of the class.,frente,Ela sentou na frente da sala.,[sound:1519_front.mp3]
bottom,The box is at the bottom of the pile.,fundo,A caixa está no fundo da pilha.,[sound:1520_bottom.mp3]
island,The island is surrounded by blue water.,ilha,A ilha é cercada de água azul.,[sound:1521_island.mp3]
exchange,We exchange gifts on special days.,trocar,Nós trocamos presentes em dias especiais.,[sound:1522_exchange.mp3]
clean,Please clean your room before dinner.,limpo,Por favor limpe seu quarto antes do jantar.,[sound:1523_clean.mp3]
studio,The artist works in a small studio.,estúdio,O artista trabalha em um pequeno estúdio.,[sound:1524_studio.mp3]
to train,Athletes train every day to get better.,treinar,Atletas treinam todos os dias para melhorar.,[sound:1525_to_train.mp3]
lady,The kind lady helped the lost child.,senhora,A gentil senhora ajudou a criança perdida.,[sound:1526_lady.mp3]
colleague,My colleague helped me with the project.,colega,Meu colega me ajudou com o projeto.,[sound:1527_colleague.mp3]
application,I downloaded a new application on my phone.,aplicativo,Eu baixei um novo aplicativo no meu celular.,[sound:1528_application.mp3]
neck,She wore a necklace around her neck.,pescoço,Ela usou um colar em volta do pescoço.,[sound:1529_neck.mp3]
to lean,Do not lean against the wet wall.,apoiar,Não se apoie na parede molhada.,[sound:1530_to_lean.mp3]
damage,The storm caused damage to the roof.,dano,A tempestade causou dano ao telhado.,[sound:1531_damage.mp3]
plastic,The bottle is made of plastic.,plástico,A garrafa é feita de plástico.,[sound:1532_plastic.mp3]
tall,The tall tree gives us shade.,alto,A árvore alta nos dá sombra.,[sound:1533_tall.mp3]
plate,Put the food on your plate please.,prato,Coloque a comida no seu prato por favor.,[sound:1534_plate.mp3]
to hate,It is wrong to hate other people.,odiar,É errado odiar outras pessoas.,[sound:1535_to_hate.mp3]
otherwise,Study hard; otherwise you may fail the test.,caso contrário,Estude muito; caso contrário você pode reprovar na prova.,[sound:1536_otherwise.mp3]
writing,Her writing is very neat and clear.,escrita,A escrita dela é muito organizada e clara.,[sound:1537_writing.mp3]
to press,Press the button to open the door.,apertar,Aperte o botão para abrir a porta.,[sound:1538_to_press.mp3]
male,The male lion has a big mane.,masculino,O leão masculino tem uma grande juba.,[sound:1539_male.mp3]
start,We will start class at eight o'clock.,início,Nós começaremos a aula às oito horas.,[sound:1540_start.mp3]
alive,The plant is still alive after a week.,vivo,A planta ainda está viva após uma semana.,[sound:1541_alive.mp3]
expression,Her expression showed she was very happy.,expressão,A expressão dela mostrou que estava muito feliz.,[sound:1542_expression.mp3]
football,We played football in the park today.,futebol,Nós jogamos futebol no parque hoje.,[sound:1543_football.mp3]
to intend,I intend to finish my homework early.,pretender,Eu pretendo terminar minha lição cedo.,[sound:1544_to_intend.mp3]
to attack,The dog did not attack the child.,atacar,O cachorro não atacou a criança.,[sound:1545_to_attack.mp3]
chicken,We had chicken and rice for lunch.,frango,Nós tivemos frango e arroz no almoço.,[sound:1546_chicken.mp3]
army,The army protects the country from danger.,exército,O exército protege o país do perigo.,[sound:1547_army.mp3]
abuse,It is wrong to abuse animals or people.,abuso,É errado o abuso de animais ou pessoas.,[sound:1548_abuse.mp3]
theater,We watched a play at the theater.,teatro,Nós assistimos a uma peça no teatro.,[sound:1549_theater.mp3]
to shut,Please shut the window; it is cold.,fechar,Por favor feche a janela; está frio.,[sound:1550_to_shut.mp3]
map,Use the map to find the school.,mapa,Use o mapa para encontrar a escola.,[sound:1551_map.mp3]
extra,I have an extra cookie for you.,extra,Eu tenho um biscoito extra para você.,[sound:1552_extra.mp3]
session,The study session was very long.,sessão,A sessão de estudo foi muito longa.,[sound:1553_session.mp3]
danger,The dog was in danger.,perigo,O cachorro estava em perigo.,[sound:1554_danger.mp3]
to welcome,We welcome our new friend today.,dar boas-vindas,Damos boas-vindas ao nosso novo amigo hoje.,[sound:1555_to_welcome.mp3]
domestic,A cat is a domestic animal.,doméstico,O gato é um animal doméstico.,[sound:1556_domestic.mp3]
lots,She has lots of colorful pens.,muitos,Ela tem muitos canetas coloridas.,[sound:1557_lots.mp3]
literature,I love reading literature books.,literatura,Eu adoro ler livros de literatura.,[sound:1558_literature.mp3]
rain,The rain made the streets wet.,chuva,A chuva deixou as ruas molhadas.,[sound:1559_rain.mp3]
desire,He has a desire to learn English.,desejo,Ele tem um desejo de aprender inglês.,[sound:1560_desire.mp3]
assessment,The teacher gave us an assessment today.,avaliação,A professora nos deu uma avaliação hoje.,[sound:1561_assessment.mp3]
injury,The player had a leg injury.,lesão,O jogador teve uma lesão na perna.,[sound:1562_injury.mp3]
respect,We must respect our teachers.,respeito,Devemos ter respeito pelos nossos professores.,[sound:1563_respect.mp3]
northern,Canada is in the northern part of America.,norte,O Canadá fica na parte norte da América.,[sound:1564_northern.mp3]
to nod,She began to nod her head yes.,acenar,Ela começou a acenar a cabeça dizendo sim.,[sound:1565_to_nod.mp3]
to paint,I like to paint colorful pictures.,pintar,Eu gosto de pintar quadros coloridos.,[sound:1566_to_paint.mp3]
fuel,The car needs fuel to move.,combustível,O carro precisa de combustível para se mover.,[sound:1567_fuel.mp3]
leaf,A green leaf fell from the tree.,folha,Uma folha verde caiu da árvore.,[sound:1568_leaf.mp3]
to direct,The teacher will direct the school play.,dirigir,A professora vai dirigir a peça da escola.,[sound:1569_to_direct.mp3]
dry,The clothes are dry after the sun.,seco,As roupas estão secas depois do sol.,[sound:1570_dry.mp3]
Russian,My friend speaks the Russian language.,russo,Meu amigo fala a língua russa.,[sound:1571_russian.mp3]
instruction,Follow each instruction carefully.,instrução,Siga cada instrução com cuidado.,[sound:1572_instruction.mp3]
fight,It is wrong to fight at school.,briga,É errado fazer briga na escola.,[sound:1573_fight.mp3]
pool,We swam in the pool all day.,piscina,Nadamos na piscina o dia todo.,[sound:1574_pool.mp3]
to climb,I love to climb tall trees.,escalar,Eu adoro escalar árvores altas.,[sound:1575_to_climb.mp3]
sweet,This mango is very sweet.,doce,Esta manga é muito doce.,[sound:1576_sweet.mp3]
lead,The captain will lead the team.,liderar,O capitão vai liderar o time.,[sound:1577_lead.mp3]
engine,The engine of the car is loud.,motor,O motor do carro é barulhento.,[sound:1578_engine.mp3]
fourth,I live on the fourth floor.,quarto,Eu moro no quarto andar.,[sound:1579_fourth.mp3]
salt,Please pass me the salt.,sal,Por favor me passe o sal.,[sound:1580_salt.mp3]
to expand,The school will expand next year.,expandir,A escola vai expandir no próximo ano.,[sound:1581_to_expand.mp3]
importance,Water has great importance for life.,importância,A água tem grande importância para a vida.,[sound:1582_importance.mp3]
metal,The spoon is made of metal.,metal,A colher é feita de metal.,[sound:1583_metal.mp3]
fat,The bear is very fat in winter.,gordo,O urso fica muito gordo no inverno.,[sound:1584_fat.mp3]
ticket,I bought a ticket for the show.,ingresso,Eu comprei um ingresso para o show.,[sound:1585_ticket.mp3]
software,This software helps me do my homework.,software,Este software me ajuda a fazer o dever.,[sound:1586_software.mp3]
to disappear,The rabbit seemed to disappear quickly.,desaparecer,O coelho pareceu desaparecer rapidamente.,[sound:1587_to_disappear.mp3]
corporate,My mom works in a corporate office.,corporativo,Minha mãe trabalha em um escritório corporativo.,[sound:1588_corporate.mp3]
strange,That was a very strange noise.,estranho,Aquele foi um barulho muito estranho.,[sound:1589_strange.mp3]
lip,She put gloss on her lip.,lábio,Ela colocou gloss no lábio.,[sound:1590_lip.mp3]
reading,Reading books makes you smarter.,leitura,A leitura de livros te deixa mais inteligente.,[sound:1591_reading.mp3]
urban,We live in an urban area.,urbano,Nós moramos em uma área urbana.,[sound:1592_urban.mp3]
mental,Exercise is good for mental health.,mental,O exercício é bom para a saúde mental.,[sound:1593_mental.mp3]
increasingly,School is increasingly more fun.,cada vez mais,A escola está cada vez mais divertida.,[sound:1594_increasingly.mp3]
lunch,I eat lunch at noon.,almoço,Eu como almoço ao meio-dia.,[sound:1595_lunch.mp3]
educational,This museum visit is very educational.,educativo,Essa visita ao museu é muito educativa.,[sound:1596_educational.mp3]
somewhere,My keys are somewhere in the house.,em algum lugar,Minhas chaves estão em algum lugar da casa.,[sound:1597_somewhere.mp3]
farmer,The farmer grows vegetables every day.,fazendeiro,O fazendeiro cultiva legumes todos os dias.,[sound:1598_farmer.mp3]
above,The bird flew above the clouds.,acima,O pássaro voou acima das nuvens.,[sound:1599_above.mp3]
sugar,Too much sugar is bad for teeth.,açúcar,Muito açúcar é ruim para os dentes.,[sound:1600_sugar.mp3]
planet,Earth is our home planet.,planeta,A Terra é o nosso planeta natal.,[sound:1601_planet.mp3]
favorite,My favorite color is blue.,favorito,Minha cor favorita é azul.,[sound:1602_favorite.mp3]
to explore,I love to explore new places.,explorar,Eu adoro explorar lugares novos.,[sound:1603_to_explore.mp3]
to obtain,She wants to obtain good grades.,obter,Ela quer obter boas notas.,[sound:1604_to_obtain.mp3]
enemy,The hero fought the enemy.,inimigo,O herói lutou contra o inimigo.,[sound:1605_enemy.mp3]
greatest,He is the greatest player here.,maior,Ele é o maior jogador aqui.,[sound:1606_greatest.mp3]
complex,This puzzle is very complex.,complexo,Este quebra-cabeça é muito complexo.,[sound:1607_complex.mp3]
to surround,Trees surround the small house.,cercar,Árvores cercam a casa pequena.,[sound:1608_to_surround.mp3]
athlete,The athlete runs very fast.,atleta,O atleta corre muito rápido.,[sound:1609_athlete.mp3]
to invite,I want to invite my friends.,convidar,Eu quero convidar meus amigos.,[sound:1610_to_invite.mp3]
to repeat,Please repeat the word slowly.,repetir,Por favor repita a palavra devagar.,[sound:1611_to_repeat.mp3]
carefully,She carefully carried the glass.,cuidadosamente,Ela carregou o copo cuidadosamente.,[sound:1612_carefully.mp3]
soul,Music touches the soul deeply.,alma,A música toca a alma profundamente.,[sound:1613_soul.mp3]
scientific,We did a scientific experiment today.,científico,Nós fizemos um experimento científico hoje.,[sound:1614_scientific.mp3]
impossible,Nothing is impossible if you try.,impossível,Nada é impossível se você tentar.,[sound:1615_impossible.mp3]
panel,The panel has four bright lights.,painel,O painel tem quatro luzes brilhantes.,[sound:1616_panel.mp3]
meaning,What is the meaning of this word?,significado,Qual é o significado desta palavra?,[sound:1617_meaning.mp3]
mom,My mom makes delicious food.,mãe,Minha mãe faz uma comida deliciosa.,[sound:1618_mom.mp3]
married,My aunt got married last year.,casado,Minha tia se casou no ano passado.,[sound:1619_married.mp3]
alone,He sat alone in the room.,sozinho,Ele ficou sozinho no quarto.,[sound:1620_alone.mp3]
instrument,The guitar is my favorite instrument.,instrumento,O violão é meu instrumento favorito.,[sound:1621_instrument.mp3]
to predict,Can you predict tomorrow's weather?,prever,Você consegue prever o tempo de amanhã?,[sound:1622_to_predict.mp3]
weather,The weather is sunny and warm.,tempo,O tempo está ensolarado e quente.,[sound:1623_weather.mp3]
presidential,The presidential speech was very long.,presidencial,O discurso presidencial foi muito longo.,[sound:1624_presidential.mp3]
emotional,She felt emotional at the ceremony.,emocional,Ela ficou emocionada na cerimônia.,[sound:1625_emotional.mp3]
commitment,He showed great commitment to school.,compromisso,Ele mostrou grande compromisso com a escola.,[sound:1626_commitment.mp3]
Supreme,The Supreme Court made a decision.,Supremo,O Supremo Tribunal tomou uma decisão.,[sound:1627_supreme.mp3]
to bear,He cannot bear the loud noise.,suportar,Ele não consegue suportar o barulho alto.,[sound:1628_to_bear.mp3]
pocket,I keep my coins in my pocket.,bolso,Eu guardo minhas moedas no bolso.,[sound:1629_pocket.mp3]
thin,The thin book fits in my bag.,fino,O livro fino cabe na minha mochila.,[sound:1630_thin.mp3]
temperature,The temperature today is very high.,temperatura,A temperatura hoje está muito alta.,[sound:1631_temperature.mp3]
surprise,The party was a big surprise.,surpresa,A festa foi uma grande surpresa.,[sound:1632_surprise.mp3]
poll,The class poll chose pizza as favorite.,votação,A votação da turma escolheu pizza como favorita.,[sound:1633_poll.mp3]
proposal,She made a proposal to the group.,proposta,Ela fez uma proposta ao grupo.,[sound:1634_proposal.mp3]
consequence,Lying has a bad consequence.,consequência,Mentir tem uma consequência ruim.,[sound:1635_consequence.mp3]
half,I ate half of my sandwich.,metade,Eu comi metade do meu sanduíche.,[sound:1636_half.mp3]
breath,Take a deep breath and relax.,respiração,Respire fundo e relaxe.,[sound:1637_breath.mp3]
sight,The view was a beautiful sight.,visão,A paisagem era uma visão linda.,[sound:1638_sight.mp3]
cover,Please cover the pot with a lid.,tampa,Por favor cubra a panela com uma tampa.,[sound:1639_cover.mp3]
balance,She kept her balance on the rock.,equilíbrio,Ela manteve o equilíbrio na pedra.,[sound:1640_balance.mp3]
to adopt,They decided to adopt a puppy.,adotar,Eles decidiram adotar um filhote.,[sound:1641_to_adopt.mp3]
minority,A minority of students chose math.,minoria,Uma minoria dos alunos escolheu matemática.,[sound:1642_minority.mp3]
straight,Draw a straight line on the paper.,reto,Desenhe uma linha reta no papel.,[sound:1643_straight.mp3]
to attempt,He will attempt to climb the wall.,tentar,Ele vai tentar escalar a parede.,[sound:1644_to_attempt.mp3]
to connect,We can connect the two pieces easily.,conectar,Podemos conectar as duas peças facilmente.,[sound:1645_to_connect.mp3]
works,This machine works very well.,funciona,Esta máquina funciona muito bem.,[sound:1646_works.mp3]
teaching,Teaching children is a wonderful job.,ensinar,Ensinar crianças é um trabalho maravilhoso.,[sound:1647_teaching.mp3]
to belong,This book does not belong to me.,pertencer,Este livro não pertence a mim.,[sound:1648_to_belong.mp3]
aid,The doctor gave aid to the patient.,ajuda,O médico deu ajuda ao paciente.,[sound:1649_aid.mp3]
advice,My teacher gave me good advice.,conselho,Minha professora me deu um bom conselho.,[sound:1650_advice.mp3]
okay,Everything is going to be okay.,tudo bem,Tudo vai ficar tudo bem.,[sound:1651_okay.mp3]
photograph,I took a photograph of my dog.,fotografia,Eu tirei uma fotografia do meu cachorro.,[sound:1652_photograph.mp3]
empty,The box is empty.,vazio,A caixa está vazia.,[sound:1653_empty.mp3]
regional,She speaks a regional dialect.,regional,Ela fala um dialeto regional.,[sound:1654_regional.mp3]
trail,We walked on the forest trail.,trilha,Nós caminhamos na trilha da floresta.,[sound:1655_trail.mp3]
novel,I read a novel last week.,romance,Eu li um romance semana passada.,[sound:1656_novel.mp3]
code,He wrote a secret code.,código,Ele escreveu um código secreto.,[sound:1657_code.mp3]
somehow,She somehow found the lost key.,de alguma forma,Ela de alguma forma achou a chave perdida.,[sound:1658_somehow.mp3]
to organize,I need to organize my room.,organizar,Eu preciso organizar meu quarto.,[sound:1659_to_organize.mp3]
jury,The jury made a decision.,júri,O júri tomou uma decisão.,[sound:1660_jury.mp3]
breast,The bird has a red breast.,peito,O pássaro tem um peito vermelho.,[sound:1661_breast.mp3]
Iraqi,The Iraqi flag has three colors.,iraquiano,A bandeira iraquiana tem três cores.,[sound:1662_iraqi.mp3]
human,Every human needs water to live.,humano,Todo humano precisa de água para viver.,[sound:1663_human.mp3]
to acknowledge,He did acknowledge his mistake.,reconhecer,Ele reconheceu seu erro.,[sound:1664_to_acknowledge.mp3]
theme,The theme of the party is jungle.,tema,O tema da festa é selva.,[sound:1665_theme.mp3]
storm,A big storm hit the city.,tempestade,Uma grande tempestade atingiu a cidade.,[sound:1666_storm.mp3]
union,The workers formed a union.,sindicato,Os trabalhadores formaram um sindicato.,[sound:1667_union.mp3]
to record,She wants to record a song.,gravar,Ela quer gravar uma música.,[sound:1668_to_record.mp3]
desk,My books are on my desk.,escrivaninha,Meus livros estão na minha escrivaninha.,[sound:1669_desk.mp3]
to fear,Children often fear the dark.,temer,Crianças frequentemente temem o escuro.,[sound:1670_to_fear.mp3]
thanks,He said thanks after the gift.,obrigado,Ele disse obrigado depois do presente.,[sound:1671_thanks.mp3]
fruit,An apple is a sweet fruit.,fruta,A maçã é uma fruta doce.,[sound:1672_fruit.mp3]
under,The cat is under the table.,embaixo,O gato está embaixo da mesa.,[sound:1673_under.mp3]
expensive,That bicycle is very expensive.,caro,Aquela bicicleta é muito cara.,[sound:1674_expensive.mp3]
yellow,The sun is big and yellow.,amarelo,O sol é grande e amarelo.,[sound:1675_yellow.mp3]
conclusion,We reached a conclusion at last.,conclusão,Nós chegamos a uma conclusão por fim.,[sound:1676_conclusion.mp3]
prime,Health is of prime importance.,principal,A saúde é de principal importância.,[sound:1677_prime.mp3]
shadow,The tree made a long shadow.,sombra,A árvore fez uma longa sombra.,[sound:1678_shadow.mp3]
to struggle,He had to struggle to win.,lutar,Ele teve que lutar para vencer.,[sound:1679_to_struggle.mp3]
to conclude,We conclude the class with songs.,concluir,Nós concluímos a aula com músicas.,[sound:1680_to_conclude.mp3]
analyst,The analyst studied the numbers carefully.,analista,O analista estudou os números cuidadosamente.,[sound:1681_analyst.mp3]
dance,She loves to dance every day.,dança,Ela adora dançar todo dia.,[sound:1682_dance.mp3]
limit,There is a speed limit here.,limite,Há um limite de velocidade aqui.,[sound:1683_limit.mp3]
like,I like to eat pizza.,gostar,Eu gosto de comer pizza.,[sound:1684_like.mp3]
regulation,The new regulation helps keep order.,regulamento,O novo regulamento ajuda a manter a ordem.,[sound:1685_regulation.mp3]
being,Every being needs food and water.,ser,Todo ser precisa de comida e água.,[sound:1686_being.mp3]
to last,How long will the game last?,durar,Quanto tempo vai durar o jogo?,[sound:1687_to_last.mp3]
ring,She wears a gold ring.,anel,Ela usa um anel de ouro.,[sound:1688_ring.mp3]
largely,The plan was largely a success.,em grande parte,O plano foi em grande parte um sucesso.,[sound:1689_largely.mp3]
to shift,He had to shift his plans.,mudar,Ele teve que mudar seus planos.,[sound:1690_to_shift.mp3]
revenue,The school raised revenue with events.,receita,A escola gerou receita com eventos.,[sound:1691_revenue.mp3]
to mark,Please mark the correct answer.,marcar,Por favor marque a resposta correta.,[sound:1692_to_mark.mp3]
to locate,Can you locate the city on the map?,localizar,Você consegue localizar a cidade no mapa?,[sound:1693_to_locate.mp3]
county,She lives in a small county.,município,Ela mora em um município pequeno.,[sound:1694_county.mp3]
appearance,His appearance changed after the haircut.,aparência,A aparência dele mudou depois do corte.,[sound:1695_appearance.mp3]
package,A package arrived at our door.,pacote,Um pacote chegou à nossa porta.,[sound:1696_package.mp3]
difficulty,He had difficulty solving the problem.,dificuldade,Ele teve dificuldade para resolver o problema.,[sound:1697_difficulty.mp3]
bridge,We crossed the old bridge slowly.,ponte,Nós cruzamos a velha ponte devagar.,[sound:1698_bridge.mp3]
to recommend,I recommend this book to you.,recomendar,Eu recomendo este livro para você.,[sound:1699_to_recommend.mp3]
obvious,The answer was obvious to everyone.,óbvio,A resposta foi óbvia para todos.,[sound:1700_obvious.mp3]
train,The train arrives at eight o'clock.,trem,O trem chega às oito horas.,[sound:1701_train.mp3]
basically,It is basically a simple game.,basicamente,É basicamente um jogo simples.,[sound:1702_basically.mp3]
e-mail,She sent me an e-mail today.,e-mail,Ela me mandou um e-mail hoje.,[sound:1703_e-mail.mp3]
to generate,This machine can generate electricity.,gerar,Esta máquina pode gerar eletricidade.,[sound:1704_to_generate.mp3]
anymore,I do not live here anymore.,mais,Eu não moro mais aqui.,[sound:1705_anymore.mp3]
to propose,He wants to propose a new idea.,propor,Ele quer propor uma nova ideia.,[sound:1706_to_propose.mp3]
thinking,She is thinking about her homework.,pensando,Ela está pensando na tarefa.,[sound:1707_thinking.mp3]
possibly,We can possibly go to the park.,possivelmente,Podemos possivelmente ir ao parque.,[sound:1708_possibly.mp3]
trend,This color is a new trend.,tendência,Esta cor é uma nova tendência.,[sound:1709_trend.mp3]
visitor,The visitor came from another city.,visitante,O visitante veio de outra cidade.,[sound:1710_visitor.mp3]
loan,He got a loan from the bank.,empréstimo,Ele pegou um empréstimo no banco.,[sound:1711_loan.mp3]
currently,She is currently reading a book.,atualmente,Ela está atualmente lendo um livro.,[sound:1712_currently.mp3]
comfortable,This sofa is very comfortable.,confortável,Este sofá é muito confortável.,[sound:1713_comfortable.mp3]
investor,The investor put money in the company.,investidor,O investidor colocou dinheiro na empresa.,[sound:1714_investor.mp3]
but,I like cats but not dogs.,mas,Eu gosto de gatos mas não de cachorros.,[sound:1715_but.mp3]
profit,The shop made a big profit.,lucro,A loja teve um grande lucro.,[sound:1716_profit.mp3]
angry,He was angry after the game.,irritado,Ele ficou irritado depois do jogo.,[sound:1717_angry.mp3]
crew,The crew worked on the ship.,tripulação,A tripulação trabalhou no navio.,[sound:1718_crew.mp3]
deep,The lake is very deep.,fundo,O lago é muito fundo.,[sound:1719_deep.mp3]
accident,There was an accident on the road.,acidente,Houve um acidente na estrada.,[sound:1720_accident.mp3]
male,The male lion is very strong.,macho,O leão macho é muito forte.,[sound:1721_male.mp3]
meal,We had a great meal together.,refeição,Tivemos uma ótima refeição juntos.,[sound:1722_meal.mp3]
hearing,The doctor checked her hearing today.,audição,O médico verificou sua audição hoje.,[sound:1723_hearing.mp3]
traffic,There is a lot of traffic today.,trânsito,Há muito trânsito hoje.,[sound:1724_traffic.mp3]
muscle,He hurt a muscle during practice.,músculo,Ele machucou um músculo durante o treino.,[sound:1725_muscle.mp3]
notion,She had no notion of the answer.,noção,Ela não tinha noção da resposta.,[sound:1726_notion.mp3]
to capture,They want to capture the moment.,capturar,Eles querem capturar o momento.,[sound:1727_to_capture.mp3]
to prefer,I prefer juice over soda.,preferir,Eu prefiro suco a refrigerante.,[sound:1728_to_prefer.mp3]
truly,She is truly a great friend.,verdadeiramente,Ela é verdadeiramente uma grande amiga.,[sound:1729_truly.mp3]
earth,The earth moves around the sun.,terra,A terra se move ao redor do sol.,[sound:1730_earth.mp3]
Japanese,She is learning Japanese at school.,japonês,Ela está aprendendo japonês na escola.,[sound:1731_japanese.mp3]
chest,He felt pain in his chest.,peito,Ele sentiu dor no peito.,[sound:1732_chest.mp3]
to search,Let us search for the answer.,pesquisar,Vamos pesquisar a resposta.,[sound:1733_to_search.mp3]
thick,This book is very thick.,grosso,Este livro é muito grosso.,[sound:1734_thick.mp3]
cash,He paid with cash at the store.,dinheiro,Ele pagou com dinheiro na loja.,[sound:1735_cash.mp3]
museum,We visited the museum on Friday.,museu,Visitamos o museu na sexta-feira.,[sound:1736_museum.mp3]
beauty,The beauty of the forest is amazing.,beleza,A beleza da floresta é incrível.,[sound:1737_beauty.mp3]
emergency,Call for help in an emergency.,emergência,Peça ajuda em uma emergência.,[sound:1738_emergency.mp3]
unique,Every person has a unique story.,único,Cada pessoa tem uma história única.,[sound:1739_unique.mp3]
to feature,The show will feature a new singer.,apresentar,O show vai apresentar um novo cantor.,[sound:1740_to_feature.mp3]
internal,The internal parts of the clock are small.,interno,As partes internas do relógio são pequenas.,[sound:1741_internal.mp3]
ethnic,The festival had ethnic food and music.,étnico,O festival teve comida e música étnica.,[sound:1742_ethnic.mp3]
to link,You can link the two ideas together.,ligar,Você pode ligar as duas ideias.,[sound:1743_to_link.mp3]
stress,Too much work can cause stress.,estresse,Muito trabalho pode causar estresse.,[sound:1744_stress.mp3]
content,She is content with her grade.,satisfeita,Ela está satisfeita com sua nota.,[sound:1745_content.mp3]
to select,Please select your favorite color.,selecionar,Por favor selecione sua cor favorita.,[sound:1746_to_select.mp3]
root,The root of the tree is strong.,raiz,A raiz da árvore é forte.,[sound:1747_root.mp3]
nose,She has a small nose.,nariz,Ela tem um nariz pequeno.,[sound:1748_nose.mp3]
to declare,He had to declare his name.,declarar,Ele teve que declarar seu nome.,[sound:1749_to_declare.mp3]
outside,The children are playing outside.,fora,As crianças estão brincando fora.,[sound:1750_outside.mp3]
to appreciate,I appreciate your help today.,apreciar,Eu aprecio sua ajuda hoje.,[sound:1751_to_appreciate.mp3]
actual,The actual answer is different.,real,A resposta real é diferente.,[sound:1752_actual.mp3]
bottle,She drinks water from a bottle.,garrafa,Ela bebe água de uma garrafa.,[sound:1753_bottle.mp3]
hardly,He can hardly see the board.,mal,Ele mal consegue ver o quadro.,[sound:1754_hardly.mp3]
setting,The setting of the story is a forest.,cenário,O cenário da história é uma floresta.,[sound:1755_setting.mp3]
to launch,They will launch a new game today.,lançar,Eles vão lançar um novo jogo hoje.,[sound:1756_to_launch.mp3]
dress,She wore a blue dress to the party.,vestido,Ela usou um vestido azul na festa.,[sound:1757_dress.mp3]
file,Please save the file on your computer.,arquivo,Por favor salve o arquivo no seu computador.,[sound:1758_file.mp3]
sick,He stayed home because he felt sick.,doente,Ele ficou em casa porque se sentiu doente.,[sound:1759_sick.mp3]
outcome,The outcome of the game was a surprise.,resultado,O resultado do jogo foi uma surpresa.,[sound:1760_outcome.mp3]
ad,I saw an ad for a new toy.,anúncio,Eu vi um anúncio de um brinquedo novo.,[sound:1761_ad.mp3]
to defend,A good friend will defend you.,defender,Um bom amigo vai te defender.,[sound:1762_to_defend.mp3]
to matter,Your feelings matter a lot.,importar,Seus sentimentos importam muito.,[sound:1763_to_matter.mp3]
to judge,It is not fair to judge others.,julgar,Não é justo julgar os outros.,[sound:1764_to_judge.mp3]
duty,It is your duty to be honest.,dever,É seu dever ser honesto.,[sound:1765_duty.mp3]
sheet,She put a clean sheet on the bed.,lençol,Ela colocou um lençol limpo na cama.,[sound:1766_sheet.mp3]
ought,You ought to study for the test.,dever,Você deve estudar para a prova.,[sound:1767_ought.mp3]
to ensure,Lock the door to ensure your safety.,garantir,Tranche a porta para garantir sua segurança.,[sound:1768_to_ensure.mp3]
Catholic,She goes to a Catholic school.,católico,Ela estuda em uma escola católica.,[sound:1769_catholic.mp3]
extremely,The weather is extremely cold today.,extremamente,O tempo está extremamente frio hoje.,[sound:1770_extremely.mp3]
extent,To some extent he is right.,extensão,Até certa extensão ele está certo.,[sound:1771_extent.mp3]
component,This is an important component of the machine.,componente,Este é um componente importante da máquina.,[sound:1772_component.mp3]
to mix,Mix the flour and the eggs together.,misturar,Misture a farinha e os ovos juntos.,[sound:1773_to_mix.mp3]
long-term,Exercise has long-term benefits for your health.,longo prazo,Exercício tem benefícios a longo prazo para a saúde.,[sound:1774_long-term.mp3]
slow,The turtle is very slow.,lento,A tartaruga é muito lenta.,[sound:1775_slow.mp3]
contrast,The contrast between day and night is clear.,contraste,O contraste entre o dia e a noite é claro.,[sound:1776_contrast.mp3]
zone,Do not enter the danger zone.,zona,Não entre na zona de perigo.,[sound:1777_zone.mp3]
to wake,I wake up early every morning.,acordar,Eu acordo cedo toda manhã.,[sound:1778_to_wake.mp3]
to challenge,She likes to challenge herself every day.,desafiar,Ela gosta de se desafiar todos os dias.,[sound:1779_to_challenge.mp3]
airport,We arrived at the airport very early.,aeroporto,Chegamos ao aeroporto muito cedo.,[sound:1780_airport.mp3]
chief,The chief of the team made the decision.,chefe,O chefe da equipe tomou a decisão.,[sound:1781_chief.mp3]
brown,The dog has brown fur.,marrom,O cachorro tem pelo marrom.,[sound:1782_brown.mp3]
standard,The standard of the work was very high.,padrão,O padrão do trabalho era muito alto.,[sound:1783_standard.mp3]
shirt,He wore a white shirt to school.,camisa,Ele usou uma camisa branca na escola.,[sound:1784_shirt.mp3]
pilot,The pilot landed the plane safely.,piloto,O piloto pousou o avião com segurança.,[sound:1785_pilot.mp3]
to warn,Mom warned me about the hot stove.,avisar,Mamãe me avisou sobre o fogão quente.,[sound:1786_to_warn.mp3]
ultimately,Ultimately she chose the red dress.,finalmente,Finalmente ela escolheu o vestido vermelho.,[sound:1787_ultimately.mp3]
cat,My cat sleeps on the sofa.,gato,Meu gato dorme no sofá.,[sound:1788_cat.mp3]
contribution,His contribution to the project was great.,contribuição,Sua contribuição para o projeto foi ótima.,[sound:1789_contribution.mp3]
capacity,The stadium has a large capacity.,capacidade,O estádio tem uma grande capacidade.,[sound:1790_capacity.mp3]
ourselves,We made the cake ourselves.,nós mesmos,Nós mesmos fizemos o bolo.,[sound:1791_ourselves.mp3]
estate,The family owns a large estate.,propriedade,A família possui uma grande propriedade.,[sound:1792_estate.mp3]
guide,The guide showed us the museum.,guia,O guia nos mostrou o museu.,[sound:1793_guide.mp3]
circumstance,In this circumstance you must be careful.,circunstância,Nesta circunstância você deve ter cuidado.,[sound:1794_circumstance.mp3]
snow,The children played in the snow.,neve,As crianças brincaram na neve.,[sound:1795_snow.mp3]
English,She speaks English very well.,inglês,Ela fala inglês muito bem.,[sound:1796_english.mp3]
politician,The politician gave a speech to the crowd.,político,O político fez um discurso para a multidão.,[sound:1797_politician.mp3]
to steal,It is wrong to steal from others.,roubar,É errado roubar dos outros.,[sound:1798_to_steal.mp3]
to pursue,He wants to pursue his dream of singing.,perseguir,Ele quer perseguir seu sonho de cantar.,[sound:1799_to_pursue.mp3]
to slip,Be careful not to slip on the ice.,escorregar,Cuidado para não escorregar no gelo.,[sound:1800_to_slip.mp3]
percentage,A large percentage of students passed the test.,porcentagem,Uma grande porcentagem de alunos passou na prova.,[sound:1801_percentage.mp3]
meat,I like to eat meat for lunch.,carne,Eu gosto de comer carne no almoço.,[sound:1802_meat.mp3]
funny,That clown is very funny.,engraçado,Aquele palhaço é muito engraçado.,[sound:1803_funny.mp3]
neither,I like neither cats nor dogs.,nenhum dos dois,Eu não gosto nem de gatos nem de cachorros.,[sound:1804_neither.mp3]
soil,Plants grow in the soil.,solo,As plantas crescem no solo.,[sound:1805_soil.mp3]
to influence,Good books can influence your life.,influenciar,Bons livros podem influenciar sua vida.,[sound:1806_to_influence.mp3]
surgery,The doctor performed a long surgery.,cirurgia,O médico realizou uma longa cirurgia.,[sound:1807_surgery.mp3]
correct,Your answer is correct.,correto,Sua resposta está correta.,[sound:1808_correct.mp3]
Jewish,She celebrates Jewish holidays with family.,judeu,Ela celebra feriados judeus com a família.,[sound:1809_jewish.mp3]
to blame,Do not blame others for your mistakes.,culpar,Não culpe os outros pelos seus erros.,[sound:1810_to_blame.mp3]
to estimate,Can you estimate how many apples are here?,estimar,Você consegue estimar quantas maçãs há aqui?,[sound:1811_to_estimate.mp3]
due,The homework is due tomorrow.,devido,A lição de casa deve ser entregue amanhã.,[sound:1812_due.mp3]
basketball,He plays basketball every Saturday.,basquete,Ele joga basquete todo sábado.,[sound:1813_basketball.mp3]
late,She arrived late to school.,atrasado,Ela chegou atrasada à escola.,[sound:1814_late.mp3]
golf,My grandfather loves to play golf.,golfe,Meu avô adora jogar golfe.,[sound:1815_golf.mp3]
to investigate,The police will investigate the case.,investigar,A polícia vai investigar o caso.,[sound:1816_to_investigate.mp3]
crazy,That idea sounds a little crazy.,louco,Essa ideia parece um pouco louca.,[sound:1817_crazy.mp3]
significantly,Her grades improved significantly this year.,significativamente,Suas notas melhoraram significativamente este ano.,[sound:1818_significantly.mp3]
chain,The dog is on a chain.,corrente,O cachorro está preso a uma corrente.,[sound:1819_chain.mp3]
address,What is your home address?,endereço,Qual é o seu endereço de casa?,[sound:1820_address.mp3]
branch,A bird sat on the branch.,galho,Um pássaro pousou no galho.,[sound:1821_branch.mp3]
combination,That is a great combination of colors.,combinação,Essa é uma ótima combinação de cores.,[sound:1822_combination.mp3]
just,I just finished my homework.,acabei de,Eu acabei de terminar minha lição de casa.,[sound:1823_just.mp3]
frequently,She frequently reads books before bed.,frequentemente,Ela frequentemente lê livros antes de dormir.,[sound:1824_frequently.mp3]
governor,The governor spoke to the students.,governador,O governador falou com os estudantes.,[sound:1825_governor.mp3]
relief,It was a relief to find my bag.,alívio,Foi um alívio encontrar minha bolsa.,[sound:1826_relief.mp3]
user,Each user needs a password.,usuário,Cada usuário precisa de uma senha.,[sound:1827_user.mp3]
dad,My dad makes great pancakes.,pai,Meu pai faz panquecas deliciosas.,[sound:1828_dad.mp3]
to kick,He tried to kick the ball hard.,chutar,Ele tentou chutar a bola com força.,[sound:1829_to_kick.mp3]
part,This is the best part of the movie.,parte,Esta é a melhor parte do filme.,[sound:1830_part.mp3]
manner,Please speak in a polite manner.,maneira,Por favor fale de maneira educada.,[sound:1831_manner.mp3]
ancient,We studied ancient civilizations in class.,antigo,Nós estudamos civilizações antigas na aula.,[sound:1832_ancient.mp3]
silence,The teacher asked for silence.,silêncio,A professora pediu silêncio.,[sound:1833_silence.mp3]
rating,This movie has a high rating.,classificação,Este filme tem uma classificação alta.,[sound:1834_rating.mp3]
golden,The golden sun set over the hills.,dourado,O sol dourado se pôs sobre as colinas.,[sound:1835_golden.mp3]
motion,The motion of the waves was calming.,movimento,O movimento das ondas era tranquilizante.,[sound:1836_motion.mp3]
German,She is learning the German language.,alemão,Ela está aprendendo o idioma alemão.,[sound:1837_german.mp3]
gender,The form asks for your name and gender.,gênero,O formulário pede seu nome e gênero.,[sound:1838_gender.mp3]
to solve,Can you solve this math problem?,resolver,Você consegue resolver este problema de matemática?,[sound:1839_to_solve.mp3]
fee,There is a small fee to enter.,taxa,Há uma pequena taxa para entrar.,[sound:1840_fee.mp3]
landscape,The landscape was covered in green trees.,paisagem,A paisagem estava coberta de árvores verdes.,[sound:1841_landscape.mp3]
used,This bicycle is used but still good.,usado,Esta bicicleta é usada mas ainda está boa.,[sound:1842_used.mp3]
bowl,She ate a bowl of soup.,tigela,Ela comeu uma tigela de sopa.,[sound:1843_bowl.mp3]
equal,Everyone deserves equal respect.,igual,Todos merecem respeito igual.,[sound:1844_equal.mp3]
long,It was a long and tiring day.,longo,Foi um dia longo e cansativo.,[sound:1845_long.mp3]
official,The official results will come tomorrow.,oficial,Os resultados oficiais virão amanhã.,[sound:1846_official.mp3]
forth,She walked back and forth nervously.,para frente,Ela caminhou para frente e para trás nervosamente.,[sound:1847_forth.mp3]
frame,He put the photo in a frame.,moldura,Ele colocou a foto em uma moldura.,[sound:1848_frame.mp3]
typical,This is a typical Brazilian breakfast.,típico,Este é um café da manhã típico brasileiro.,[sound:1849_typical.mp3]
except,Everyone came except my best friend.,exceto,Todo mundo veio exceto meu melhor amigo.,[sound:1850_except.mp3]
conservative,My grandfather has conservative values.,conservador,Meu avô tem valores conservadores.,[sound:1851_conservative.mp3]
to eliminate,We need to eliminate all the bugs.,eliminar,Precisamos eliminar todos os insetos.,[sound:1852_to_eliminate.mp3]
host,The host welcomed all the guests.,anfitrião,O anfitrião recebeu todos os convidados.,[sound:1853_host.mp3]
hall,We walked through the school hall.,corredor,Caminhamos pelo corredor da escola.,[sound:1854_hall.mp3]
to trust,You can trust your best friend.,confiar,Você pode confiar no seu melhor amigo.,[sound:1855_to_trust.mp3]
ocean,The ocean is deep and blue.,oceano,O oceano é profundo e azul.,[sound:1856_ocean.mp3]
to score,He wants to score in the game.,marcar,Ele quer marcar no jogo.,[sound:1857_to_score.mp3]
row,We sat in the front row.,fileira,Nós sentamos na primeira fileira.,[sound:1858_row.mp3]
producer,The producer made a great film.,produtor,O produtor fez um ótimo filme.,[sound:1859_producer.mp3]
to afford,She cannot afford a new bike.,pagar,Ela não pode pagar uma bicicleta nova.,[sound:1860_to_afford.mp3]
meanwhile,Meanwhile; the dog slept outside.,enquanto isso,Enquanto isso; o cachorro dormiu lá fora.,[sound:1861_meanwhile.mp3]
regime,The old regime had strict rules.,regime,O antigo regime tinha regras rígidas.,[sound:1862_regime.mp3]
division,Division is harder than addition.,divisão,Divisão é mais difícil que adição.,[sound:1863_division.mp3]
to confirm,Please confirm your answer now.,confirmar,Por favor; confirme sua resposta agora.,[sound:1864_to_confirm.mp3]
to fix,Dad will fix the broken chair.,consertar,Papai vai consertar a cadeira quebrada.,[sound:1865_to_fix.mp3]
appeal,The colorful poster has great appeal.,apelo,O cartaz colorido tem grande apelo.,[sound:1866_appeal.mp3]
mirror,She looked at herself in the mirror.,espelho,Ela se olhou no espelho.,[sound:1867_mirror.mp3]
tooth,My tooth hurts a little today.,dente,Meu dente dói um pouco hoje.,[sound:1868_tooth.mp3]
smart,That was a very smart answer.,inteligente,Essa foi uma resposta muito inteligente.,[sound:1869_smart.mp3]
length,The length of the rope is short.,comprimento,O comprimento da corda é curto.,[sound:1870_length.mp3]
entirely,I entirely agree with your idea.,completamente,Eu concordo completamente com sua ideia.,[sound:1871_entirely.mp3]
to rely,You can rely on your teacher.,depender,Você pode depender do seu professor.,[sound:1872_to_rely.mp3]
topic,The topic of our talk is animals.,tópico,O tópico da nossa conversa é animais.,[sound:1873_topic.mp3]
to complain,Try not to complain about homework.,reclamar,Tente não reclamar de dever de casa.,[sound:1874_to_complain.mp3]
to issue,The school will issue new books.,emitir,A escola vai emitir livros novos.,[sound:1875_to_issue.mp3]
variable,The temperature is a variable factor.,variável,A temperatura é um fator variável.,[sound:1876_variable.mp3]
to back,Friends should always back each other.,apoiar,Amigos devem sempre apoiar uns aos outros.,[sound:1877_to_back.mp3]
to range,Prices range from low to high.,variar,Os preços variam de baixo a alto.,[sound:1878_to_range.mp3]
telephone,She answered the telephone quickly.,telefone,Ela atendeu o telefone rapidamente.,[sound:1879_telephone.mp3]
perception,His perception of color is different.,percepção,A percepção de cor dele é diferente.,[sound:1880_perception.mp3]
to attract,Flowers attract bees and butterflies.,atrair,Flores atraem abelhas e borboletas.,[sound:1881_to_attract.mp3]
confidence,Practice gives you more confidence.,confiança,A prática te dá mais confiança.,[sound:1882_confidence.mp3]
bedroom,My bedroom has a big window.,quarto,Meu quarto tem uma janela grande.,[sound:1883_bedroom.mp3]
secret,Can you keep a secret?,segredo,Você consegue guardar um segredo?,[sound:1884_secret.mp3]
debt,He paid his debt to the store.,dívida,Ele pagou sua dívida com a loja.,[sound:1885_debt.mp3]
rare,That is a rare and special bird.,raro,Esse é um pássaro raro e especial.,[sound:1886_rare.mp3]
his,His dog is very friendly.,dele,O cachorro dele é muito amigável.,[sound:1887_his.mp3]
tank,The fish tank is clean and clear.,tanque,O tanque de peixes está limpo e claro.,[sound:1888_tank.mp3]
nurse,The nurse helped the sick child.,enfermeira,A enfermeira ajudou a criança doente.,[sound:1889_nurse.mp3]
coverage,The news coverage was very long.,cobertura,A cobertura de notícias foi muito longa.,[sound:1890_coverage.mp3]
opposition,The opposition team played very well.,oposição,O time de oposição jogou muito bem.,[sound:1891_opposition.mp3]
aside,She stepped aside to let him pass.,de lado,Ela se afastou de lado para ele passar.,[sound:1892_aside.mp3]
anywhere,You can sit anywhere you like.,em qualquer lugar,Você pode sentar em qualquer lugar.,[sound:1893_anywhere.mp3]
bond,There is a strong bond between them.,laço,Há um laço forte entre eles.,[sound:1894_bond.mp3]
to file,Please file these papers in order.,arquivar,Por favor; arquive esses papéis em ordem.,[sound:1895_to_file.mp3]
pleasure,Reading is a great pleasure.,prazer,Ler é um grande prazer.,[sound:1896_pleasure.mp3]
master,He is a master at painting.,mestre,Ele é um mestre em pintura.,[sound:1897_master.mp3]
era,We live in the era of computers.,era,Vivemos na era dos computadores.,[sound:1898_era.mp3]
requirement,A pen is a requirement for class.,requisito,Uma caneta é um requisito para a aula.,[sound:1899_requirement.mp3]
check,Always check your work before finishing.,verificar,Sempre verifique seu trabalho antes de terminar.,[sound:1900_check.mp3]
stand,Please stand up and say your name.,ficar de pé,Por favor; fique de pé e diga seu nome.,[sound:1901_stand.mp3]
