"lemon"|"Can I have a slice of lemon in my water?"|"limão(substantivo)"|"Posso ter uma rodela de limão na minha água?"
"length"|"What's the length of the table?"|"comprimento(substantivo)"|"Qual é o comprimento da mesa?"
"lens"|"I cracked the lens on my glasses."|"lente(substantivo)"|"Eu rachei a lente dos meus óculos."
"less"|"I've been sleeping less lately."|"menos(advérbio)"|"Tenho dormido menos ultimamente."
"less"|"We have less time than I thought."|"menos(determinante)"|"Temos menos tempo do que eu pensava."
"lesson"|"The piano lesson lasts one hour."|"aula(substantivo)"|"A aula de piano dura uma hora."
"letter"|"She got a letter in the mail today."|"carta(substantivo)"|"Ela recebeu uma carta pelo correio hoje."
"level"|"The water level is rising."|"nível(substantivo)"|"O nível da água está subindo."
"level"|"Make sure the shelf is level before you screw it in."|"nivelado(adjetivo)"|"Certifique-se de que a prateleira está nivelada antes de parafusar."
"liability"|"The company denied any liability for the accident."|"responsabilidade legal(substantivo)"|"A empresa negou qualquer responsabilidade legal pelo acidente."
"liberal"|"She has very liberal views on education."|"liberal(adjetivo)"|"Ela tem visões bem liberais sobre educação."
"liberal"|"He's always been a liberal."|"liberal(substantivo)"|"Ele sempre foi um liberal."
"liberty"|"Freedom of speech is a fundamental liberty."|"liberdade(substantivo)"|"A liberdade de expressão é uma liberdade fundamental."
"library"|"I returned the books to the library."|"biblioteca(substantivo)"|"Eu devolvi os livros à biblioteca."
"license"|"He lost his driver's license after the accident."|"carteira de habilitação(substantivo)"|"Ele perdeu a carteira de habilitação depois do acidente."
"lid"|"Can you put the lid back on the pot?"|"tampa(substantivo)"|"Você pode colocar a tampa de volta na panela?"
"lie"|"Everything he told her was a lie."|"mentira(substantivo)"|"Tudo que ele disse a ela era mentira."
"life"|"She dedicated her life to helping others."|"vida(substantivo)"|"Ela dedicou a vida a ajudar os outros."
"lifestyle"|"Moving to the countryside changed his lifestyle completely."|"estilo de vida(substantivo)"|"Mudar para o interior mudou completamente o estilo de vida dele."
"lifetime"|"This is a once-in-a-lifetime opportunity."|"vida toda(substantivo)"|"Essa é uma oportunidade única na vida."
"light"|"The light in this room is too dim."|"luz(substantivo)"|"A luz nesse cômodo está fraca demais."
"light"|"This bag is surprisingly light."|"leve(adjetivo)"|"Essa bolsa é surpreendentemente leve."
"light"|"We arrived light on supplies."|"com pouco(preposição)"|"Chegamos com poucos suprimentos."
"lighting"|"The lighting at the restaurant was very romantic."|"iluminação(substantivo)"|"A iluminação do restaurante era muito romântica."
"lightly"|"She tapped him lightly on the shoulder."|"levemente(advérbio)"|"Ela bateu levemente no ombro dele."
"lightning"|"We saw lightning in the distance."|"relâmpago(substantivo)"|"Vimos relâmpagos ao longe."
"like"|"She looks just like her mother."|"igual a(preposição)"|"Ela é igualzinha à mãe."
"like"|"It feels like it's going to rain."|"como se(conjunção)"|"Parece que vai chover."
"like"|"They have like interests in music."|"semelhante(adjetivo)"|"Eles têm gostos musicais semelhantes."
"like"|"I never felt like this before."|"assim(advérbio)"|"Nunca me senti assim antes."
"likelihood"|"There's a high likelihood of rain tomorrow."|"probabilidade(substantivo)"|"Há uma grande probabilidade de chuva amanhã."
"likely"|"She's the most likely candidate for the job."|"provável(adjetivo)"|"Ela é a candidata mais provável para o cargo."
"likely"|"He'll most likely be late."|"provavelmente(advérbio)"|"Ele provavelmente vai se atrasar."
"likewise"|"She smiled, and he did likewise."|"da mesma forma(advérbio)"|"Ela sorriu, e ele fez o mesmo."
"limb"|"The surgeon had to remove the injured limb."|"membro(substantivo)"|"O cirurgião teve que amputar o membro lesionado."
"limit"|"There's a speed limit of 30 here."|"limite(substantivo)"|"Há um limite de velocidade de 30 aqui."
"limitation"|"Everyone has their limitations."|"limitação(substantivo)"|"Todo mundo tem suas limitações."
"limited"|"We have a limited amount of time."|"limitado(adjetivo)"|"Temos uma quantidade limitada de tempo."
"line"|"There's a long line at the checkout."|"fila(substantivo)"|"Tem uma fila grande no caixa."
"link"|"Is there a link between stress and illness?"|"ligação(substantivo)"|"Existe uma ligação entre estresse e doença?"
"lion"|"A lion roared in the distance."|"leão(substantivo)"|"Um leão rugiu ao longe."
"lip"|"She bit her lip nervously."|"lábio(substantivo)"|"Ela mordeu o lábio de nervoso."
"liquid"|"Drink plenty of liquid when you're sick."|"líquido(substantivo)"|"Beba bastante líquido quando estiver doente."
"liquid"|"The chocolate became liquid in the heat."|"líquido(adjetivo)"|"O chocolate ficou líquido com o calor."
"list"|"I made a shopping list before going to the store."|"lista(substantivo)"|"Eu fiz uma lista de compras antes de ir ao mercado."
"listener"|"She's a great listener."|"ouvinte(substantivo)"|"Ela é ótima ouvinte."
"literally"|"The whole city literally shut down during the storm."|"literalmente(advérbio)"|"A cidade literalmente parou durante a tempestade."
"literary"|"She has a deep literary knowledge."|"literário(adjetivo)"|"Ela tem um vasto conhecimento literário."
"literature"|"He studied English literature in college."|"literatura(substantivo)"|"Ele estudou literatura inglesa na faculdade."
"little"|"There's very little food left in the fridge."|"pouco(adjetivo)"|"Tem muito pouca comida na geladeira."
"little"|"She speaks little English, but she's learning fast."|"pouco(advérbio)"|"Ela fala pouco inglês, mas está aprendendo rápido."
"little"|"We have little time before the meeting starts."|"pouco(determinante)"|"Temos pouco tempo antes da reunião começar."
"live"|"The concert is live tonight."|"ao vivo(adjetivo)"|"O show é ao vivo hoje à noite."
"liver"|"The doctor said my liver is healthy."|"fígado(substantivo)"|"O médico disse que meu fígado está saudável."
"living"|"She makes a living as a freelance designer."|"sustento(substantivo)"|"Ela ganha a vida como designer freelancer."
"living"|"My living room is small but cozy."|"de estar(adjetivo)"|"Minha sala de estar é pequena, mas aconchegante."
"load"|"That's a heavy load to carry by yourself."|"carga(substantivo)"|"Essa é uma carga pesada para carregar sozinho."
"loan"|"He took out a loan to buy his first car."|"empréstimo(substantivo)"|"Ele fez um empréstimo para comprar seu primeiro carro."
"lobby"|"Let's meet in the hotel lobby at noon."|"saguão(substantivo)"|"Vamos nos encontrar no saguão do hotel ao meio-dia."
"local"|"I prefer to shop at local stores."|"local(adjetivo)"|"Prefiro comprar em lojas locais."
"location"|"The restaurant has a great location downtown."|"localização(substantivo)"|"O restaurante tem uma ótima localização no centro."
"lock"|"Make sure you check the lock before you leave."|"fechadura(substantivo)"|"Certifique-se de verificar a fechadura antes de sair."
"log"|"They found a hollow log near the river."|"tronco(substantivo)"|"Eles encontraram um tronco oco perto do rio."
"logic"|"There's no logic in what he said."|"lógica(substantivo)"|"Não há lógica no que ele disse."
"logical"|"That's the most logical solution to the problem."|"lógico(adjetivo)"|"Essa é a solução mais lógica para o problema."
"lonely"|"She felt lonely after moving to a new city."|"solitário(adjetivo)"|"Ela se sentiu solitária depois de se mudar para uma nova cidade."
"long"|"It was a long day at work."|"longo(adjetivo)"|"Foi um dia longo no trabalho."
"long"|"Have you been waiting long?"|"muito tempo(advérbio)"|"Você está esperando há muito tempo?"
"long"|"You can borrow it as long as you return it."|"contanto que(conjunção)"|"Você pode pegar emprestado contanto que devolva."
"long-term"|"They made a long-term plan for the business."|"de longo prazo(adjetivo)"|"Eles fizeram um plano de longo prazo para o negócio."
"longtime"|"She's a longtime friend of the family."|"de longa data(adjetivo)"|"Ela é uma amiga de longa data da família."
"look"|"The look on his face said everything."|"expressão(substantivo)"|"A expressão no rosto dele disse tudo."
"loop"|"The road makes a loop around the lake."|"volta(substantivo)"|"A estrada faz uma volta ao redor do lago."
"loose"|"This shirt is too loose on me."|"folgado(adjetivo)"|"Essa camisa está folgada demais em mim."
"loss"|"The team dealt with their first loss of the season."|"derrota(substantivo)"|"O time lidou com sua primeira derrota da temporada."
"lost"|"He looked completely lost in the new neighborhood."|"perdido(adjetivo)"|"Ele parecia completamente perdido no novo bairro."
"lot"|"There's a lot of food left from the party."|"muito(substantivo)"|"Tem muito comida sobrando da festa."
"lots"|"Lots of people showed up to the event."|"muitos(pronome)"|"Muitas pessoas apareceram para o evento."
"loud"|"The music next door is too loud."|"alto(adjetivo)"|"A música do vizinho está muito alta."
"loud"|"He laughed loud enough for everyone to hear."|"alto(advérbio)"|"Ele riu alto o suficiente para todos ouvirem."
"love"|"She has a deep love for animals."|"amor(substantivo)"|"Ela tem um amor profundo pelos animais."
"lovely"|"What a lovely day to go for a walk."|"lindo(adjetivo)"|"Que dia lindo para dar uma caminhada."
"lover"|"He's always been a lover of good music."|"amante(substantivo)"|"Ele sempre foi um amante de boa música."
"low"|"The battery is low on my phone."|"baixo(adjetivo)"|"A bateria do meu celular está baixa."
"low"|"She spoke low so no one else could hear."|"baixo(advérbio)"|"Ela falou baixo para que ninguém mais pudesse ouvir."
"loyal"|"He's been a loyal employee for over ten years."|"leal(adjetivo)"|"Ele é um funcionário leal há mais de dez anos."
"loyalty"|"Her loyalty to her friends never wavered."|"lealdade(substantivo)"|"A lealdade dela para com seus amigos nunca vacilou."
"luck"|"We'll need a lot of luck to win this game."|"sorte(substantivo)"|"Vamos precisar de muita sorte para ganhar esse jogo."
"lucky"|"You're lucky you found a parking spot here."|"sortudo(adjetivo)"|"Você teve sorte de encontrar uma vaga aqui."
"lunch"|"We had sandwiches for lunch."|"almoço(substantivo)"|"Comemos sanduíches no almoço."
"lung"|"Smoking seriously damages your lungs."|"pulmão(substantivo)"|"Fumar prejudica seriamente seus pulmões."
"machine"|"The washing machine broke down this morning."|"máquina(substantivo)"|"A máquina de lavar quebrou esta manhã."
"mad"|"She was mad at him for forgetting their anniversary."|"com raiva(adjetivo)"|"Ela estava com raiva dele por ter esquecido o aniversário."
"magazine"|"I picked up a magazine while waiting at the doctor's."|"revista(substantivo)"|"Peguei uma revista enquanto esperava no médico."
"magic"|"The show had a magic atmosphere that night."|"mágico(adjetivo)"|"O show tinha uma atmosfera mágica naquela noite."
"magic"|"The kids were amazed by the magician's magic."|"mágica(substantivo)"|"As crianças ficaram impressionadas com a mágica do mágico."
"magnetic"|"He has a magnetic personality that draws people in."|"magnético(adjetivo)"|"Ele tem uma personalidade magnética que atrai as pessoas."
"magnitude"|"They didn't understand the magnitude of the problem."|"magnitude(substantivo)"|"Eles não entenderam a magnitude do problema."
"mail"|"There's some mail for you on the table."|"correspondência(substantivo)"|"Tem uma correspondência para você na mesa."
"main"|"What's the main reason you want to change jobs?"|"principal(adjetivo)"|"Qual é o principal motivo pelo qual você quer mudar de emprego?"
"mainly"|"I mainly use my phone to listen to music."|"principalmente(advérbio)"|"Eu principalmente uso meu celular para ouvir música."
"mainstream"|"Pop music is very mainstream these days."|"popular/convencional(adjetivo)"|"A música pop é muito convencional hoje em dia."
"maintenance"|"The elevator is out of service for maintenance."|"manutenção(substantivo)"|"O elevador está fora de serviço para manutenção."
"major"|"Moving to a new city was a major change in my life."|"grande/importante(adjetivo)"|"Mudar para uma nova cidade foi uma grande mudança na minha vida."
"major"|"She chose history as her major."|"especialização/área principal(substantivo)"|"Ela escolheu história como sua especialização."
"majority"|"The majority of students passed the test."|"maioria(substantivo)"|"A maioria dos alunos passou na prova."
"maker"|"He's a furniture maker who works with wood."|"fabricante/fazedor(substantivo)"|"Ele é um marceneiro que trabalha com madeira."
"makeup"|"She puts on makeup before leaving the house."|"maquiagem(substantivo)"|"Ela passa maquiagem antes de sair de casa."
"male"|"The male lion has a large mane."|"macho(adjetivo)"|"O leão macho tem uma juba grande."
"male"|"The nurse asked if the patient was a male or female."|"homem/macho(substantivo)"|"A enfermeira perguntou se o paciente era homem ou mulher."
"mall"|"We spent the afternoon at the mall."|"shopping(substantivo)"|"Passamos a tarde no shopping."
"man"|"A tall man was standing at the door."|"homem(substantivo)"|"Um homem alto estava parado na porta."
"management"|"The management decided to cut costs."|"gerência/administração(substantivo)"|"A gerência decidiu cortar custos."
"manager"|"I need to speak with the manager."|"gerente(substantivo)"|"Preciso falar com o gerente."
"managing"|"She has a managing role at the company."|"gestor/de gestão(adjetivo)"|"Ela tem um cargo de gestão na empresa."
"mandate"|"The new law was a government mandate."|"mandato/ordem(substantivo)"|"A nova lei era uma ordem do governo."
"manner"|"He spoke in a very calm manner."|"maneira/modo(substantivo)"|"Ele falou de uma maneira muito calma."
"mansion"|"The old mansion at the end of the street was abandoned."|"mansão(substantivo)"|"A mansão antiga no fim da rua estava abandonada."
"manual"|"I lost the manual for the washing machine."|"manual(substantivo)"|"Perdi o manual da máquina de lavar."
"manufacturer"|"The manufacturer offers a two-year warranty."|"fabricante(substantivo)"|"O fabricante oferece dois anos de garantia."
"manufacturing"|"The city relies heavily on manufacturing jobs."|"fabricação/indústria(substantivo)"|"A cidade depende muito dos empregos na indústria."
"many"|"How many people are coming to the party?"|"muitos(determinante)"|"Quantas pessoas vão vir à festa?"
"map"|"We looked at the map to find the hotel."|"mapa(substantivo)"|"Olhamos o mapa para encontrar o hotel."
"marble"|"The kitchen counter is made of marble."|"mármore(substantivo)"|"A bancada da cozinha é feita de mármore."
"margin"|"She wrote notes in the margin of her notebook."|"margem(substantivo)"|"Ela escreveu notas na margem do caderno."
"marine"|"He studied marine biology in college."|"marinho(adjetivo)"|"Ele estudou biologia marinha na faculdade."
"mark"|"There's a red mark on your shirt."|"marca/mancha(substantivo)"|"Tem uma mancha vermelha na sua camisa."
"marker"|"Can I borrow a marker to label these boxes?"|"marcador(substantivo)"|"Posso pegar um marcador emprestado para etiquetar essas caixas?"
"market"|"We buy fresh vegetables at the local market."|"mercado(substantivo)"|"Compramos legumes frescos no mercado local."
"marketing"|"She works in marketing for a tech company."|"marketing(substantivo)"|"Ela trabalha com marketing em uma empresa de tecnologia."
"marketplace"|"You can sell handmade items on the online marketplace."|"mercado/plataforma de vendas(substantivo)"|"Você pode vender itens artesanais na plataforma de vendas online."
"marriage"|"Their marriage lasted over forty years."|"casamento(substantivo)"|"O casamento deles durou mais de quarenta anos."
"married"|"They got married last summer."|"casado(adjetivo)"|"Eles se casaram no verão passado."
"mask"|"Everyone had to wear a mask inside the hospital."|"máscara(substantivo)"|"Todos tinham que usar máscara dentro do hospital."
"mass"|"The mass of the package was too heavy to carry."|"massa/peso(substantivo)"|"A massa do pacote era pesada demais para carregar."
"mass"|"The storm caused mass destruction across the region."|"em massa/generalizado(adjetivo)"|"A tempestade causou destruição generalizada em toda a região."
"massive"|"That's a massive dog — what breed is it?"|"enorme/gigante(adjetivo)"|"Que cachorro enorme — que raça é essa?"
"master"|"He's a master at fixing old cars."|"mestre/especialista(substantivo)"|"Ele é um mestre em consertar carros antigos."
"match"|"We watched the soccer match together."|"jogo/partida(substantivo)"|"Assistimos à partida de futebol juntos."
"mate"|"He's been my best mate since kindergarten."|"amigo/parceiro(substantivo)"|"Ele é meu melhor amigo desde o jardim de infância."
"material"|"The jacket is made from a waterproof material."|"material/tecido(substantivo)"|"A jaqueta é feita de um material impermeável."
"math"|"My daughter is really good at math."|"matemática(substantivo)"|"Minha filha é muito boa em matemática."
"mathematics"|"He got a degree in mathematics."|"matemática(substantivo)"|"Ele se formou em matemática."
"matter"|"It's a personal matter — I'd rather not talk about it."|"assunto/questão(substantivo)"|"É um assunto pessoal — prefiro não falar sobre isso."
"matter"|"No matter what happens, I'll be here."|"importar(verbo)"|"Não importa o que aconteça, estarei aqui."
"maximum"|"The maximum speed on this road is 60 mph."|"máximo(adjetivo)"|"A velocidade máxima nesta estrada é 60 mph."
"may"|"You may leave the room when you're done."|"poder/ser permitido(verbo modal)"|"Você pode sair da sala quando terminar."
"maybe"|"Maybe we should try the other restaurant."|"talvez(advérbio)"|"Talvez a gente deva tentar o outro restaurante."
"mayor"|"The mayor gave a speech at the opening ceremony."|"prefeito(substantivo)"|"O prefeito fez um discurso na cerimônia de abertura."
"me"|"Can you hear me?"|"me/mim(pronome)"|"Você consegue me ouvir?"
"meal"|"We have three meals a day."|"refeição(substantivo)"|"Fazemos três refeições por dia."
"mean"|"I don't understand your mean."|"significado(substantivo)"|"Não entendo o seu significado."
"mean"|"Don't be so mean to your sister."|"cruel/malvado(adjetivo)"|"Não seja tão cruel com sua irmã."
"meaning"|"What's the meaning of this word?"|"significado(substantivo)"|"Qual é o significado desta palavra?"
"meaningful"|"She gave him a meaningful look."|"significativo(adjetivo)"|"Ela lançou um olhar significativo para ele."
"meantime"|"In the meantime, let's grab some coffee."|"intervalo/ínterim(substantivo)"|"Enquanto isso, vamos tomar um café."
"meanwhile"|"She cooked dinner. Meanwhile, he set the table."|"enquanto isso(advérbio)"|"Ela fez o jantar. Enquanto isso, ele pôs a mesa."
"measure"|"We need to take a measure of the room."|"medida(substantivo)"|"Precisamos tirar uma medida do quarto."
"measurement"|"The measurement of the window is 1.2 meters."|"medição(substantivo)"|"A medição da janela é 1,2 metro."
"meat"|"I don't eat red meat."|"carne(substantivo)"|"Eu não como carne vermelha."
"mechanic"|"The mechanic fixed my car in an hour."|"mecânico(substantivo)"|"O mecânico consertou meu carro em uma hora."
"mechanical"|"We had a mechanical problem on the highway."|"mecânico(adjetivo)"|"Tivemos um problema mecânico na rodovia."
"mechanism"|"The locking mechanism is broken."|"mecanismo(substantivo)"|"O mecanismo de travamento está quebrado."
"medal"|"She won a gold medal at the Olympics."|"medalha(substantivo)"|"Ela ganhou uma medalha de ouro nas Olimpíadas."
"media"|"The media covered the story all week."|"mídia(substantivo)"|"A mídia cobriu a história a semana toda."
"medical"|"He needs medical attention right away."|"médico(adjetivo)"|"Ele precisa de atenção médica imediatamente."
"medication"|"Take this medication twice a day."|"medicamento(substantivo)"|"Tome este medicamento duas vezes por dia."
"medicine"|"Is there any medicine for a sore throat?"|"remédio(substantivo)"|"Tem algum remédio para dor de garganta?"
"medium"|"Television is a powerful medium."|"meio/veículo(substantivo)"|"A televisão é um poderoso meio de comunicação."
"medium"|"I'd like a medium coffee, please."|"médio(adjetivo)"|"Quero um café médio, por favor."
"meeting"|"The meeting starts at nine."|"reunião(substantivo)"|"A reunião começa às nove."
"member"|"She's a member of the gym."|"membro(substantivo)"|"Ela é membro da academia."
"membership"|"I canceled my membership last month."|"associação/mensalidade(substantivo)"|"Cancelei minha associação no mês passado."
"memory"|"I have a great memory for names."|"memória(substantivo)"|"Tenho uma ótima memória para nomes."
"mental"|"Exercise is good for your mental health."|"mental(adjetivo)"|"Exercício é bom para sua saúde mental."
"mentally"|"She was mentally exhausted after the exam."|"mentalmente(advérbio)"|"Ela estava mentalmente esgotada depois da prova."
"mention"|"There was no mention of the accident in the news."|"menção(substantivo)"|"Não houve nenhuma menção ao acidente nas notícias."
"mentor"|"My mentor helped me get my first job."|"mentor(substantivo)"|"Meu mentor me ajudou a conseguir meu primeiro emprego."
"menu"|"Can I see the menu, please?"|"cardápio(substantivo)"|"Posso ver o cardápio, por favor?"
"merchant"|"The merchant sold spices at the market."|"comerciante(substantivo)"|"O comerciante vendia especiarias no mercado."
"mere"|"It cost a mere ten dollars."|"mero(adjetivo)"|"Custou meros dez dólares."
"merely"|"I was merely trying to help."|"simplesmente(advérbio)"|"Eu estava simplesmente tentando ajudar."
"merit"|"The idea has a lot of merit."|"mérito(substantivo)"|"A ideia tem muito mérito."
"mess"|"Your room is a total mess."|"bagunça(substantivo)"|"Seu quarto é uma bagunça total."
"message"|"Did you get my message?"|"mensagem(substantivo)"|"Você recebeu minha mensagem?"
"metal"|"The fence is made of metal."|"metal(substantivo)"|"A cerca é feita de metal."
"metaphor"|"Life is a journey is a common metaphor."|"metáfora(substantivo)"|"'A vida é uma jornada' é uma metáfora comum."
"meter"|"The pool is fifty meters long."|"metro(substantivo)"|"A piscina tem cinquenta metros de comprimento."
"method"|"This method saves a lot of time."|"método(substantivo)"|"Este método economiza muito tempo."
"metropolitan"|"São Paulo is a major metropolitan area."|"metropolitano(adjetivo)"|"São Paulo é uma grande área metropolitana."
"Mexican"|"I love Mexican food."|"mexicano(adjetivo)"|"Adoro comida mexicana."
"middle"|"She sat in the middle seat."|"do meio(adjetivo)"|"Ela sentou no assento do meio."
"middle"|"There's a fountain in the middle of the square."|"meio/centro(substantivo)"|"Tem uma fonte no meio da praça."
"middle-class"|"They live in a middle-class neighborhood."|"classe média(adjetivo)"|"Eles moram em um bairro de classe média."
"midnight"|"The party went on past midnight."|"meia-noite(substantivo)"|"A festa foi até depois da meia-noite."
"midst"|"In the midst of the chaos, she stayed calm."|"meio/centro(substantivo)"|"Em meio ao caos, ela ficou tranquila."
"might"|"It might rain this afternoon."|"poder/talvez(verbo modal)"|"Pode ser que chova hoje à tarde."
"migration"|"Bird migration happens every fall."|"migração(substantivo)"|"A migração das aves acontece todo outono."
"mild"|"The weather is mild this time of year."|"ameno/suave(adjetivo)"|"O clima é ameno nessa época do ano."
"military"|"His father had a long military career."|"militar(adjetivo)"|"O pai dele teve uma longa carreira militar."
"military"|"My brother joined the military after high school."|"militares/forças armadas(substantivo)"|"Meu irmão entrou para as forças armadas depois do ensino médio."
"milk"|"I drink a glass of milk every morning."|"leite(substantivo)"|"Eu bebo um copo de leite toda manhã."
"mill"|"There's an old mill by the river."|"moinho(substantivo)"|"Tem um moinho antigo perto do rio."
"million"|"Over a million people live in that city."|"milhão(numeral)"|"Mais de um milhão de pessoas moram nessa cidade."
"mind"|"She has a brilliant mind."|"mente(substantivo)"|"Ela tem uma mente brilhante."
"mine"|"That seat is mine."|"meu/minha(pronome possessivo)"|"Aquele assento é meu."
"mine"|"Gold was discovered in the mine."|"mina(substantivo)"|"Ouro foi descoberto na mina."
"mineral"|"This water is rich in minerals."|"mineral(substantivo)"|"Essa água é rica em minerais."
"minimal"|"The damage was minimal."|"mínimo(adjetivo)"|"O dano foi mínimo."
"minimum"|"What's the minimum age to drive here?"|"mínimo(adjetivo)"|"Qual é a idade mínima para dirigir aqui?"
"minimum"|"Keep expenses to a minimum."|"mínimo(substantivo)"|"Mantenha os gastos no mínimo."
"minister"|"The minister gave a speech on education."|"ministro(substantivo)"|"O ministro fez um discurso sobre educação."
"ministry"|"She works for the Ministry of Health."|"ministério(substantivo)"|"Ela trabalha para o Ministério da Saúde."
"minor"|"That's just a minor problem."|"pequeno/menor(adjetivo)"|"Isso é só um problema pequeno."
"minority"|"The proposal was rejected by a minority."|"minoria(substantivo)"|"A proposta foi rejeitada por uma minoria."
"minute"|"I'll be ready in a minute."|"minuto(substantivo)"|"Estarei pronto em um minuto."
"miracle"|"It's a miracle no one got hurt."|"milagre(substantivo)"|"É um milagre que ninguém se machucou."
"mirror"|"She looked at herself in the mirror."|"espelho(substantivo)"|"Ela se olhou no espelho."
"missile"|"The military launched a missile."|"míssil(substantivo)"|"O exército lançou um míssil."
"missing"|"My keys are missing again."|"desaparecido/sumido(adjetivo)"|"Minhas chaves sumiram de novo."
"mission"|"The team completed their mission."|"missão(substantivo)"|"A equipe completou sua missão."
"missionary"|"He spent years as a missionary in Africa."|"missionário(substantivo)"|"Ele passou anos como missionário na África."
"mistake"|"Everyone makes mistakes."|"erro(substantivo)"|"Todo mundo comete erros."
"mix"|"Pour the mix into a baking pan."|"mistura(substantivo)"|"Despeje a mistura em uma forma."
"mixed"|"I have mixed feelings about it."|"misturado/dividido(adjetivo)"|"Eu tenho sentimentos divididos sobre isso."
"mixture"|"Add a mixture of salt and pepper."|"mistura(substantivo)"|"Adicione uma mistura de sal e pimenta."
"mm-hmm"|"— Did you understand? — Mm-hmm."|"hm-hm(interjeição de concordância)"|"— Você entendeu? — Hm-hm."
"mobile"|"Do you have a mobile phone?"|"móvel/celular(adjetivo)"|"Você tem um telefone celular?"
"mode"|"Switch the phone to silent mode."|"modo(substantivo)"|"Coloque o celular no modo silencioso."
"model"|"She bought the latest model."|"modelo(substantivo)"|"Ela comprou o modelo mais recente."
"moderate"|"Exercise at a moderate pace."|"moderado(adjetivo)"|"Faça exercício em um ritmo moderado."
"modern"|"They live in a modern apartment."|"moderno(adjetivo)"|"Eles moram em um apartamento moderno."
"modest"|"He's very modest about his achievements."|"modesto/humilde(adjetivo)"|"Ele é muito modesto em relação às suas conquistas."
"molecule"|"Water is made of two hydrogen atoms and one oxygen molecule."|"molécula(substantivo)"|"A água é formada por dois átomos de hidrogênio e uma molécula de oxigênio."
"mom"|"My mom makes the best soup."|"mãe(substantivo)"|"Minha mãe faz a melhor sopa."
"moment"|"Wait just a moment, please."|"momento(substantivo)"|"Espere só um momento, por favor."
"momentum"|"The campaign is gaining momentum."|"impulso/força(substantivo)"|"A campanha está ganhando força."
"money"|"I don't have enough money right now."|"dinheiro(substantivo)"|"Eu não tenho dinheiro suficiente agora."
"monitor"|"The doctor will monitor your progress."|"monitorar/acompanhar(substantivo)"|"O médico vai acompanhar seu progresso."
"monkey"|"The monkey climbed the tree."|"macaco(substantivo)"|"O macaco subiu na árvore."
"monster"|"My little brother is afraid of monsters."|"monstro(substantivo)"|"Meu irmão mais novo tem medo de monstros."
"month"|"We're moving next month."|"mês(substantivo)"|"A gente se muda no mês que vem."
"monthly"|"I pay a monthly fee for the service."|"mensal(adjetivo)"|"Eu pago uma taxa mensal pelo serviço."
"monument"|"They took photos in front of the monument."|"monumento(substantivo)"|"Eles tiraram fotos em frente ao monumento."
"mood"|"I'm not in the mood to talk right now."|"humor/disposição(substantivo)"|"Não estou com humor para conversar agora."
"moon"|"The moon was full last night."|"lua(substantivo)"|"A lua estava cheia ontem à noite."
"moral"|"The story has a strong moral message."|"moral/ético(adjetivo)"|"A história tem uma mensagem moral forte."
"more"|"Could you speak more slowly?"|"mais(advérbio)"|"Você poderia falar mais devagar?"
"more"|"I'd like more coffee, please."|"mais(determinante)"|"Eu gostaria de mais café, por favor."
"moreover"|"The hotel is cheap; moreover, it's close to the beach."|"além disso(advérbio)"|"O hotel é barato; além disso, fica perto da praia."
"morning"|"I have coffee every morning before work."|"manhã(substantivo)"|"Eu tomo café toda manhã antes do trabalho."
"mortality"|"Doctors study mortality rates to improve public health."|"mortalidade(substantivo)"|"Médicos estudam taxas de mortalidade para melhorar a saúde pública."
"mortgage"|"They paid off their mortgage after twenty years."|"hipoteca(substantivo)"|"Eles quitaram a hipoteca depois de vinte anos."
"most"|"She finished the most quickly of all the students."|"mais(advérbio)"|"Ela terminou mais rapidamente de todos os alunos."
"most"|"Most people prefer coffee over tea."|"a maioria(determinante)"|"A maioria das pessoas prefere café a chá."
"mostly"|"The weather here is mostly sunny in the summer."|"principalmente(advérbio)"|"O tempo aqui é principalmente ensolarado no verão."
"mother"|"Her mother taught her how to cook."|"mãe(substantivo)"|"A mãe dela ensinou como cozinhar."
"motion"|"The slow motion replay showed the exact moment of the goal."|"movimento(substantivo)"|"A repetição em câmera lenta mostrou o momento exato do gol."
"motivation"|"He lost his motivation after failing the exam twice."|"motivação(substantivo)"|"Ele perdeu a motivação depois de reprovar na prova duas vezes."
"motive"|"The police couldn't find a clear motive for the crime."|"motivo(substantivo)"|"A polícia não conseguiu encontrar um motivo claro para o crime."
"motor"|"The motor stopped working in the middle of the lake."|"motor(substantivo)"|"O motor parou de funcionar no meio do lago."
"mountain"|"They hiked to the top of the mountain before sunrise."|"montanha(substantivo)"|"Eles fizeram trilha até o topo da montanha antes do nascer do sol."
"mouse"|"The mouse ran behind the refrigerator."|"rato(substantivo)"|"O rato correu para trás da geladeira."
"mouth"|"Don't talk with your mouth full."|"boca(substantivo)"|"Não fale de boca cheia."
"move"|"That was a smart move in the negotiation."|"jogada(substantivo)"|"Foi uma jogada inteligente na negociação."
"movement"|"The civil rights movement changed American history."|"movimento(substantivo)"|"O movimento pelos direitos civis mudou a história americana."
"movie"|"We watched a really good movie last night."|"filme(substantivo)"|"Assistimos a um filme muito bom ontem à noite."
"Mr."|"Mr. Davis called while you were out."|"Sr.(substantivo)"|"O Sr. Davis ligou enquanto você estava fora."
"Mrs."|"Mrs. Johnson brought cookies to the office."|"Sra.(substantivo)"|"A Sra. Johnson trouxe biscoitos para o escritório."
"Ms."|"Ms. Rivera will lead the meeting today."|"Sra. / Srta.(substantivo)"|"A Sra. Rivera vai conduzir a reunião hoje."
"much"|"I don't have much time before my flight."|"muito(determinante)"|"Não tenho muito tempo antes do meu voo."
"much"|"The new version works much better than the old one."|"muito(advérbio)"|"A nova versão funciona muito melhor do que a antiga."
"mud"|"The kids came home covered in mud."|"lama(substantivo)"|"As crianças chegaram em casa cobertas de lama."
"multiple"|"She applied to multiple universities at the same time."|"vários(adjetivo)"|"Ela se candidatou a várias universidades ao mesmo tempo."
"municipal"|"The municipal pool is open on weekends."|"municipal(adjetivo)"|"A piscina municipal fica aberta nos fins de semana."
"murder"|"The murder was investigated for months before an arrest was made."|"assassinato(substantivo)"|"O assassinato foi investigado por meses antes de uma prisão ser feita."
"muscle"|"He pulled a muscle during practice."|"músculo(substantivo)"|"Ele distendeu um músculo durante o treino."
"museum"|"The kids loved the dinosaur exhibit at the museum."|"museu(substantivo)"|"As crianças adoraram a exposição de dinossauros no museu."
"mushroom"|"She added mushroom to the pasta sauce."|"cogumelo(substantivo)"|"Ela adicionou cogumelo ao molho do macarrão."
"music"|"He plays music every evening to relax."|"música(substantivo)"|"Ele toca música toda tarde para relaxar."
"musical"|"She has always been very musical, even as a child."|"musical(adjetivo)"|"Ela sempre foi muito musical, mesmo quando criança."
"musician"|"The musician played for hours without stopping."|"músico(substantivo)"|"O músico tocou por horas sem parar."
"Muslim"|"Her Muslim colleagues fasted during Ramadan."|"muçulmano(adjetivo)"|"Seus colegas muçulmanos jejuaram durante o Ramadã."
"Muslim"|"A Muslim from her neighborhood opened a new restaurant."|"muçulmano(substantivo)"|"Um muçulmano do bairro dela abriu um novo restaurante."
"must"|"You must wear a seatbelt in the car."|"dever / precisar(verbo modal)"|"Você deve usar cinto de segurança no carro."
"mutual"|"They ended the contract by mutual agreement."|"mútuo(adjetivo)"|"Eles encerraram o contrato por acordo mútuo."
"my"|"I left my keys on the kitchen counter."|"meu / minha(artigo possessivo)"|"Deixei minhas chaves no balcão da cozinha."
"myself"|"I made dinner myself tonight."|"eu mesmo(pronome)"|"Eu mesmo fiz o jantar esta noite."
"mysterious"|"There was a mysterious noise coming from the basement."|"misterioso(adjetivo)"|"Havia um barulho misterioso vindo do porão."
"mystery"|"Nobody could solve the mystery of the missing money."|"mistério(substantivo)"|"Ninguém conseguiu resolver o mistério do dinheiro desaparecido."
"myth"|"It's a common myth that you need eight glasses of water a day."|"mito(substantivo)"|"É um mito comum que você precisa de oito copos de água por dia."
"n't"|"She doesn't want to go out tonight."|"não(partícula negativa)"|"Ela não quer sair hoje à noite."
"nail"|"He hit his thumb with the hammer instead of the nail."|"prego(substantivo)"|"Ele acertou o polegar com o martelo em vez do prego."
"naked"|"The baby ran naked through the living room."|"nu(adjetivo)"|"O bebê correu pelado pela sala."
"name"|"What's the name of that restaurant on Fifth Avenue?"|"nome(substantivo)"|"Qual é o nome daquele restaurante na Quinta Avenida?"
"narrative"|"The documentary had a compelling narrative about survival."|"narrativa(substantivo)"|"O documentário tinha uma narrativa envolvente sobre sobrevivência."
"narrow"|"The road was too narrow for two cars to pass."|"estreito(adjetivo)"|"A estrada era estreita demais para dois carros passarem."
"nasty"|"That was a nasty fall — are you okay?"|"feio / horrível(adjetivo)"|"Foi uma queda feia — você está bem?"
"nation"|"The entire nation watched the election results."|"nação(substantivo)"|"A nação inteira acompanhou os resultados da eleição."
"national"|"It's a national holiday, so the banks are closed."|"nacional(adjetivo)"|"É um feriado nacional, então os bancos estão fechados."
"nationwide"|"The storm caused damage nationwide."|"em todo o país(advérbio)"|"A tempestade causou danos em todo o país."
"native"|"She is a native Spanish speaker."|"nativo(adjetivo)"|"Ela é falante nativa de espanhol."
"natural"|"She has a natural talent for music."|"natural(adjetivo)"|"Ela tem um talento natural para música."
"naturally"|"He naturally woke up early."|"naturalmente(advérbio)"|"Ele acordou cedo naturalmente."
"nature"|"We spent the day in nature."|"natureza(substantivo)"|"Passamos o dia na natureza."
"naval"|"He joined the naval academy."|"naval(adjetivo)"|"Ele ingressou na academia naval."
"near"|"She sat near the window."|"perto de(preposição)"|"Ela se sentou perto da janela."
"near"|"The school is very near."|"próximo(adjetivo)"|"A escola é muito próxima."
"near"|"Don't come near!"|"perto(advérbio)"|"Não chegue perto!"
"nearby"|"There is a nearby hospital."|"próximo(adjetivo)"|"Há um hospital próximo."
"nearby"|"My mom lives nearby."|"perto(advérbio)"|"Minha mãe mora perto."
"nearly"|"I nearly missed the bus."|"quase(advérbio)"|"Eu quase perdi o ônibus."
"neat"|"His room is always neat."|"arrumado(adjetivo)"|"O quarto dele é sempre arrumado."
"necessarily"|"More expensive doesn't necessarily mean better."|"necessariamente(advérbio)"|"Mais caro não significa necessariamente melhor."
"necessary"|"Is it necessary to bring a ID?"|"necessário(adjetivo)"|"É necessário trazer um documento?"
"necessity"|"Water is a basic necessity."|"necessidade(substantivo)"|"Água é uma necessidade básica."
"neck"|"My neck hurts from sleeping wrong."|"pescoço(substantivo)"|"Meu pescoço dói por ter dormido errado."
"need"|"There is a need for more teachers."|"necessidade(substantivo)"|"Há uma necessidade de mais professores."
"needle"|"She threaded the needle carefully."|"agulha(substantivo)"|"Ela enfiou a linha na agulha com cuidado."
"negative"|"Try not to have a negative attitude."|"negativo(adjetivo)"|"Tente não ter uma atitude negativa."
"negotiation"|"The negotiation took three hours."|"negociação(substantivo)"|"A negociação durou três horas."
"neighbor"|"My neighbor is very friendly."|"vizinho(substantivo)"|"Meu vizinho é muito simpático."
"neighborhood"|"This is a safe neighborhood."|"bairro(substantivo)"|"Este é um bairro seguro."
"neighboring"|"The neighboring town has a big market."|"vizinho(adjetivo)"|"A cidade vizinha tem um grande mercado."
"neither"|"Neither of us wanted to leave."|"nenhum dos dois(advérbio)"|"Nenhum de nós queria ir embora."
"neither"|"Neither option sounds good."|"nenhum(determinante)"|"Nenhuma das opções parece boa."
"nerve"|"It takes nerve to speak in public."|"coragem(substantivo)"|"Falar em público exige coragem."
"nervous"|"I was nervous before the presentation."|"nervoso(adjetivo)"|"Eu estava nervoso antes da apresentação."
"nest"|"There is a bird's nest in the tree."|"ninho(substantivo)"|"Há um ninho de pássaro na árvore."
"net"|"The fishing net was full."|"rede(substantivo)"|"A rede de pesca estava cheia."
"net"|"What is the net price after the discount?"|"líquido(adjetivo)"|"Qual é o preço líquido após o desconto?"
"network"|"She has a strong professional network."|"rede(substantivo)"|"Ela tem uma forte rede profissional."
"neutral"|"Try to stay neutral during the argument."|"neutro(adjetivo)"|"Tente ficar neutro durante a discussão."
"never"|"I have never been to Japan."|"nunca(advérbio)"|"Eu nunca fui ao Japão."
"nevertheless"|"It was raining; nevertheless, we went out."|"mesmo assim(advérbio)"|"Estava chovendo; mesmo assim, saímos."
"new"|"I got a new phone yesterday."|"novo(adjetivo)"|"Eu peguei um celular novo ontem."
"newly"|"They are newly married."|"recentemente(advérbio)"|"Eles são recém-casados."
"news"|"Did you watch the news today?"|"notícias(substantivo)"|"Você assistiu às notícias hoje?"
"newspaper"|"He reads the newspaper every morning."|"jornal(substantivo)"|"Ele lê o jornal toda manhã."
"next"|"I get off at the next stop."|"próximo(numeral)"|"Eu desço na próxima parada."
"next"|"She sat next to me."|"ao lado de(preposição)"|"Ela se sentou ao meu lado."
"nice"|"That was a really nice dinner."|"agradável(adjetivo)"|"Foi um jantar realmente agradável."
"night"|"I can't sleep at night."|"noite(substantivo)"|"Eu não consigo dormir à noite."
"nightmare"|"I had a nightmare last night."|"pesadelo(substantivo)"|"Eu tive um pesadelo ontem à noite."
"nine"|"I have nine cousins."|"nove(numeral)"|"Eu tenho nove primos."
"no"|"There is no milk left."|"nenhum(artigo)"|"Não sobrou leite nenhum."
"no"|"No, I don't want any."|"não(advérbio)"|"Não, eu não quero."
"no"|"No smoking inside the building."|"proibido(interjeição)"|"Proibido fumar dentro do prédio."
"no"|"No, you can't take mine."|"não(pronome)"|"Não, você não pode pegar o meu."
"no"|"I have no idea what happened."|"nenhum(determinante)"|"Não tenho nenhuma ideia do que aconteceu."
"nobody"|"Nobody knows where she went."|"ninguém(pronome)"|"Ninguém sabe para onde ela foi."
"noise"|"The noise from the street kept me awake."|"barulho(substantivo)"|"O barulho da rua me manteve acordado."
"nomination"|"Her nomination surprised everyone on the team."|"indicação(substantivo)"|"A indicação dela surpreendeu todos no time."
"nominee"|"The nominee gave a short speech."|"indicado(substantivo)"|"O indicado fez um discurso curto."
"none"|"I looked for milk, but there was none left."|"nenhum(pronome)"|"Procurei leite, mas não sobrou nenhum."
"nonetheless"|"It was raining. We went out nonetheless."|"mesmo assim(advérbio)"|"Estava chovendo. Fomos assim mesmo."
"nonprofit"|"She works for a nonprofit organization."|"sem fins lucrativos(adjetivo)"|"Ela trabalha para uma organização sem fins lucrativos."
"noon"|"We usually eat lunch at noon."|"meio-dia(substantivo)"|"A gente geralmente almoça ao meio-dia."
"nor"|"He doesn't smoke, nor does he drink."|"nem(conjunção)"|"Ele não fuma, nem bebe."
"norm"|"Working overtime became the norm there."|"norma(substantivo)"|"Fazer hora extra virou norma lá."
"normal"|"This is a normal part of growing up."|"normal(adjetivo)"|"Isso é uma parte normal de crescer."
"normally"|"I normally wake up at seven."|"normalmente(advérbio)"|"Eu normalmente acordo às sete."
"north"|"They drove north for three hours."|"norte(substantivo)"|"Eles dirigiram para o norte por três horas."
"northeast"|"The storm is moving toward the northeast."|"nordeste(substantivo)"|"A tempestade está se movendo em direção ao nordeste."
"northern"|"It gets very cold in the northern states."|"norte(adjetivo)"|"Fica muito frio nos estados do norte."
"northwest"|"Portland is in the northwest of the country."|"noroeste(substantivo)"|"Portland fica no noroeste do país."
"nose"|"She blew her nose and felt better."|"nariz(substantivo)"|"Ela assoou o nariz e se sentiu melhor."
"not"|"I'm not ready yet."|"não(advérbio)"|"Eu ainda não estou pronto."
"not"|"Not that I care, but what did he say?"|"não que(conjunção)"|"Não que me importe, mas o que ele disse?"
"note"|"Leave him a note on the fridge."|"bilhete(substantivo)"|"Deixa um bilhete para ele na geladeira."
"notebook"|"She wrote everything down in her notebook."|"caderno(substantivo)"|"Ela anotou tudo no caderno dela."
"nothing"|"There's nothing in the fridge."|"nada(pronome)"|"Não tem nada na geladeira."
"notice"|"Did you see the notice on the door?"|"aviso(substantivo)"|"Você viu o aviso na porta?"
"notion"|"I had no notion of how hard it would be."|"noção(substantivo)"|"Eu não tinha noção de como seria difícil."
"novel"|"I read that novel in two days."|"romance(substantivo)"|"Li aquele romance em dois dias."
"now"|"I need to leave now."|"agora(advérbio)"|"Eu preciso ir embora agora."
"now"|"Now that you're here, we can start."|"agora que(conjunção)"|"Agora que você chegou, podemos começar."
"nowhere"|"My keys are nowhere to be found."|"em lugar nenhum(advérbio)"|"Minhas chaves não estão em lugar nenhum."
"nuclear"|"The city is near a nuclear power plant."|"nuclear(adjetivo)"|"A cidade fica perto de uma usina nuclear."
"number"|"What's your phone number?"|"número(substantivo)"|"Qual é o seu número de telefone?"
"numerous"|"She received numerous complaints."|"numeroso(adjetivo)"|"Ela recebeu inúmeras reclamações."
"nurse"|"The nurse checked my blood pressure."|"enfermeiro(substantivo)"|"O enfermeiro verificou minha pressão arterial."
"nut"|"He grabbed a handful of nuts from the bowl."|"castanha(substantivo)"|"Ele pegou um punhado de castanhas da tigela."
"nutrient"|"Spinach is packed with nutrients."|"nutriente(substantivo)"|"O espinafre é rico em nutrientes."
"o'clock"|"The meeting starts at nine o'clock."|"horas(advérbio)"|"A reunião começa às nove horas."
"oak"|"There's a huge oak tree in the backyard."|"carvalho(substantivo)"|"Tem um carvalho enorme no quintal."
"object"|"There's a strange object under the table."|"objeto(substantivo)"|"Tem um objeto estranho embaixo da mesa."
"objection"|"The lawyer raised an objection."|"objeção(substantivo)"|"O advogado levantou uma objeção."
"objective"|"Our main objective is to reduce costs."|"objetivo(substantivo)"|"Nosso principal objetivo é reduzir custos."
"obligation"|"You have an obligation to tell the truth."|"obrigação(substantivo)"|"Você tem a obrigação de dizer a verdade."
"observation"|"After careful observation, she found the problem."|"observação(substantivo)"|"Após uma observação cuidadosa, ela encontrou o problema."
"observer"|"An independent observer watched the election."|"observador(substantivo)"|"Um observador independente acompanhou a eleição."
"obstacle"|"Fear is the biggest obstacle to success."|"obstáculo(substantivo)"|"O medo é o maior obstáculo para o sucesso."
"obvious"|"The answer is obvious once you see it."|"óbvio(adjetivo)"|"A resposta é óbvia quando você vê."
"obviously"|"She was obviously upset about something."|"obviamente(advérbio)"|"Ela estava obviamente chateada com alguma coisa."
"occasion"|"We only drink wine on special occasions."|"ocasião(substantivo)"|"A gente só bebe vinho em ocasiões especiais."
"occasional"|"He makes occasional trips to New York."|"eventual(adjetivo)"|"Ele faz viagens eventuais a Nova York."
"occasionally"|"I occasionally work on weekends."|"de vez em quando(advérbio)"|"De vez em quando eu trabalho nos finais de semana."
"occupation"|"Please state your name and occupation."|"profissão(substantivo)"|"Por favor, informe seu nome e profissão."
"ocean"|"They swam in the ocean all afternoon."|"oceano(substantivo)"|"Eles nadaram no oceano a tarde toda."
"odd"|"That's an odd place to leave your keys."|"estranho(adjetivo)"|"Que lugar estranho para deixar as chaves."
"odds"|"The odds of winning the lottery are very low."|"probabilidade(substantivo)"|"A probabilidade de ganhar na loteria é muito baixa."
"of"|"She's a friend of mine."|"de(preposição)"|"Ela é uma amiga minha."
"off"|"Turn the lights off before you leave."|"fora/desligado(advérbio)"|"Apague as luzes antes de sair."
"off"|"She jumped off the bridge into the water."|"de(preposição)"|"Ela saltou da ponte para a água."
"offender"|"The offender was sentenced to two years in prison."|"infrator(substantivo)"|"O infrator foi condenado a dois anos de prisão."
"offense"|"Running a red light is a traffic offense."|"infração(substantivo)"|"Passar no sinal vermelho é uma infração de trânsito."
"offensive"|"His comment was really offensive."|"ofensivo(adjetivo)"|"O comentário dele foi muito ofensivo."
"offer"|"She got a job offer from a big company."|"oferta(substantivo)"|"Ela recebeu uma oferta de emprego de uma grande empresa."
"offering"|"The restaurant has a seasonal offering of pumpkin soup."|"opção disponível(substantivo)"|"O restaurante tem uma opção de sopa de abóbora na temporada."
"office"|"His office is on the third floor."|"escritório(substantivo)"|"O escritório dele fica no terceiro andar."
"officer"|"The officer asked to see her license."|"policial(substantivo)"|"O policial pediu para ver a carteira de habilitação dela."
"official"|"She is a government official."|"funcionário público(substantivo)"|"Ela é uma funcionária pública."
"official"|"We're still waiting for the official results."|"oficial(adjetivo)"|"Ainda estamos aguardando os resultados oficiais."
"officially"|"The store is officially open as of today."|"oficialmente(advérbio)"|"A loja está oficialmente aberta a partir de hoje."
"often"|"How often do you go to the gym?"|"frequentemente(advérbio)"|"Com que frequência você vai à academia?"
"oh"|"Oh, I forgot my wallet at home."|"ah/oh(interjeição)"|"Ah, esqueci minha carteira em casa."
"oil"|"Add a little oil to the pan before cooking."|"óleo(substantivo)"|"Adicione um pouco de óleo na frigideira antes de cozinhar."
"ok"|"He said ok and sat down."|"ok(advérbio)"|"Ele disse ok e sentou."
"OK"|"Is everything OK with you?"|"bem/ok(adjetivo)"|"Está tudo bem com você?"
"okay"|"She nodded and said okay."|"tudo bem(advérbio)"|"Ela balançou a cabeça e disse tudo bem."
"okay"|"The food was okay, but nothing special."|"razoável(adjetivo)"|"A comida estava razoável, mas nada especial."
"old"|"My grandfather is 82 years old."|"velho/idoso(adjetivo)"|"Meu avô tem 82 anos."
"old-fashioned"|"That hairstyle looks a bit old-fashioned now."|"antiquado(adjetivo)"|"Esse corte de cabelo parece um pouco antiquado agora."
"Olympic"|"She has always dreamed of winning an Olympic medal."|"olímpico(adjetivo)"|"Ela sempre sonhou em ganhar uma medalha olímpica."
"Olympics"|"The Olympics are held every four years."|"Olimpíadas(substantivo)"|"As Olimpíadas acontecem a cada quatro anos."
"on"|"Your phone is on the table."|"em cima de(preposição)"|"Seu celular está em cima da mesa."
"on"|"Leave the TV on while I shower."|"ligado(advérbio)"|"Deixa a TV ligada enquanto eu tomo banho."
"once"|"I only went there once."|"uma vez(advérbio)"|"Fui lá apenas uma vez."
"once"|"Once you try it, you'll love it."|"assim que(conjunção)"|"Assim que você experimentar, vai adorar."
"one"|"She has one brother and two sisters."|"um(número)"|"Ela tem um irmão e duas irmãs."
"one"|"One of my coworkers brought cake today."|"um(pronome)"|"Um dos meus colegas de trabalho trouxe bolo hoje."
"one"|"This is the one I was talking about."|"aquele/esse(substantivo)"|"Esse é aquele do qual eu estava falando."
"one-third"|"One-third of the students failed the test."|"um terço(número)"|"Um terço dos alunos foi reprovado na prova."
"ongoing"|"The investigation is still ongoing."|"em andamento(adjetivo)"|"A investigação ainda está em andamento."
"onion"|"I always cry when I cut onions."|"cebola(substantivo)"|"Eu sempre choro quando corto cebola."
"online"|"I found an online course about photography."|"online(adjetivo)"|"Encontrei um curso online sobre fotografia."
"online"|"She shops online almost every week."|"pela internet(advérbio)"|"Ela faz compras pela internet quase toda semana."
"only"|"I only have ten minutes before my meeting."|"apenas(advérbio)"|"Tenho apenas dez minutos antes da minha reunião."
"only"|"That's the only key to the apartment."|"único(adjetivo)"|"Essa é a única chave do apartamento."
"onto"|"The cat jumped onto the counter."|"para cima de(preposição)"|"O gato pulou para cima do balcão."
"open"|"Is the pharmacy open on Sundays?"|"aberto(adjetivo)"|"A farmácia fica aberta aos domingos?"
"opening"|"The opening of the new park attracted a big crowd."|"inauguração(substantivo)"|"A inauguração do novo parque atraiu muita gente."
"openly"|"She talked openly about her struggles."|"abertamente(advérbio)"|"Ela falou abertamente sobre suas dificuldades."
"opera"|"Have you ever been to the opera?"|"ópera(substantivo)"|"Você já foi à ópera?"
"operating"|"The factory is now operating at full capacity."|"em operação(substantivo)"|"A fábrica está agora em operação com capacidade total."
"operation"|"The operation lasted about three hours."|"cirurgia/operação(substantivo)"|"A cirurgia durou cerca de três horas."
"operator"|"A phone operator helped me reschedule my appointment."|"atendente(substantivo)"|"Uma atendente me ajudou a remarcar minha consulta."
"opinion"|"In my opinion, the movie was too long."|"opinião(substantivo)"|"Na minha opinião, o filme foi longo demais."
"opponent"|"She shook hands with her opponent after the match."|"adversário(substantivo)"|"Ela cumprimentou o adversário após a partida."
"opportunity"|"This is a great opportunity to learn something new."|"oportunidade(substantivo)"|"Essa é uma ótima oportunidade para aprender algo novo."
"opposed"|"I'm opposed to working on weekends."|"contrário a(preposição)"|"Sou contra trabalhar nos fins de semana."
"opposite"|"The coffee shop is on the opposite side of the street."|"oposto(adjetivo)"|"A cafeteria fica no lado oposto da rua."
"opposition"|"There was strong opposition to the new rule."|"oposição(substantivo)"|"Havia forte oposição à nova regra."
"optimistic"|"She's optimistic about getting the job."|"otimista(adjetivo)"|"Ela está otimista sobre conseguir o emprego."
"option"|"You have two options: stay or leave."|"opção(substantivo)"|"Você tem duas opções: ficar ou ir embora."
"or"|"Do you want coffee or tea?"|"ou(conjunção)"|"Você quer café ou chá?"
"oral"|"The oral exam is next Monday."|"oral(adjetivo)"|"A prova oral é na próxima segunda-feira."
"orange"|"She painted the wall orange."|"laranja(adjetivo)"|"Ela pintou a parede de laranja."
"orange"|"I had an orange for breakfast."|"laranja(substantivo)"|"Eu comi uma laranja no café da manhã."
"orbit"|"The satellite is in orbit around Earth."|"órbita(substantivo)"|"O satélite está em órbita ao redor da Terra."
"order"|"I'd like to place an order, please."|"pedido(substantivo)"|"Eu gostaria de fazer um pedido, por favor."
"ordinary"|"It was just an ordinary Tuesday."|"comum(adjetivo)"|"Foi só uma terça-feira comum."
"organ"|"The heart is a vital organ."|"órgão(substantivo)"|"O coração é um órgão vital."
"organic"|"She only buys organic vegetables."|"orgânico(adjetivo)"|"Ela só compra legumes orgânicos."
"organism"|"Bacteria are single-celled organisms."|"organismo(substantivo)"|"Bactérias são organismos unicelulares."
"organization"|"He works for a nonprofit organization."|"organização(substantivo)"|"Ele trabalha para uma organização sem fins lucrativos."
"organizational"|"We need better organizational skills on this team."|"organizacional(adjetivo)"|"Precisamos de melhores habilidades organizacionais nessa equipe."
"organized"|"She's very organized at work."|"organizado(adjetivo)"|"Ela é muito organizada no trabalho."
"orientation"|"New students have orientation on Monday."|"orientação(substantivo)"|"Os novos alunos têm orientação na segunda-feira."
"origin"|"What's the origin of this word?"|"origem(substantivo)"|"Qual é a origem dessa palavra?"
"original"|"That's an original idea."|"original(adjetivo)"|"Essa é uma ideia original."
"originally"|"She originally planned to stay for a week."|"originalmente(advérbio)"|"Ela originalmente planejava ficar por uma semana."
"other"|"Do you have any other questions?"|"outro(adjetivo)"|"Você tem alguma outra pergunta?"
"other"|"Some people liked it, but others didn't — and other thought it was okay."|"outro(pronome)"|"Algumas pessoas gostaram, outras não — e outras acharam que estava bom."
"other"|"Other than that, everything is fine."|"além de(preposição)"|"Fora isso, tudo está bem."
"others"|"Others may disagree, but I think it's a good idea."|"outros(substantivo)"|"Outros podem discordar, mas eu acho que é uma boa ideia."
"otherwise"|"Study hard, otherwise you'll fail the test."|"caso contrário(advérbio)"|"Estude bastante, caso contrário você vai reprovar na prova."
"ought"|"You ought to call her and apologize."|"dever(verbo)"|"Você deveria ligar para ela e se desculpar."
"our"|"Our flight leaves at six in the morning."|"nosso(artigo)"|"Nosso voo parte às seis da manhã."
"ours"|"That table by the window is ours."|"nosso(pronome)"|"Aquela mesa perto da janela é nossa."
"ourselves"|"We cooked the whole dinner ourselves."|"nós mesmos(pronome)"|"Nós cozinhamos o jantar inteiro sozinhos."
"out"|"She walked out and closed the door."|"fora(advérbio)"|"Ela saiu e fechou a porta."
"out"|"Get out of my room!"|"fora de(preposição)"|"Sai do meu quarto!"
"outcome"|"We're all waiting for the outcome of the election."|"resultado(substantivo)"|"Estamos todos esperando o resultado da eleição."
"outdoor"|"They have an outdoor seating area."|"ao ar livre(adjetivo)"|"Eles têm uma área de assentos ao ar livre."
"outer"|"The outer wall of the house needs painting."|"externo(adjetivo)"|"A parede externa da casa precisa de pintura."
"outfit"|"She wore a really cute outfit to the party."|"roupa(substantivo)"|"Ela usou uma roupa muito fofa na festa."
"outlet"|"Can I use that outlet to charge my phone?"|"tomada(substantivo)"|"Posso usar aquela tomada para carregar meu celular?"
"output"|"The factory increased its output this year."|"produção(substantivo)"|"A fábrica aumentou sua produção este ano."
"outside"|"Leave your shoes outside the door."|"fora de(preposição)"|"Deixe seus sapatos fora da porta."
"outside"|"It's cold outside today."|"lá fora(advérbio)"|"Está frio lá fora hoje."
"outside"|"Let's find an outside table."|"externo(adjetivo)"|"Vamos encontrar uma mesa do lado de fora."
"outsider"|"He always felt like an outsider at school."|"forasteiro(substantivo)"|"Ele sempre se sentiu um forasteiro na escola."
"outstanding"|"She did an outstanding job on the project."|"excepcional(adjetivo)"|"Ela fez um trabalho excepcional no projeto."
"oven"|"Preheat the oven to 350 degrees."|"forno(substantivo)"|"Pré-aqueça o forno a 350 graus."
"over"|"The cat jumped over the fence."|"por cima de(preposição)"|"O gato pulou por cima da cerca."
"over"|"The movie is finally over."|"acabado(advérbio)"|"O filme finalmente acabou."
"overall"|"The overall result was very positive."|"geral(adjetivo)"|"O resultado geral foi muito positivo."
"overall"|"Overall, it was a great trip."|"no geral(advérbio)"|"No geral, foi uma ótima viagem."
"overnight"|"The package arrived overnight."|"da noite para o dia / durante a noite(advérbio)"|"O pacote chegou durante a noite."
"overwhelming"|"The response was overwhelming."|"avassalador / esmagador(adjetivo)"|"A resposta foi avassaladora."
"own"|"She has her own car."|"próprio(determinante)"|"Ela tem seu próprio carro."
"owner"|"The owner of the restaurant greeted us."|"dono / proprietário(substantivo)"|"O dono do restaurante nos cumprimentou."
"ownership"|"Homeownership is a big milestone."|"propriedade / posse(substantivo)"|"Ter casa própria é uma grande conquista."
"oxygen"|"The doctor gave him oxygen."|"oxigênio(substantivo)"|"O médico deu oxigênio a ele."
"pace"|"He set a fast pace during the run."|"ritmo / pace(substantivo)"|"Ele impôs um ritmo acelerado durante a corrida."
"pack"|"She put a pack of gum in her bag."|"pacote / maço(substantivo)"|"Ela colocou um pacote de chicletes na bolsa."
"package"|"There's a package for you at the door."|"pacote / encomenda(substantivo)"|"Tem uma encomenda para você na porta."
"pad"|"She grabbed a pad to write down the number."|"bloco de notas(substantivo)"|"Ela pegou um bloco de notas para anotar o número."
"page"|"Turn to page 42."|"página(substantivo)"|"Vire para a página 42."
"pain"|"She felt a sharp pain in her knee."|"dor(substantivo)"|"Ela sentiu uma dor forte no joelho."
"painful"|"The injection was really painful."|"doloroso(adjetivo)"|"A injeção foi muito dolorosa."
"paint"|"There's fresh paint on the wall."|"tinta(substantivo)"|"Tem tinta fresca na parede."
"painter"|"The painter finished the bedroom in one day."|"pintor(substantivo)"|"O pintor terminou o quarto em um dia."
"painting"|"That painting is worth a fortune."|"quadro / pintura(substantivo)"|"Aquele quadro vale uma fortuna."
"pair"|"I need a new pair of shoes."|"par(substantivo)"|"Preciso de um par de sapatos novo."
"palace"|"They took a tour of the royal palace."|"palácio(substantivo)"|"Eles fizeram um tour pelo palácio real."
"pale"|"She looked pale after hearing the news."|"pálido(adjetivo)"|"Ela ficou pálida ao ouvir a notícia."
"Palestinian"|"Palestinian culture has a rich history."|"palestino(adjetivo)"|"A cultura palestina tem uma história rica."
"Palestinian"|"A Palestinian spoke at the conference."|"palestino(substantivo)"|"Um palestino discursou na conferência."
"palm"|"He held the coin in his palm."|"palma da mão(substantivo)"|"Ele segurou a moeda na palma da mão."
"pan"|"Heat some oil in the pan."|"frigideira / panela(substantivo)"|"Aqueça um pouco de óleo na frigideira."
"panel"|"A panel of experts discussed the issue."|"painel / grupo(substantivo)"|"Um painel de especialistas discutiu o assunto."
"panic"|"There was panic in the crowd."|"pânico(substantivo)"|"Havia pânico na multidão."
"pant"|"He was in just a pant and a t-shirt."|"calça(substantivo)"|"Ele estava só de calça e camiseta."
"paper"|"Can you hand me that paper?"|"papel(substantivo)"|"Você pode me passar aquele papel?"
"parade"|"The kids loved the parade."|"desfile(substantivo)"|"As crianças adoraram o desfile."
"parent"|"Her parent picked her up after school."|"pai ou mãe(substantivo)"|"O pai dela foi buscá-la depois da escola."
"parental"|"Parental support makes a big difference."|"dos pais / parental(adjetivo)"|"O apoio dos pais faz uma grande diferença."
"parish"|"The whole parish gathered for the funeral."|"paróquia(substantivo)"|"Toda a paróquia se reuniu para o funeral."
"park"|"The kids are playing at the park."|"parque(substantivo)"|"As crianças estão brincando no parque."
"parking"|"Parking in this area is free on weekends."|"estacionamento(substantivo)"|"O estacionamento nessa área é gratuito nos fins de semana."
"part"|"This is the best part of the movie."|"parte(substantivo)"|"Essa é a melhor parte do filme."
"part"|"She is part French and part Brazilian."|"em parte(advérbio)"|"Ela é em parte francesa e em parte brasileira."
"part"|"He was part of the problem."|"parte de(preposição)"|"Ele era parte do problema."
"partial"|"She has a partial view of the ocean from her room."|"parcial(adjetivo)"|"Ela tem uma visão parcial do oceano do seu quarto."
"partially"|"The road was partially blocked."|"parcialmente(advérbio)"|"A estrada estava parcialmente bloqueada."
"participant"|"Every participant received a certificate."|"participante(substantivo)"|"Cada participante recebeu um certificado."
"participation"|"Your participation is really appreciated."|"participação(substantivo)"|"Sua participação é muito apreciada."
"particle"|"Dust particles filled the air."|"partícula(substantivo)"|"Partículas de poeira preencheram o ar."
"particular"|"Is there a particular reason you're asking?"|"específico / determinado(adjetivo)"|"Tem algum motivo específico para você estar perguntando?"
"particular"|"In particular, I liked the ending."|"em particular(advérbio)"|"Em particular, eu gostei do final."
"particularly"|"I'm not particularly hungry right now."|"particularmente / especialmente(advérbio)"|"Não estou particularmente com fome agora."
"partly"|"The delay was partly my fault."|"em parte(advérbio)"|"O atraso foi em parte culpa minha."
"partner"|"She introduced me to her business partner."|"sócio / parceiro(substantivo)"|"Ela me apresentou ao seu sócio."
"partnership"|"They built a strong partnership over the years."|"parceria(substantivo)"|"Eles construíram uma forte parceria ao longo dos anos."
"party"|"We're throwing a party this Saturday."|"festa(substantivo)"|"Vamos dar uma festa neste sábado."
"pass"|"He made a great pass in the final minute."|"passe(substantivo)"|"Ele deu um ótimo passe no minuto final."
"passage"|"Read the passage carefully before answering."|"trecho / passagem(substantivo)"|"Leia o trecho com atenção antes de responder."
"passenger"|"The passenger fell asleep on the flight."|"passageiro(substantivo)"|"O passageiro dormiu durante o voo."
"passing"|"It was just a passing thought."|"passageiro/fugaz(adjetivo)"|"Foi só um pensamento passageiro."
"passion"|"Cooking is her passion."|"paixão(substantivo)"|"Cozinhar é a paixão dela."
"past"|"She made some past mistakes."|"passado/anterior(adjetivo)"|"Ela cometeu alguns erros no passado."
"past"|"Let's forget the past."|"passado(substantivo)"|"Vamos esquecer o passado."
"past"|"She walked past the store."|"passando por(preposição)"|"Ela passou pela loja."
"past"|"He drove past without stopping."|"além/passando(advérbio)"|"Ele passou dirigindo sem parar."
"pasta"|"I had pasta for dinner."|"macarrão/massa(substantivo)"|"Eu comi macarrão no jantar."
"pastor"|"The pastor gave a short sermon."|"pastor(substantivo)"|"O pastor deu um sermão curto."
"patch"|"He put a patch on his jeans."|"remendo(substantivo)"|"Ele colocou um remendo na calça jeans."
"patent"|"She filed a patent for her invention."|"patente(substantivo)"|"Ela registrou uma patente para a invenção dela."
"path"|"Follow the path through the park."|"caminho/trilha(substantivo)"|"Siga o caminho pelo parque."
"patience"|"You need patience to learn a language."|"paciência(substantivo)"|"Você precisa de paciência para aprender um idioma."
"patient"|"The patient waited for the doctor."|"paciente(substantivo)"|"O paciente esperou pelo médico."
"patient"|"Try to be patient — it takes time."|"paciente(adjetivo)"|"Tente ser paciente — leva tempo."
"patrol"|"A police patrol passed by every hour."|"patrulha(substantivo)"|"Uma patrulha policial passava a cada hora."
"patron"|"The museum depends on its patrons."|"patrono/apoiador(substantivo)"|"O museu depende dos seus patronos."
"pattern"|"I noticed a pattern in his behavior."|"padrão(substantivo)"|"Eu percebi um padrão no comportamento dele."
"pause"|"There was a long pause before she answered."|"pausa(substantivo)"|"Houve uma longa pausa antes de ela responder."
"pay"|"The pay at that job is really low."|"salário/remuneração(substantivo)"|"O salário naquele emprego é muito baixo."
"payment"|"The payment is due on Friday."|"pagamento(substantivo)"|"O pagamento vence na sexta-feira."
"PC"|"My PC crashed this morning."|"computador/PC(substantivo)"|"Meu computador travou esta manhã."
"peace"|"All she wanted was some peace and quiet."|"paz(substantivo)"|"Tudo que ela queria era um pouco de paz e sossego."
"peaceful"|"The lake looks so peaceful in the morning."|"tranquilo/pacífico(adjetivo)"|"O lago parece tão tranquilo de manhã."
"peak"|"Tourism hits its peak in the summer."|"pico/auge(substantivo)"|"O turismo atinge seu pico no verão."
"peanut"|"He eats peanut butter every morning."|"amendoim(substantivo)"|"Ele come pasta de amendoim toda manhã."
"peasant"|"The peasants worked the land for centuries."|"camponês(substantivo)"|"Os camponeses trabalharam a terra por séculos."
"peer"|"She was well respected by her peers."|"par/colega(substantivo)"|"Ela era muito respeitada pelos colegas."
"pen"|"Can I borrow your pen?"|"caneta(substantivo)"|"Posso pegar emprestada a sua caneta?"
"penalty"|"There's a penalty for late payment."|"multa/penalidade(substantivo)"|"Há uma multa por pagamento em atraso."
"pencil"|"Write it in pencil so you can erase it."|"lápis(substantivo)"|"Escreva a lápis para poder apagar."
"pension"|"She lives on her pension."|"aposentadoria/pensão(substantivo)"|"Ela vive da aposentadoria."
"people"|"A lot of people showed up for the event."|"pessoas/povo(substantivo)"|"Muitas pessoas apareceram para o evento."
"pepper"|"Add some pepper to taste."|"pimenta(substantivo)"|"Adicione um pouco de pimenta a gosto."
"per"|"This plan costs $10 per month."|"por(preposição)"|"Este plano custa $10 por mês."
"perceived"|"The risk was perceived as very low."|"percebido/considerado(adjetivo)"|"O risco era considerado muito baixo."
"percentage"|"What percentage of students passed?"|"porcentagem(substantivo)"|"Qual porcentagem dos alunos passou?"
"perception"|"Her perception of the situation was wrong."|"percepção(substantivo)"|"A percepção dela sobre a situação estava errada."
"perfect"|"The weather was perfect for a picnic."|"perfeito(adjetivo)"|"O tempo estava perfeito para um piquenique."
"perfectly"|"She handled the situation perfectly."|"perfeitamente(advérbio)"|"Ela lidou com a situação perfeitamente."
"performance"|"His performance at the concert was amazing."|"apresentação/desempenho(substantivo)"|"A apresentação dele no concerto foi incrível."
"performer"|"She's a talented performer."|"artista/performer(substantivo)"|"Ela é uma artista talentosa."
"perhaps"|"Perhaps we should leave early."|"talvez(advérbio)"|"Talvez a gente deva sair cedo."
"period"|"That was a difficult period in my life."|"período/fase(substantivo)"|"Foi um período difícil na minha vida."
"permanent"|"The damage was permanent."|"permanente(adjetivo)"|"O dano foi permanente."
"permission"|"You need permission to enter."|"permissão(substantivo)"|"Você precisa de permissão para entrar."
"permit"|"Do you have a work permit?"|"licença/autorização(substantivo)"|"Você tem uma licença de trabalho?"
"Persian"|"She has a beautiful Persian rug in her living room."|"persa(adjetivo)"|"Ela tem um lindo tapete persa na sala."
"person"|"I need to speak to the person in charge."|"pessoa(substantivo)"|"Preciso falar com a pessoa responsável."
"personal"|"That's a very personal question."|"pessoal(adjetivo)"|"Essa é uma pergunta muito pessoal."
"personality"|"She has a warm and outgoing personality."|"personalidade(substantivo)"|"Ela tem uma personalidade calorosa e extrovertida."
"personally"|"I personally think we should leave early."|"pessoalmente(advérbio)"|"Eu pessoalmente acho que devemos sair cedo."
"personnel"|"All personnel must wear a badge."|"funcionários(substantivo)"|"Todos os funcionários devem usar crachá."
"perspective"|"Try to see things from her perspective."|"perspectiva(substantivo)"|"Tente ver as coisas pela perspectiva dela."
"pet"|"My pet rabbit sleeps all day."|"animal de estimação(substantivo)"|"Meu coelho dorme o dia todo."
"phase"|"We're in the final phase of the project."|"fase(substantivo)"|"Estamos na fase final do projeto."
"phenomenon"|"Climate change is a global phenomenon."|"fenômeno(substantivo)"|"A mudança climática é um fenômeno global."
"philosophical"|"He gave a very philosophical answer."|"filosófico(adjetivo)"|"Ele deu uma resposta muito filosófica."
"philosophy"|"Her philosophy is to always be kind."|"filosofia(substantivo)"|"A filosofia dela é sempre ser gentil."
"phone"|"My phone ran out of battery."|"celular(substantivo)"|"Meu celular ficou sem bateria."
"photo"|"Can you take a photo of us?"|"foto(substantivo)"|"Você pode tirar uma foto da gente?"
"photograph"|"There's an old photograph on the wall."|"fotografia(substantivo)"|"Tem uma fotografia antiga na parede."
"photographer"|"The photographer asked us to smile."|"fotógrafo(substantivo)"|"O fotógrafo pediu para a gente sorrir."
"photography"|"She's taking a class in photography."|"fotografia(substantivo)"|"Ela está fazendo um curso de fotografia."
"phrase"|"That phrase means something different in the South."|"expressão(substantivo)"|"Essa expressão tem um significado diferente no Sul."
"physical"|"The job requires a lot of physical effort."|"físico(adjetivo)"|"O trabalho exige muito esforço físico."
"physically"|"He's physically exhausted after the game."|"fisicamente(advérbio)"|"Ele está fisicamente esgotado depois do jogo."
"physician"|"My physician told me to rest for a week."|"médico(substantivo)"|"Meu médico me mandou descansar por uma semana."
"physics"|"Physics was my hardest class in high school."|"física(substantivo)"|"Física foi a matéria mais difícil no ensino médio."
"piano"|"She's been playing piano since she was five."|"piano(substantivo)"|"Ela toca piano desde os cinco anos."
"pickup"|"He drove his old pickup to the farm."|"caminhonete(substantivo)"|"Ele foi até a fazenda na caminhonete velha."
"picture"|"There's a picture of the whole family in the living room."|"foto/quadro(substantivo)"|"Tem uma foto da família inteira na sala."
"pie"|"She baked an apple pie from scratch."|"torta(substantivo)"|"Ela fez uma torta de maçã do zero."
"piece"|"Can I have another piece of cake?"|"pedaço(substantivo)"|"Posso pegar mais um pedaço de bolo?"
"pig"|"The kids loved feeding the pigs on the farm."|"porco(substantivo)"|"As crianças adoraram dar comida para os porcos na fazenda."
"pile"|"There's a pile of dirty clothes on the floor."|"pilha(substantivo)"|"Tem uma pilha de roupa suja no chão."
"pill"|"Take this pill twice a day with water."|"comprimido(substantivo)"|"Tome esse comprimido duas vezes ao dia com água."
"pillow"|"I need a softer pillow to sleep."|"travesseiro(substantivo)"|"Preciso de um travesseiro mais macio para dormir."
"pilot"|"The pilot announced a slight delay."|"piloto(substantivo)"|"O piloto anunciou um pequeno atraso."
"pin"|"She used a pin to attach the name tag."|"alfinete(substantivo)"|"Ela usou um alfinete para prender o crachá."
"pine"|"There were tall pine trees all around the cabin."|"pinheiro(substantivo)"|"Havia pinheiros altos ao redor da cabana."
"pink"|"She wore a bright pink jacket to the party."|"rosa(adjetivo)"|"Ela usou uma jaqueta rosa vibrante na festa."
"pioneer"|"She was a pioneer in computer science."|"pioneira(substantivo)"|"Ela foi uma pioneira na ciência da computação."
"pipe"|"A pipe burst and flooded the bathroom."|"cano(substantivo)"|"Um cano estourou e alagou o banheiro."
"pistol"|"The detective found a pistol in the drawer."|"pistola(substantivo)"|"O detetive encontrou uma pistola na gaveta."
"pit"|"There's a large pit in the middle of the road."|"buraco(substantivo)"|"Tem um buraco grande no meio da estrada."
"pitch"|"His sales pitch convinced half the room."|"argumento de venda(substantivo)"|"O argumento de venda dele convenceu metade da sala."
"pitcher"|"He filled the pitcher with fresh lemonade."|"jarra(substantivo)"|"Ele encheu a jarra com limonada fresca."
"pizza"|"We ordered pizza and watched a movie."|"pizza(substantivo)"|"Pedimos pizza e assistimos a um filme."
"place"|"This is my favorite place in the city."|"lugar(substantivo)"|"Esse é meu lugar favorito na cidade."
"placement"|"Her placement in the advanced group was well-deserved."|"colocação(substantivo)"|"A colocação dela no grupo avançado foi muito merecida."
"plain"|"She prefers plain yogurt with no sugar."|"simples/sem sabor(adjetivo)"|"Ela prefere iogurte natural sem açúcar."
"plain"|"Cattle graze across the open plain."|"planície(substantivo)"|"O gado pasta pela planície aberta."
"plaintiff"|"The plaintiff filed a lawsuit against the company."|"autor da ação(substantivo)"|"O autor da ação entrou com um processo contra a empresa."
"plan"|"Do you have a plan for the weekend?"|"plano(substantivo)"|"Você tem algum plano para o fim de semana?"
"plane"|"Our plane lands at six in the morning."|"avião(substantivo)"|"Nosso avião pousa às seis da manhã."
"planet"|"Earth is the only planet we know with life."|"planeta(substantivo)"|"A Terra é o único planeta que conhecemos com vida."
"planner"|"She writes everything in her planner."|"agenda(substantivo)"|"Ela anota tudo na agenda."
"planning"|"Good planning made the event a success."|"planejamento(substantivo)"|"Um bom planejamento fez o evento ser um sucesso."
"plant"|"She waters her plant every morning."|"planta(substantivo)"|"Ela rega a planta toda manhã."
"plastic"|"The toy is made of plastic."|"plástico(substantivo)"|"O brinquedo é feito de plástico."
"plate"|"She put the food on a clean plate."|"prato(substantivo)"|"Ela colocou a comida em um prato limpo."
"platform"|"The train stopped at platform three."|"plataforma(substantivo)"|"O trem parou na plataforma três."
"play"|"The kids put on a play at school."|"peça de teatro(substantivo)"|"As crianças fizeram uma peça de teatro na escola."
"player"|"He's the best player on the team."|"jogador(substantivo)"|"Ele é o melhor jogador do time."
"playoff"|"They lost in the first round of the playoff."|"playoff(substantivo)"|"Eles perderam na primeira rodada do playoff."
"plea"|"The lawyer made a plea for mercy."|"apelo(substantivo)"|"O advogado fez um apelo por clemência."
"pleasant"|"The weather today is really pleasant."|"agradável(adjetivo)"|"O tempo hoje está muito agradável."
"please"|"Could you please close the door?"|"por favor(advérbio)"|"Você poderia fechar a porta, por favor?"
"pleased"|"I'm very pleased with the results."|"satisfeito(adjetivo)"|"Estou muito satisfeito com os resultados."
"pleasure"|"It's a pleasure to meet you."|"prazer(substantivo)"|"É um prazer te conhecer."
"plenty"|"There's plenty of food for everyone."|"bastante(pronome)"|"Tem comida de sobra para todo mundo."
"plot"|"The plot of the movie was confusing."|"enredo(substantivo)"|"O enredo do filme foi confuso."
"plus"|"The total is thirty dollars plus tax."|"mais(preposição)"|"O total é trinta dólares mais imposto."
"PM"|"The meeting starts at three PM."|"da tarde(advérbio)"|"A reunião começa às três da tarde."
"pocket"|"He put his keys in his pocket."|"bolso(substantivo)"|"Ele colocou as chaves no bolso."
"poem"|"She wrote a poem about her grandmother."|"poema(substantivo)"|"Ela escreveu um poema sobre a avó."
"poet"|"He is my favorite poet."|"poeta(substantivo)"|"Ele é meu poeta favorito."
"poetry"|"She reads poetry before bed."|"poesia(substantivo)"|"Ela lê poesia antes de dormir."
"point"|"That's a really good point."|"ponto(substantivo)"|"Esse é um ponto muito bom."
"pole"|"The flag is attached to a tall pole."|"poste(substantivo)"|"A bandeira está presa a um poste alto."
"police"|"The police arrived in minutes."|"polícia(substantivo)"|"A polícia chegou em minutos."
"policeman"|"The policeman helped the lost child."|"policial(substantivo)"|"O policial ajudou a criança perdida."
"policy"|"The company has a strict no-smoking policy."|"política(substantivo)"|"A empresa tem uma política rígida contra fumar."
"political"|"It was a very political decision."|"político(adjetivo)"|"Foi uma decisão muito política."
"politically"|"He tried to stay politically neutral."|"politicamente(advérbio)"|"Ele tentou se manter politicamente neutro."
"politician"|"The politician gave a speech downtown."|"político(substantivo)"|"O político fez um discurso no centro da cidade."
"politics"|"She doesn't like to talk about politics at dinner."|"política(substantivo)"|"Ela não gosta de falar sobre política no jantar."
"poll"|"According to the latest poll, most people agree."|"pesquisa de opinião(substantivo)"|"De acordo com a última pesquisa, a maioria concorda."
"pollution"|"Air pollution is a serious problem in big cities."|"poluição(substantivo)"|"A poluição do ar é um problema sério nas grandes cidades."
"pond"|"There are ducks swimming in the pond."|"lago pequeno(substantivo)"|"Há patos nadando no lago pequeno."
"pool"|"The kids spent all day in the pool."|"piscina(substantivo)"|"As crianças passaram o dia todo na piscina."
"poor"|"The family was too poor to buy new clothes."|"pobre(adjetivo)"|"A família era pobre demais para comprar roupas novas."
"pop"|"She loves listening to pop."|"pop(substantivo)"|"Ela adora ouvir música pop."
"popular"|"That restaurant is very popular on weekends."|"popular(adjetivo)"|"Esse restaurante é muito popular nos fins de semana."
"popularity"|"His popularity grew after the interview."|"popularidade(substantivo)"|"A popularidade dele cresceu após a entrevista."
"population"|"The city has a population of two million."|"população(substantivo)"|"A cidade tem uma população de dois milhões."
"porch"|"We sat on the porch and watched the sunset."|"varanda(substantivo)"|"Nos sentamos na varanda e assistimos ao pôr do sol."
"pork"|"He ordered pork ribs at the restaurant."|"porco(substantivo)"|"Ele pediu costelinha de porco no restaurante."
"port"|"The ship arrived at the port this morning."|"porto(substantivo)"|"O navio chegou ao porto esta manhã."
"portfolio"|"She showed her portfolio to the client."|"portfólio(substantivo)"|"Ela mostrou o portfólio para o cliente."
"portion"|"The portion size at that place is huge."|"porção(substantivo)"|"O tamanho da porção naquele lugar é enorme."
"portrait"|"He painted a portrait of his mother."|"retrato(substantivo)"|"Ele pintou um retrato da mãe."
"position"|"She applied for a position at the company."|"vaga(substantivo)"|"Ela se candidatou a uma vaga na empresa."
"positive"|"Try to stay positive even when things are hard."|"positivo(adjetivo)"|"Tente se manter positivo mesmo quando as coisas estão difíceis."
"possession"|"The police found the weapon in his possession."|"posse(substantivo)"|"A polícia encontrou a arma em sua posse."
"possibility"|"There's a possibility of rain tomorrow."|"possibilidade(substantivo)"|"Há uma possibilidade de chuva amanhã."
"possible"|"Is it possible to change the reservation?"|"possível(adjetivo)"|"É possível mudar a reserva?"
"possibly"|"Could you possibly help me with this?"|"possivelmente(advérbio)"|"Você poderia, por acaso, me ajudar com isso?"
"post"|"She got a post at the university."|"cargo(substantivo)"|"Ela conseguiu um cargo na universidade."
"poster"|"There's a poster of Einstein on my wall."|"pôster(substantivo)"|"Tem um pôster do Einstein na minha parede."
"pot"|"The soup is still in the pot."|"panela(substantivo)"|"A sopa ainda está na panela."
"potato"|"I had a baked potato for lunch."|"batata(substantivo)"|"Eu comi uma batata assada no almoço."
"potential"|"She has a lot of potential as a writer."|"potencial(adjetivo)"|"Ela tem muito potencial como escritora."
"potential"|"This idea has real potential."|"potencial(substantivo)"|"Essa ideia tem potencial de verdade."
"potentially"|"This could potentially save us a lot of money."|"potencialmente(advérbio)"|"Isso poderia potencialmente nos economizar muito dinheiro."
"pound"|"I need a pound of ground beef."|"libra(substantivo)"|"Eu preciso de uma libra de carne moída."
"poverty"|"Many families in the area live in poverty."|"pobreza(substantivo)"|"Muitas famílias da região vivem em pobreza."
"powder"|"She put powder on the baby's skin."|"pó(substantivo)"|"Ela colocou pó na pele do bebê."
"power"|"The storm knocked out the power."|"energia elétrica(substantivo)"|"A tempestade derrubou a energia elétrica."
"powerful"|"That was a very powerful speech."|"poderoso(adjetivo)"|"Foi um discurso muito poderoso."
"practical"|"That's a practical solution to the problem."|"prático(adjetivo)"|"Essa é uma solução prática para o problema."
"practically"|"I practically ran to catch the bus."|"praticamente(advérbio)"|"Eu praticamente corri para pegar o ônibus."
"practice"|"Practice makes perfect."|"prática(substantivo)"|"A prática leva à perfeição."
"practitioner"|"She's a general practitioner at a local clinic."|"profissional da área(substantivo)"|"Ela é clínica geral em uma clínica local."
"praise"|"The teacher gave her a lot of praise."|"elogio(substantivo)"|"A professora deu muito elogio a ela."
"prayer"|"He said a short prayer before the meal."|"oração(substantivo)"|"Ele fez uma oração curta antes da refeição."
"precious"|"Time is precious, so don't waste it."|"precioso(adjetivo)"|"O tempo é precioso, então não o desperdice."
"precise"|"Can you give me the precise address?"|"preciso(adjetivo)"|"Você pode me dar o endereço preciso?"
"precisely"|"That's precisely what I was trying to say."|"exatamente(advérbio)"|"É exatamente o que eu estava tentando dizer."
"predator"|"The lion is a natural predator."|"predador(substantivo)"|"O leão é um predador natural."
"prediction"|"His prediction turned out to be wrong."|"previsão(substantivo)"|"A previsão dele acabou sendo errada."
"preference"|"Do you have a preference for window or aisle?"|"preferência(substantivo)"|"Você tem preferência por janela ou corredor?"
"pregnancy"|"She found out about the pregnancy last week."|"gravidez(substantivo)"|"Ela descobriu sobre a gravidez na semana passada."
"pregnant"|"My sister is six months pregnant."|"grávida(adjetivo)"|"Minha irmã está grávida de seis meses."
"preliminary"|"We're still in the preliminary stages of the project."|"preliminar(adjetivo)"|"Ainda estamos nas etapas preliminares do projeto."
"premise"|"The whole argument is based on a false premise."|"premissa(substantivo)"|"Todo o argumento é baseado em uma premissa falsa."
"premium"|"He pays a premium for organic food."|"preço mais alto(substantivo)"|"Ele paga um preço mais alto por comida orgânica."
"preparation"|"Dinner is almost ready — the preparation took two hours."|"preparação(substantivo)"|"O jantar está quase pronto — a preparação levou duas horas."
"prescription"|"You need a prescription to buy this medication."|"receita médica(substantivo)"|"Você precisa de receita médica para comprar esse remédio."
"presence"|"Her presence always makes people feel comfortable."|"presença(substantivo)"|"A presença dela sempre deixa as pessoas à vontade."
"present"|"All the students are present today."|"presente(adjetivo)"|"Todos os alunos estão presentes hoje."
"present"|"She got a nice present for her birthday."|"presente(substantivo)"|"Ela ganhou um presente bacana no aniversário."
"presentation"|"He gave a great presentation at the meeting."|"apresentação(substantivo)"|"Ele fez uma ótima apresentação na reunião."
"presidency"|"She ran for the presidency last year."|"presidência(substantivo)"|"Ela concorreu à presidência no ano passado."
"president"|"The president gave a speech on national TV."|"presidente(substantivo)"|"O presidente fez um discurso na TV nacional."
"presidential"|"The presidential election is next month."|"presidencial(adjetivo)"|"A eleição presidencial é no mês que vem."
"press"|"The press was waiting outside the courthouse."|"imprensa(substantivo)"|"A imprensa estava esperando do lado de fora do tribunal."
"pressure"|"I work better without so much pressure."|"pressão(substantivo)"|"Eu trabalho melhor sem tanta pressão."
"presumably"|"He's presumably still at the office."|"provavelmente(advérbio)"|"Ele provavelmente ainda está no escritório."
"pretty"|"It's pretty cold outside today."|"bastante(advérbio)"|"Está bastante frio lá fora hoje."
"pretty"|"What a pretty garden!"|"bonito(adjetivo)"|"Que jardim bonito!"
"prevention"|"Prevention is better than cure."|"prevenção(substantivo)"|"Prevenção é melhor do que remédio."
"previous"|"I learned that in a previous class."|"anterior(adjetivo)"|"Aprendi isso em uma aula anterior."
"previously"|"She had previously worked at a hospital."|"anteriormente(advérbio)"|"Ela havia trabalhado anteriormente em um hospital."
"price"|"The price of gas went up again."|"preço(substantivo)"|"O preço da gasolina subiu de novo."
"pride"|"He took pride in his work."|"orgulho(substantivo)"|"Ele tinha orgulho do seu trabalho."
"priest"|"The priest gave a short sermon."|"padre(substantivo)"|"O padre fez um sermão curto."
"primarily"|"The course is primarily for beginners."|"principalmente(advérbio)"|"O curso é principalmente para iniciantes."
"primary"|"The primary goal is to keep everyone safe."|"principal(adjetivo)"|"O objetivo principal é manter todos seguros."
"primary"|"Her primary concern is her children's health."|"principal/primário(adjetivo usado como substantivo no contexto)"|"Sua principal preocupação é a saúde dos filhos."
"prime"|"This is prime real estate in the city."|"privilegiado/de primeira(adjetivo)"|"Este é um imóvel privilegiado na cidade."
"principal"|"The principal called the students to the office."|"diretor(substantivo)"|"O diretor chamou os alunos ao escritório."
"principal"|"The principal reason we left was the noise."|"principal(adjetivo)"|"O principal motivo de termos saído foi o barulho."
"principle"|"He refused to lie — it was against his principles."|"princípio(substantivo)"|"Ele se recusou a mentir — era contra seus princípios."
"print"|"The print on this shirt is fading."|"estampa(substantivo)"|"A estampa dessa camiseta está desbotando."
"prior"|"You need to leave prior to midnight."|"antes de(preposição)"|"Você precisa sair antes da meia-noite."
"prior"|"She had no prior experience with kids."|"anterior/prévio(adjetivo)"|"Ela não tinha experiência prévia com crianças."
"priority"|"Sleep is my top priority right now."|"prioridade(substantivo)"|"Dormir é minha maior prioridade agora."
"prison"|"He spent three years in prison."|"prisão(substantivo)"|"Ele passou três anos na prisão."
"prisoner"|"The prisoner was released after ten years."|"prisioneiro(substantivo)"|"O prisioneiro foi solto após dez anos."
"privacy"|"I need some privacy to make this call."|"privacidade(substantivo)"|"Preciso de privacidade para fazer essa ligação."
"private"|"This is a private conversation — please leave."|"privado/particular(adjetivo)"|"Esta é uma conversa particular — por favor, saia."
"privately"|"She privately disagreed with the decision."|"em particular/para si mesma(advérbio)"|"Ela discordava da decisão, mas guardava isso para si."
"privilege"|"Having clean water is a privilege many take for granted."|"privilégio(substantivo)"|"Ter água limpa é um privilégio que muitos ignoram."
"prize"|"She won first prize in the science fair."|"prêmio(substantivo)"|"Ela ganhou o primeiro prêmio na feira de ciências."
"pro"|"He turned pro at nineteen."|"profissional(substantivo)"|"Ele virou profissional aos dezenove anos."
"pro"|"She's a pro photographer — her shots are amazing."|"profissional(adjetivo)"|"Ela é uma fotógrafa profissional — as fotos dela são incríveis."
"probably"|"It'll probably rain this afternoon."|"provavelmente(advérbio)"|"Provavelmente vai chover hoje à tarde."
"problem"|"We have a serious problem with the pipes."|"problema(substantivo)"|"Temos um problema sério com os canos."
"procedure"|"Follow the procedure and you won't make mistakes."|"procedimento(substantivo)"|"Siga o procedimento e você não vai errar."
"process"|"The hiring process takes about two weeks."|"processo(substantivo)"|"O processo de contratação leva cerca de duas semanas."
"processing"|"Payment processing may take up to three days."|"processamento(substantivo)"|"O processamento do pagamento pode levar até três dias."
"processor"|"This laptop has a fast processor."|"processador(substantivo)"|"Este notebook tem um processador rápido."
"producer"|"She works as a producer for a TV show."|"produtor(substantivo)"|"Ela trabalha como produtora em um programa de TV."
"product"|"This product is sold in over fifty countries."|"produto(substantivo)"|"Este produto é vendido em mais de cinquenta países."
"production"|"Production at the factory stopped due to the strike."|"produção(substantivo)"|"A produção na fábrica parou por causa da greve."
"productive"|"I had a really productive day at work."|"produtivo(adjetivo)"|"Tive um dia muito produtivo no trabalho."
"productivity"|"Working from home increased my productivity."|"produtividade(substantivo)"|"Trabalhar de casa aumentou minha produtividade."
"profession"|"Teaching is a demanding profession."|"profissão(substantivo)"|"O magistério é uma profissão exigente."
"professional"|"She gave us very professional advice."|"profissional(adjetivo)"|"Ela nos deu um conselho muito profissional."
"professional"|"He's a professional with twenty years of experience."|"profissional(substantivo)"|"Ele é um profissional com vinte anos de experiência."
"professor"|"The professor canceled class this morning."|"professor universitário(substantivo)"|"O professor cancelou a aula esta manhã."
"profile"|"Her LinkedIn profile got a lot of attention."|"perfil(substantivo)"|"O perfil dela no LinkedIn chamou muita atenção."
"profit"|"The company made a huge profit last year."|"lucro(substantivo)"|"A empresa teve um lucro enorme no ano passado."
"profound"|"Losing her changed him in a profound way."|"profundo(adjetivo)"|"Perder ela o mudou de uma forma profunda."
"program"|"I signed up for a fitness program at the gym."|"programa(substantivo)"|"Me inscrevi em um programa de condicionamento físico na academia."
"programming"|"She's been learning programming for six months."|"programação(substantivo)"|"Ela está aprendendo programação há seis meses."
"progress"|"He's making real progress with his English."|"progresso(substantivo)"|"Ele está fazendo um progresso real com o inglês."
"progressive"|"The city has a very progressive approach to education."|"progressista(adjetivo)"|"A cidade tem uma abordagem muito progressista para a educação."
"project"|"We're working on a big project this month."|"projeto(substantivo)"|"Estamos trabalhando em um projeto grande este mês."
"projection"|"The sales projection for next year looks promising."|"projeção(substantivo)"|"A projeção de vendas para o próximo ano parece promissora."
"prominent"|"She's a prominent figure in the art world."|"proeminente/de destaque(adjetivo)"|"Ela é uma figura de destaque no mundo das artes."
"promise"|"He broke his promise again."|"promessa(substantivo)"|"Ele quebrou sua promessa de novo."
"promising"|"The new treatment looks very promising."|"promissor(adjetivo)"|"O novo tratamento parece muito promissor."
"promotion"|"She got a promotion after two years at the company."|"promoção(substantivo)"|"Ela foi promovida após dois anos na empresa."
"proof"|"Do you have any proof that he was there?"|"prova(substantivo)"|"Você tem alguma prova de que ele estava lá?"
"proper"|"Make sure you get proper sleep before the exam."|"adequado/de verdade(adjetivo)"|"Certifique-se de dormir direito antes da prova."
"properly"|"You're not holding the pen properly."|"corretamente/direito(advérbio)"|"Você não está segurando a caneta corretamente."
"property"|"They bought property in the mountains."|"propriedade(substantivo)"|"Eles compraram uma propriedade na serra."
"proportion"|"A large proportion of students passed the exam."|"proporção(substantivo)"|"Uma grande proporção dos alunos passou na prova."
"proposal"|"He accepted her marriage proposal."|"proposta(substantivo)"|"Ele aceitou a proposta de casamento dela."
"proposed"|"The proposed budget was rejected by the board."|"proposto(adjetivo)"|"O orçamento proposto foi rejeitado pelo conselho."
"prosecution"|"The prosecution presented strong evidence in court."|"acusação(substantivo)"|"A acusação apresentou provas sólidas no tribunal."
"prosecutor"|"The prosecutor questioned the witness for an hour."|"promotor(substantivo)"|"O promotor interrogou a testemunha por uma hora."
"prospect"|"There's a good prospect of rain this weekend."|"perspectiva(substantivo)"|"Há uma boa perspectiva de chuva neste fim de semana."
"protection"|"Wear sunscreen for protection against UV rays."|"proteção(substantivo)"|"Use protetor solar para proteção contra os raios UV."
"protective"|"She felt very protective of her little brother."|"protetor(adjetivo)"|"Ela se sentia muito protetora em relação ao irmão mais novo."
"protein"|"Eggs are a great source of protein."|"proteína(substantivo)"|"Ovos são uma ótima fonte de proteína."
"protest"|"Thousands joined the protest downtown."|"protesto(substantivo)"|"Milhares de pessoas participaram do protesto no centro da cidade."
"protocol"|"Follow the safety protocol at all times."|"protocolo(substantivo)"|"Siga o protocolo de segurança o tempo todo."
"proud"|"She was proud of her daughter's achievements."|"orgulhoso(adjetivo)"|"Ela estava orgulhosa das conquistas da filha."
"provided"|"You can go out, provided you finish your homework first."|"desde que(conjunção)"|"Você pode sair, desde que termine a lição de casa primeiro."
"provider"|"He's the main provider for his family."|"provedor(substantivo)"|"Ele é o principal provedor da família."
"province"|"She grew up in a small province in the south."|"província(substantivo)"|"Ela cresceu em uma pequena província no sul."
"provision"|"The contract includes a provision for early termination."|"cláusula(substantivo)"|"O contrato inclui uma cláusula para rescisão antecipada."
"psychological"|"The accident had a serious psychological impact on him."|"psicológico(adjetivo)"|"O acidente teve um sério impacto psicológico nele."
"psychologist"|"She sees a psychologist every two weeks."|"psicólogo(substantivo)"|"Ela consulta um psicólogo a cada duas semanas."
"psychology"|"He studied psychology in college."|"psicologia(substantivo)"|"Ele estudou psicologia na faculdade."
"public"|"This is a public park — anyone can use it."|"público(adjetivo)"|"Este é um parque público — qualquer pessoa pode usar."
"public"|"The public was not allowed inside the building."|"público(substantivo)"|"O público não tinha permissão para entrar no prédio."
"publicly"|"He publicly apologized for his mistake."|"publicamente(advérbio)"|"Ele se desculpou publicamente pelo erro."
"publication"|"Her first publication was a short story collection."|"publicação(substantivo)"|"Sua primeira publicação foi uma coletânea de contos."
"publicity"|"The scandal brought a lot of bad publicity to the company."|"publicidade(substantivo)"|"O escândalo trouxe muita publicidade negativa para a empresa."
"publisher"|"The publisher rejected his manuscript twice."|"editora(substantivo)"|"A editora rejeitou o manuscrito dele duas vezes."
"pulse"|"The nurse checked his pulse after the fall."|"pulso(substantivo)"|"A enfermeira verificou o pulso dele após a queda."
"pump"|"We need to stop at a gas pump before the highway."|"bomba(substantivo)"|"Precisamos parar em um posto de gasolina antes da rodovia."
"punishment"|"The punishment for cheating was a failing grade."|"punição(substantivo)"|"A punição por colar foi uma nota zero."
"purchase"|"Keep your receipt after every purchase."|"compra(substantivo)"|"Guarde o recibo após cada compra."
"pure"|"This bracelet is made of pure gold."|"puro(adjetivo)"|"Esta pulseira é feita de ouro puro."
"purple"|"She painted her bedroom walls purple."|"roxo(adjetivo)"|"Ela pintou as paredes do quarto de roxo."
"purpose"|"The purpose of this meeting is to review the budget."|"objetivo(substantivo)"|"O objetivo desta reunião é revisar o orçamento."
"purse"|"She forgot her purse on the restaurant table."|"bolsa(substantivo)"|"Ela esqueceu a bolsa na mesa do restaurante."
"pursuit"|"He left his job in pursuit of his dreams."|"busca(substantivo)"|"Ele largou o emprego em busca dos seus sonhos."
"puzzle"|"We spent the afternoon putting together a puzzle."|"quebra-cabeça(substantivo)"|"Passamos a tarde montando um quebra-cabeça."
"quality"|"The quality of this fabric is really impressive."|"qualidade(substantivo)"|"A qualidade deste tecido é realmente impressionante."
"quantity"|"Buy a large quantity and you'll get a discount."|"quantidade(substantivo)"|"Compre uma grande quantidade e você terá desconto."
"quarter"|"I'll meet you there in a quarter of an hour."|"quarto(substantivo)"|"Vou te encontrar lá em um quarto de hora."
"quarterback"|"The quarterback threw a perfect pass in the last second."|"quarterback(substantivo)"|"O quarterback fez um passe perfeito no último segundo."
"queen"|"The queen greeted the crowd from the balcony."|"rainha(substantivo)"|"A rainha cumprimentou a multidão da sacada."
"quest"|"They went on a quest to find the lost treasure."|"busca(substantivo)"|"Eles partiram em uma busca pelo tesouro perdido."
"question"|"She raised her hand to ask a question."|"pergunta(substantivo)"|"Ela levantou a mão para fazer uma pergunta."
"questionnaire"|"Please fill out the questionnaire before your appointment."|"questionário(substantivo)"|"Por favor, preencha o questionário antes da consulta."
"quick"|"We need a quick solution to this problem."|"rápido(adjetivo)"|"Precisamos de uma solução rápida para esse problema."
"quickly"|"She quickly grabbed her keys and left."|"rapidamente(advérbio)"|"Ela pegou as chaves rapidamente e saiu."
"quiet"|"The library was quiet and almost empty."|"silencioso(adjetivo)"|"A biblioteca estava silenciosa e quase vazia."
"quietly"|"He quietly closed the door so as not to wake anyone."|"silenciosamente(advérbio)"|"Ele fechou a porta silenciosamente para não acordar ninguém."
"quite"|"The movie was quite good, actually."|"bastante(advérbio)"|"O filme foi bastante bom, na verdade."
"quote"|"He opened his speech with a quote from Martin Luther King."|"citação(substantivo)"|"Ele abriu o discurso com uma citação de Martin Luther King."
"rabbit"|"The rabbit hopped across the yard."|"coelho(substantivo)"|"O coelho pulou pelo quintal."
"race"|"She won the race by two seconds."|"corrida(substantivo)"|"Ela venceu a corrida por dois segundos."
"racial"|"The company has a racial diversity program."|"racial(adjetivo)"|"A empresa tem um programa de diversidade racial."
"racism"|"Racism has no place in our school."|"racismo(substantivo)"|"Racismo não tem lugar na nossa escola."
"rack"|"Hang your coat on the rack."|"cabide/suporte(substantivo)"|"Pendure seu casaco no cabide."
"radar"|"The plane showed up on radar."|"radar(substantivo)"|"O avião apareceu no radar."
"radiation"|"The patient received radiation treatment."|"radiação(substantivo)"|"O paciente recebeu tratamento de radiação."
"radical"|"That was a pretty radical change."|"radical(adjetivo)"|"Essa foi uma mudança bem radical."
"radio"|"Turn off the radio, please."|"rádio(substantivo)"|"Desligue o rádio, por favor."
"rage"|"He left the room in a rage."|"raiva intensa(substantivo)"|"Ele saiu da sala em uma fúria."
"rail"|"Hold the rail so you don't fall."|"corrimão(substantivo)"|"Segure no corrimão para não cair."
"railroad"|"The old railroad crosses the valley."|"ferrovia(substantivo)"|"A antiga ferrovia atravessa o vale."
"rain"|"The rain ruined our picnic."|"chuva(substantivo)"|"A chuva estragou nosso piquenique."
"rally"|"Thousands attended the political rally."|"comício/manifestação(substantivo)"|"Milhares compareceram ao comício político."
"ranch"|"They raise cattle on a ranch in Texas."|"fazenda(substantivo)"|"Eles criam gado em uma fazenda no Texas."
"random"|"The winners were chosen at random."|"aleatório(adjetivo)"|"Os vencedores foram escolhidos aleatoriamente."
"range"|"The store has a wide range of products."|"variedade/gama(substantivo)"|"A loja tem uma ampla gama de produtos."
"rank"|"He reached the rank of captain."|"posto/patente(substantivo)"|"Ele alcançou o posto de capitão."
"rape"|"Rape is a serious crime."|"estupro(substantivo)"|"Estupro é um crime grave."
"rapid"|"The river has a rapid current."|"rápido(adjetivo)"|"O rio tem uma corrente rápida."
"rapidly"|"The situation is rapidly changing."|"rapidamente(advérbio)"|"A situação está mudando rapidamente."
"rare"|"A rare disease affects thousands worldwide."|"raro(adjetivo)"|"Uma doença rara afeta milhares no mundo."
"rarely"|"She rarely eats red meat."|"raramente(advérbio)"|"Ela raramente come carne vermelha."
"rat"|"A rat got into the kitchen."|"rato(substantivo)"|"Um rato entrou na cozinha."
"rate"|"The crime rate has dropped this year."|"taxa/índice(substantivo)"|"A taxa de criminalidade caiu este ano."
"rather"|"I'd rather stay home tonight."|"preferiria(advérbio)"|"Eu preferia ficar em casa esta noite."
"rather"|"She was rather tired after work."|"bastante(advérbio)"|"Ela estava bastante cansada após o trabalho."
"rather"|"I'll have tea rather than coffee."|"em vez de(conjunção)"|"Vou tomar chá em vez de café."
"rating"|"The movie got a high rating online."|"avaliação/classificação(substantivo)"|"O filme recebeu uma avaliação alta online."
"ratio"|"The ratio of students to teachers is 20 to 1."|"proporção(substantivo)"|"A proporção de alunos por professor é de 20 para 1."
"rational"|"Let's try to be rational about this."|"racional(adjetivo)"|"Vamos tentar ser racionais quanto a isso."
"raw"|"The chicken is still raw inside."|"cru(adjetivo)"|"O frango ainda está cru por dentro."
"re"|"She went re-read the chapter again."|"re-/novamente(prefixo/preposição)"|"Ela foi reler o capítulo novamente."
"reach"|"The product is within reach of most families."|"alcance(substantivo)"|"O produto está ao alcance da maioria das famílias."
"reaction"|"His reaction to the news was surprising."|"reação(substantivo)"|"A reação dele à notícia foi surpreendente."
"reader"|"She's a fast reader."|"leitor(substantivo)"|"Ela é uma leitora rápida."
"readily"|"He readily admitted his mistake."|"prontamente(advérbio)"|"Ele prontamente admitiu seu erro."
"reading"|"Reading before bed helps me relax."|"leitura(substantivo)"|"Ler antes de dormir me ajuda a relaxar."
"ready"|"Dinner is ready."|"pronto(adjetivo)"|"O jantar está pronto."
"real"|"Is this a real diamond?"|"real/verdadeiro(adjetivo)"|"Isso é um diamante de verdade?"
"realistic"|"We need to set realistic goals."|"realista(adjetivo)"|"Precisamos estabelecer metas realistas."
"reality"|"Sometimes reality is harder than we expect."|"realidade(substantivo)"|"Às vezes a realidade é mais difícil do que esperamos."
"really"|"I really need a vacation."|"realmente/de verdade(advérbio)"|"Eu realmente preciso de férias."
"realm"|"That's outside the realm of possibility."|"âmbito/domínio(substantivo)"|"Isso está fora do âmbito das possibilidades."
"rear"|"Check the rear window before reversing."|"traseiro(adjetivo)"|"Verifique o vidro traseiro antes de dar ré."
"reason"|"What's your reason for being late?"|"motivo/razão(substantivo)"|"Qual é o seu motivo para estar atrasado?"
"reasonable"|"That's a very reasonable price."|"razoável(adjetivo)"|"Esse é um preço muito razoável."
"rebel"|"He was always the rebel of the family."|"rebelde(substantivo)"|"Ele sempre foi o rebelde da família."
"receiver"|"He picked up the phone receiver."|"receptor/fone(substantivo)"|"Ele pegou o fone do telefone."
"recent"|"Have you seen any recent news?"|"recente(adjetivo)"|"Você viu alguma notícia recente?"
"recently"|"I recently started going to the gym."|"recentemente(advérbio)"|"Eu comecei a ir à academia recentemente."
"reception"|"The hotel reception is on the first floor."|"recepção(substantivo)"|"A recepção do hotel fica no primeiro andar."
"recession"|"Many people lost their jobs during the recession."|"recessão(substantivo)"|"Muitas pessoas perderam seus empregos durante a recessão."
"recipe"|"Can you send me that recipe?"|"receita(substantivo)"|"Você pode me mandar essa receita?"
"recipient"|"The recipient of the award gave a short speech."|"destinatário/receptor(substantivo)"|"O ganhador do prêmio fez um discurso curto."
"recognition"|"She finally got the recognition she deserved."|"reconhecimento(substantivo)"|"Ela finalmente recebeu o reconhecimento que merecia."
"recommendation"|"Do you have a restaurant recommendation?"|"recomendação(substantivo)"|"Você tem alguma recomendação de restaurante?"
"record"|"He broke the world record last year."|"recorde(substantivo)"|"Ele quebrou o recorde mundial no ano passado."
"recording"|"The recording quality on this video is really bad."|"gravação(substantivo)"|"A qualidade da gravação nesse vídeo é péssima."
"recovery"|"Her recovery after surgery was faster than expected."|"recuperação(substantivo)"|"A recuperação dela após a cirurgia foi mais rápida do que o esperado."
"red"|"She was wearing a red dress at the party."|"vermelho(adjetivo)"|"Ela estava usando um vestido vermelho na festa."
"reduction"|"There was a significant reduction in prices."|"redução(substantivo)"|"Houve uma redução significativa nos preços."
"reference"|"Please list three references on your resume."|"referência(substantivo)"|"Por favor, liste três referências no seu currículo."
"reflection"|"I saw my reflection in the window."|"reflexo(substantivo)"|"Eu vi meu reflexo na janela."
"reform"|"The government announced a major education reform."|"reforma(substantivo)"|"O governo anunciou uma grande reforma na educação."
"refrigerator"|"Put the leftovers in the refrigerator."|"geladeira(substantivo)"|"Coloque as sobras na geladeira."
"refuge"|"They found refuge in a small church during the storm."|"refúgio(substantivo)"|"Eles encontraram refúgio em uma pequena igreja durante a tempestade."
"refugee"|"The family arrived as refugees from a war zone."|"refugiado(substantivo)"|"A família chegou como refugiada de uma zona de guerra."
"regard"|"She has no regard for other people's feelings."|"consideração/respeito(substantivo)"|"Ela não tem nenhuma consideração pelos sentimentos dos outros."
"regard"|"With regard to your question, I'll answer shortly."|"em relação a(preposição)"|"Com relação à sua pergunta, responderei em breve."
"regarding"|"I have a few questions regarding the contract."|"em relação a(preposição)"|"Tenho algumas perguntas em relação ao contrato."
"regardless"|"She kept going, regardless of the rain."|"independentemente(advérbio)"|"Ela continuou andando, independentemente da chuva."
"regime"|"The country suffered under a harsh regime for decades."|"regime(substantivo)"|"O país sofreu sob um regime duro por décadas."
"region"|"This region is known for its wine."|"região(substantivo)"|"Essa região é conhecida pelo seu vinho."
"regional"|"They speak a regional dialect in that area."|"regional(adjetivo)"|"Eles falam um dialeto regional naquela área."
"regular"|"We have a regular meeting every Monday morning."|"regular/habitual(adjetivo)"|"Temos uma reunião regular toda segunda-feira de manhã."
"regularly"|"You should regularly back up your files."|"regularmente(advérbio)"|"Você deve fazer backup dos seus arquivos regularmente."
"regulation"|"There are strict regulations about food safety."|"regulamentação(substantivo)"|"Existem regulamentações rígidas sobre segurança alimentar."
"regulator"|"The financial regulator launched an investigation."|"regulador(substantivo)"|"O regulador financeiro abriu uma investigação."
"regulatory"|"All products must meet regulatory standards."|"regulatório(adjetivo)"|"Todos os produtos devem atender aos padrões regulatórios."
"rehabilitation"|"He went through months of rehabilitation after the accident."|"reabilitação(substantivo)"|"Ele passou por meses de reabilitação após o acidente."
"related"|"These two problems are closely related."|"relacionado(adjetivo)"|"Esses dois problemas estão intimamente relacionados."
"relation"|"There's a direct relation between sleep and mood."|"relação(substantivo)"|"Há uma relação direta entre o sono e o humor."
"relationship"|"They've been in a relationship for three years."|"relacionamento(substantivo)"|"Eles estão em um relacionamento há três anos."
"relative"|"I'm staying with a relative while I look for an apartment."|"parente(substantivo)"|"Estou hospedado na casa de um parente enquanto procuro apartamento."
"relative"|"The cost is relative to the quality of the product."|"relativo(adjetivo)"|"O custo é relativo à qualidade do produto."
"relatively"|"The exam was relatively easy compared to last year's."|"relativamente(advérbio)"|"A prova foi relativamente fácil comparada à do ano passado."
"release"|"The album release is scheduled for next Friday."|"lançamento/liberação(substantivo)"|"O lançamento do álbum está previsto para a próxima sexta."
"relevant"|"Please include only relevant information in your report."|"relevante(adjetivo)"|"Por favor, inclua apenas informações relevantes no seu relatório."
"reliability"|"The reliability of this car brand is well known."|"confiabilidade(substantivo)"|"A confiabilidade dessa marca de carro é bem conhecida."
"reliable"|"She's the most reliable person on the team."|"confiável(adjetivo)"|"Ela é a pessoa mais confiável da equipe."
"relief"|"It was such a relief to hear she was okay."|"alívio(substantivo)"|"Foi um alívio imenso saber que ela estava bem."
"religion"|"Religion plays an important role in her life."|"religião(substantivo)"|"A religião tem um papel importante na vida dela."
"religious"|"They follow strict religious practices."|"religioso(adjetivo)"|"Eles seguem práticas religiosas rígidas."
"reluctant"|"He was reluctant to ask for help."|"relutante(adjetivo)"|"Ele estava relutante em pedir ajuda."
"remaining"|"Use the remaining ingredients to make a soup."|"restante(adjetivo)"|"Use os ingredientes restantes para fazer uma sopa."
"remark"|"His remark about her work was unnecessary."|"comentário/observação(substantivo)"|"O comentário dele sobre o trabalho dela foi desnecessário."
"remarkable"|"She has a remarkable memory for names."|"notável/impressionante(adjetivo)"|"Ela tem uma memória impressionante para nomes."
"reminder"|"I set a reminder on my phone for the meeting."|"lembrete(substantivo)"|"Coloquei um lembrete no celular para a reunião."
"remote"|"They live in a remote village with no internet."|"remoto/isolado(adjetivo)"|"Eles moram em uma vila remota sem internet."
"removal"|"The removal of the old carpet took all morning."|"remoção(substantivo)"|"A remoção do tapete velho levou a manhã toda."
"rent"|"The rent for this apartment is too high."|"aluguel(substantivo)"|"O aluguel desse apartamento é muito caro."
"rental"|"We picked up the rental car at the airport."|"aluguel/locação(substantivo)"|"Pegamos o carro alugado no aeroporto."
"repair"|"The repair took longer than expected."|"conserto(substantivo)"|"O conserto demorou mais do que o esperado."
"repeatedly"|"She repeatedly asked him to lower the volume."|"repetidamente(advérbio)"|"Ela pediu repetidamente para ele baixar o volume."
"replacement"|"We need a replacement for the broken part."|"substituto/peça substituta(substantivo)"|"Precisamos de um substituto para a peça quebrada."
"report"|"The report was due on Friday."|"relatório(substantivo)"|"O relatório tinha prazo para sexta-feira."
"reportedly"|"The fire reportedly started in the kitchen."|"segundo relatos(advérbio)"|"Segundo relatos, o incêndio começou na cozinha."
"reporter"|"The reporter interviewed the mayor."|"repórter(substantivo)"|"O repórter entrevistou o prefeito."
"reporting"|"The reporting on the accident was thorough."|"cobertura jornalística(substantivo)"|"A cobertura jornalística do acidente foi completa."
"representation"|"The union fought for better representation."|"representação(substantivo)"|"O sindicato lutou por uma representação melhor."
"representative"|"She met with her congressional representative."|"representante(substantivo)"|"Ela se reuniu com seu representante no congresso."
"representative"|"The sample is representative of the whole group."|"representativo(adjetivo)"|"A amostra é representativa do grupo inteiro."
"republic"|"France is a democratic republic."|"república(substantivo)"|"A França é uma república democrática."
"Republican"|"The Republican won the Senate seat."|"republicano(substantivo)"|"O republicano ganhou a cadeira no Senado."
"republican"|"She comes from a republican family."|"republicano(adjetivo)"|"Ela vem de uma família republicana."
"reputation"|"He has a reputation for being honest."|"reputação(substantivo)"|"Ele tem reputação de ser honesto."
"request"|"She made a request to leave early."|"pedido/solicitação(substantivo)"|"Ela fez um pedido para sair mais cedo."
"required"|"A valid ID is required to enter."|"obrigatório/exigido(adjetivo)"|"Um documento válido é obrigatório para entrar."
"requirement"|"A degree is a requirement for this job."|"requisito/exigência(substantivo)"|"Um diploma é um requisito para esse trabalho."
"rescue"|"The rescue took place at sea."|"resgate(substantivo)"|"O resgate aconteceu no mar."
"research"|"The research took years to complete."|"pesquisa(substantivo)"|"A pesquisa levou anos para ser concluída."
"researcher"|"The researcher published her findings."|"pesquisador(substantivo)"|"A pesquisadora publicou suas descobertas."
"reservation"|"I made a reservation for two at 7 p.m."|"reserva(substantivo)"|"Fiz uma reserva para dois às 19h."
"reserve"|"The nature reserve is home to rare birds."|"reserva natural(substantivo)"|"A reserva natural abriga pássaros raros."
"residence"|"His residence is just outside the city."|"residência(substantivo)"|"A residência dele fica nos arredores da cidade."
"resident"|"Every resident received a notice in the mail."|"morador/residente(substantivo)"|"Cada morador recebeu um aviso pelo correio."
"residential"|"This is a quiet residential neighborhood."|"residencial(adjetivo)"|"Este é um bairro residencial tranquilo."
"resistance"|"There was strong resistance to the new policy."|"resistência(substantivo)"|"Houve grande resistência à nova política."
"resolution"|"The board passed a resolution to cut costs."|"resolução/decisão(substantivo)"|"O conselho aprovou uma resolução para cortar custos."
"resort"|"They spent the week at a beach resort."|"resort/complexo turístico(substantivo)"|"Eles passaram a semana em um resort de praia."
"resource"|"Water is our most important natural resource."|"recurso(substantivo)"|"A água é o nosso recurso natural mais importante."
"respect"|"She earned the respect of her colleagues."|"respeito(substantivo)"|"Ela conquistou o respeito dos colegas."
"respect"|"In respect to your question, I have no answer."|"com relação a(preposição)"|"Com relação à sua pergunta, não tenho resposta."
"respectively"|"Tom and Ana scored 90 and 85, respectively."|"respectivamente(advérbio)"|"Tom e Ana tiraram 90 e 85, respectivamente."
"respondent"|"Each respondent answered twenty questions."|"respondente/entrevistado(substantivo)"|"Cada entrevistado respondeu a vinte perguntas."
"response"|"His response surprised everyone in the room."|"resposta(substantivo)"|"A resposta dele surpreendeu todos na sala."
"response"|"In response to the complaint, they issued a refund."|"em resposta a(preposição)"|"Em resposta à reclamação, eles emitiram o reembolso."
"responsibility"|"It's your responsibility to lock the door."|"responsabilidade(substantivo)"|"É sua responsabilidade trancar a porta."
"responsible"|"She is responsible for the whole project."|"responsável(adjetivo)"|"Ela é responsável pelo projeto inteiro."
"rest"|"I need a few days of rest."|"descanso(substantivo)"|"Preciso de alguns dias de descanso."
"restaurant"|"We found a great restaurant downtown."|"restaurante(substantivo)"|"Encontramos um ótimo restaurante no centro."
"restriction"|"There is a restriction on loud music after 10 p.m."|"restrição(substantivo)"|"Há uma restrição para música alta após as 22h."
"result"|"The test result came back negative."|"resultado(substantivo)"|"O resultado do exame veio negativo."
"retail"|"The retail price is higher than the wholesale price."|"varejista/de varejo(adjetivo)"|"O preço de varejo é mais alto do que o preço no atacado."
"retailer"|"The retailer offered a discount on weekends."|"varejista(substantivo)"|"O varejista ofereceu desconto nos fins de semana."
"retired"|"My retired neighbor gardens every morning."|"aposentado(adjetivo)"|"Meu vizinho aposentado cuida do jardim toda manhã."
"retirement"|"He celebrated his retirement with a big party."|"aposentadoria(substantivo)"|"Ele celebrou sua aposentadoria com uma grande festa."
"retreat"|"The team went on a weekend retreat."|"retiro(substantivo)"|"A equipe foi a um retiro de fim de semana."
"return"|"His return home was a big surprise."|"retorno/volta(substantivo)"|"A volta dele para casa foi uma grande surpresa."
"revelation"|"The ending of that movie was a total revelation."|"revelação(substantivo)"|"O final daquele filme foi uma revelação total."
"revenue"|"The company's revenue doubled this year."|"receita/faturamento(substantivo)"|"O faturamento da empresa dobrou este ano."
"review"|"I always read reviews before buying something online."|"avaliação/análise(substantivo)"|"Eu sempre leio avaliações antes de comprar algo online."
"revolution"|"The Industrial Revolution changed the world forever."|"revolução(substantivo)"|"A Revolução Industrial mudou o mundo para sempre."
"revolutionary"|"That was a revolutionary idea at the time."|"revolucionário(adjetivo)"|"Aquela era uma ideia revolucionária na época."
"reward"|"Hard work comes with its own reward."|"recompensa(substantivo)"|"O trabalho duro traz sua própria recompensa."
"rhetoric"|"His speech was full of empty rhetoric."|"retórica(substantivo)"|"O discurso dele estava cheio de retórica vazia."
"rhythm"|"She has a natural sense of rhythm when she dances."|"ritmo(substantivo)"|"Ela tem um senso natural de ritmo quando dança."
"rib"|"He cracked a rib during the game."|"costela(substantivo)"|"Ele quebrou uma costela durante o jogo."
"ribbon"|"She tied a red ribbon around the gift."|"fita(substantivo)"|"Ela amarrou uma fita vermelha no presente."
"rice"|"We have rice and beans almost every day."|"arroz(substantivo)"|"A gente come arroz e feijão quase todo dia."
"rich"|"She grew up in a rich neighborhood."|"rico(adjetivo)"|"Ela cresceu num bairro rico."
"ride"|"The ride to the airport took over an hour."|"viagem/trajeto(substantivo)"|"O trajeto até o aeroporto levou mais de uma hora."
"rider"|"The rider lost control of his bike on the curve."|"ciclista/motociclista(substantivo)"|"O ciclista perdeu o controle da bicicleta na curva."
"ridge"|"We hiked along the ridge of the mountain."|"crista/cumeeira(substantivo)"|"A gente fez trilha ao longo da crista da montanha."
"ridiculous"|"That price is absolutely ridiculous."|"ridículo(adjetivo)"|"Esse preço é completamente ridículo."
"rifle"|"The soldier carried a rifle on his back."|"rifle/espingarda(substantivo)"|"O soldado carregava um rifle nas costas."
"right"|"Turn right at the traffic light."|"à direita(advérbio)"|"Vire à direita no semáforo."
"right"|"Everyone has the right to free speech."|"direito(substantivo)"|"Todo mundo tem o direito à liberdade de expressão."
"right"|"That's the right answer."|"correto(adjetivo)"|"Essa é a resposta correta."
"rim"|"There's a crack on the rim of this glass."|"borda/aro(substantivo)"|"Tem uma rachadura na borda desse copo."
"ring"|"She got an engagement ring last night."|"anel(substantivo)"|"Ela ganhou um anel de noivado ontem à noite."
"riot"|"A riot broke out after the game ended."|"tumulto/distúrbio(substantivo)"|"Um tumulto explodiu depois que o jogo terminou."
"rise"|"There's been a rise in food prices lately."|"aumento/alta(substantivo)"|"Tem havido um aumento nos preços dos alimentos ultimamente."
"risk"|"Starting a business always involves some risk."|"risco(substantivo)"|"Abrir um negócio sempre envolve algum risco."
"risky"|"Driving in that storm was really risky."|"arriscado(adjetivo)"|"Dirigir naquela tempestade foi muito arriscado."
"ritual"|"Making coffee in the morning is my daily ritual."|"ritual(substantivo)"|"Fazer café de manhã é o meu ritual diário."
"rival"|"The two companies have been rivals for decades."|"rival/concorrente(substantivo)"|"As duas empresas são rivais há décadas."
"river"|"We spent the afternoon fishing by the river."|"rio(substantivo)"|"A gente passou a tarde pescando à beira do rio."
"road"|"The road to the beach is under construction."|"estrada/rua(substantivo)"|"A estrada para a praia está em obras."
"robot"|"The factory replaced several workers with robots."|"robô(substantivo)"|"A fábrica substituiu vários funcionários por robôs."
"rock"|"He threw a rock into the lake."|"pedra/rocha(substantivo)"|"Ele jogou uma pedra no lago."
"rocket"|"The rocket launched successfully into orbit."|"foguete(substantivo)"|"O foguete foi lançado com sucesso para a órbita."
"rod"|"He bought a new fishing rod for the trip."|"vara(substantivo)"|"Ele comprou uma vara de pesca nova para a viagem."
"role"|"She played the lead role in the school play."|"papel/função(substantivo)"|"Ela fez o papel principal na peça da escola."
"roll"|"He ate two bread rolls at dinner."|"pãozinho/rolinho(substantivo)"|"Ele comeu dois pãezinhos no jantar."
"rolling"|"The car went through rolling hills in the countryside."|"ondulante(adjetivo)"|"O carro passou por colinas ondulantes no interior."
"Roman"|"They visited a Roman temple in Italy."|"romano(adjetivo)"|"Eles visitaram um templo romano na Itália."
"romance"|"Their romance started at work."|"romance(substantivo)"|"O romance deles começou no trabalho."
"romantic"|"He planned a romantic dinner for their anniversary."|"romântico(adjetivo)"|"Ele planejou um jantar romântico para o aniversário deles."
"roof"|"The roof started leaking during the storm."|"telhado(substantivo)"|"O telhado começou a vazar durante a tempestade."
"room"|"There's no room for another chair in here."|"espaço/quarto(substantivo)"|"Não tem espaço para mais uma cadeira aqui."
"root"|"The roots of this tree go really deep."|"raiz(substantivo)"|"As raízes dessa árvore vão muito fundo."
"rope"|"He tied the boat to the dock with a rope."|"corda(substantivo)"|"Ele amarrou o barco no cais com uma corda."
"rose"|"He gave her a single red rose."|"rosa(substantivo)"|"Ele deu a ela uma única rosa vermelha."
"rough"|"The road was too rough for a regular car."|"acidentado/irregular(adjetivo)"|"A estrada era acidentada demais para um carro comum."
"roughly"|"It takes roughly 30 minutes to get there."|"aproximadamente(advérbio)"|"Leva aproximadamente 30 minutos para chegar lá."
"round"|"The boxer won in the third round."|"round/rodada(substantivo)"|"O boxeador venceu no terceiro round."
"round"|"We sat around a round table."|"redondo(adjetivo)"|"A gente sentou ao redor de uma mesa redonda."
"route"|"What's the fastest route to downtown?"|"rota/caminho(substantivo)"|"Qual é a rota mais rápida para o centro?"
"routine"|"My morning routine starts with coffee."|"rotina(substantivo)"|"Minha rotina matinal começa com café."
"routinely"|"She routinely checks her email before lunch."|"rotineiramente(advérbio)"|"Ela rotineiramente verifica o e-mail antes do almoço."
"row"|"We sat in the front row at the concert."|"fila(substantivo)"|"Sentamos na primeira fila do show."
"royal"|"The royal family appeared on the balcony."|"real(adjetivo)"|"A família real apareceu na varanda."
"rubber"|"The rubber sole on my shoe wore out."|"de borracha(adjetivo)"|"A sola de borracha do meu tênis desgastou."
"rule"|"There's a rule against using phones in class."|"regra(substantivo)"|"Há uma regra proibindo o uso de celular em aula."
"ruling"|"The judge issued a ruling in her favor."|"decisão judicial(substantivo)"|"O juiz emitiu uma decisão em favor dela."
"rumor"|"There's a rumor going around that he quit."|"rumor(substantivo)"|"Há um boato circulando de que ele saiu."
"run"|"I went for a run before breakfast."|"corrida(substantivo)"|"Fui correr antes do café da manhã."
"runner"|"The runner crossed the finish line first."|"corredor(substantivo)"|"O corredor cruzou a linha de chegada em primeiro."
"running"|"He has a running tab at that bar."|"contínuo(adjetivo)"|"Ele tem uma conta aberta naquele bar."
"running"|"Running is her favorite form of exercise."|"corrida(substantivo)"|"Corrida é a forma favorita de exercício dela."
"rural"|"They moved to a rural area to escape the city."|"rural(adjetivo)"|"Eles se mudaram para uma área rural para fugir da cidade."
"rush"|"The morning rush makes the subway unbearable."|"correria(substantivo)"|"A correria da manhã torna o metrô insuportável."
"Russian"|"She ordered Russian dressing on her salad."|"russo(adjetivo)"|"Ela pediu molho russo na salada."
"Russian"|"He's a Russian who moved to Brazil ten years ago."|"russo(substantivo)"|"Ele é um russo que se mudou para o Brasil há dez anos."
"sack"|"He carried a sack of potatoes from the market."|"saco(substantivo)"|"Ele carregou um saco de batatas do mercado."
"sacred"|"This land is sacred to the indigenous community."|"sagrado(adjetivo)"|"Esta terra é sagrada para a comunidade indígena."
"sacrifice"|"Raising kids requires a lot of sacrifice."|"sacrifício(substantivo)"|"Criar filhos exige muito sacrifício."
"sad"|"She felt sad when her dog passed away."|"triste(adjetivo)"|"Ela ficou triste quando o cachorro dela morreu."
"safe"|"Is it safe to drink the tap water here?"|"seguro(adjetivo)"|"É seguro beber água da torneira aqui?"
"safely"|"The pilot landed the plane safely."|"com segurança(advérbio)"|"O piloto pousou o avião com segurança."
"safety"|"Always wear a helmet for your own safety."|"segurança(substantivo)"|"Sempre use capacete pela sua própria segurança."
"sake"|"I quit sugar for the sake of my health."|"bem(substantivo)"|"Parei de comer açúcar pelo bem da minha saúde."
"salad"|"I made a salad with tomatoes and cucumbers."|"salada(substantivo)"|"Fiz uma salada com tomates e pepinos."
"salary"|"She negotiated a higher salary at her new job."|"salário(substantivo)"|"Ela negociou um salário maior no novo emprego."
"sale"|"The store is having a big sale this weekend."|"liquidação(substantivo)"|"A loja está fazendo uma grande liquidação neste fim de semana."
"sales"|"The sales team hit their target this quarter."|"vendas(substantivo)"|"A equipe de vendas bateu a meta neste trimestre."
"salmon"|"We grilled salmon for dinner last night."|"salmão(substantivo)"|"Grelhamos salmão no jantar ontem à noite."
"salt"|"Can you pass me the salt, please?"|"sal(substantivo)"|"Você pode me passar o sal, por favor?"
"same"|"We ordered the same dish by accident."|"mesmo(determinante)"|"Pedimos o mesmo prato sem querer."
"sample"|"The doctor sent a blood sample to the lab."|"amostra(substantivo)"|"O médico enviou uma amostra de sangue ao laboratório."
"sanction"|"The government imposed a sanction on the company."|"sanção(substantivo)"|"O governo impôs uma sanção à empresa."
"sand"|"The kids built a castle in the sand."|"areia(substantivo)"|"As crianças construíram um castelo na areia."
"sandwich"|"I packed a turkey sandwich for lunch."|"sanduíche(substantivo)"|"Preparei um sanduíche de peru para o almoço."
"satellite"|"The satellite sends signals back to Earth."|"satélite(substantivo)"|"O satélite envia sinais de volta à Terra."
"satisfaction"|"She finished the project with a sense of satisfaction."|"satisfação(substantivo)"|"Ela terminou o projeto com uma sensação de satisfação."
"sauce"|"This pasta sauce is incredibly rich."|"molho(substantivo)"|"Este molho de macarrão é incrivelmente encorpado."
"saving"|"Buying in bulk is a real saving."|"economia(substantivo)"|"Comprar em quantidade é uma economia de verdade."
"scale"|"The scale showed he had lost five pounds."|"balança(substantivo)"|"A balança mostrou que ele havia perdido cinco quilos."
"scandal"|"The financial scandal dominated the news for weeks."|"escândalo(substantivo)"|"O escândalo financeiro dominou as notícias por semanas."
"scared"|"She was scared to walk home alone at night."|"com medo(adjetivo)"|"Ela estava com medo de voltar para casa sozinha à noite."
"scary"|"That horror movie was really scary."|"assustador(adjetivo)"|"Aquele filme de terror foi muito assustador."
"scenario"|"In the worst-case scenario, we'll have to cancel."|"cenário(substantivo)"|"No pior cenário, teremos que cancelar."
"scene"|"The crime scene was blocked off by police."|"cena(substantivo)"|"A cena do crime foi isolada pela polícia."
"scent"|"The scent of fresh bread filled the bakery."|"aroma(substantivo)"|"O aroma de pão fresco tomou conta da padaria."
"schedule"|"My schedule is packed this week."|"agenda(substantivo)"|"Minha agenda está lotada esta semana."
"scheme"|"The city launched a scheme to reduce traffic."|"programa(substantivo)"|"A cidade lançou um programa para reduzir o trânsito."
"scholar"|"She's a respected scholar in medieval history."|"estudioso(substantivo)"|"Ela é uma estudiosa respeitada em história medieval."
"scholarship"|"He won a full scholarship to study abroad."|"bolsa de estudos(substantivo)"|"Ele ganhou uma bolsa de estudos integral para estudar no exterior."
"school"|"She walks to school every day."|"escola(substantivo)"|"Ela vai à escola a pé todo dia."
"science"|"Science class is my favorite."|"ciência(substantivo)"|"Aula de ciências é minha favorita."
"scientific"|"The scientific evidence is clear."|"científico(adjetivo)"|"A evidência científica é clara."
"scientist"|"The scientist works in a lab."|"cientista(substantivo)"|"A cientista trabalha num laboratório."
"scope"|"The scope of the project is huge."|"alcance/abrangência(substantivo)"|"A abrangência do projeto é enorme."
"score"|"What was the final score?"|"placar/pontuação(substantivo)"|"Qual foi o placar final?"
"screen"|"The screen on my phone cracked."|"tela(substantivo)"|"A tela do meu celular trincou."
"screening"|"There will be a free screening of the film tonight."|"exibição(substantivo)"|"Haverá uma exibição gratuita do filme esta noite."
"script"|"The actor memorized the whole script."|"roteiro(substantivo)"|"O ator memorizou o roteiro inteiro."
"sculpture"|"There's a beautiful sculpture in the park."|"escultura(substantivo)"|"Tem uma escultura linda no parque."
"sea"|"We watched the sunset over the sea."|"mar(substantivo)"|"Assistimos ao pôr do sol sobre o mar."
"seal"|"The seal on the bottle was broken."|"lacre(substantivo)"|"O lacre da garrafa estava violado."
"search"|"The search for her keys took an hour."|"busca/procura(substantivo)"|"A procura pelas chaves dela levou uma hora."
"season"|"Fall is my favorite season."|"estação(substantivo)"|"Outono é minha estação favorita."
"seat"|"Is this seat taken?"|"assento/lugar(substantivo)"|"Este lugar está ocupado?"
"second"|"She finished in second place."|"segundo(numeral)"|"Ela terminou em segundo lugar."
"second"|"Wait just a second."|"segundo(substantivo — unidade de tempo)"|"Espera só um segundo."
"secondary"|"That's a secondary concern right now."|"secundário(adjetivo)"|"Isso é uma preocupação secundária agora."
"secret"|"Can you keep a secret?"|"segredo(substantivo)"|"Você consegue guardar um segredo?"
"secret"|"They had a secret meeting after work."|"secreto(adjetivo)"|"Eles tiveram uma reunião secreta depois do trabalho."
"secretary"|"The secretary scheduled all the meetings."|"secretário/a(substantivo)"|"A secretária agendou todas as reuniões."
"section"|"Read the first section of the chapter."|"seção(substantivo)"|"Leia a primeira seção do capítulo."
"sector"|"She works in the private sector."|"setor(substantivo)"|"Ela trabalha no setor privado."
"secular"|"It's a secular school with no religious classes."|"laico/secular(adjetivo)"|"É uma escola laica sem aulas religiosas."
"secure"|"Make sure the door is secure before you leave."|"seguro/bem fechado(adjetivo)"|"Certifique-se de que a porta está bem fechada antes de sair."
"security"|"There's tight security at the airport."|"segurança(substantivo)"|"A segurança no aeroporto é rigorosa."
"seed"|"She planted a seed in a small pot."|"semente(substantivo)"|"Ela plantou uma semente num vasinho."
"seemingly"|"He was seemingly calm, but nervous inside."|"aparentemente(advérbio)"|"Ele estava aparentemente calmo, mas nervoso por dentro."
"segment"|"We're targeting a specific market segment."|"segmento(substantivo)"|"Estamos mirando um segmento de mercado específico."
"seldom"|"He seldom eats breakfast."|"raramente(advérbio)"|"Ele raramente toma café da manhã."
"selected"|"Only selected candidates will be contacted."|"selecionado(adjetivo)"|"Somente os candidatos selecionados serão contatados."
"selection"|"The store has a wide selection of cheeses."|"seleção/variedade(substantivo)"|"A loja tem uma grande variedade de queijos."
"self"|"She did it all by herself."|"si mesmo/próprio(substantivo)"|"Ela fez tudo por conta própria."
"self-esteem"|"Low self-esteem can affect your daily life."|"autoestima(substantivo)"|"A baixa autoestima pode afetar sua vida diária."
"seller"|"He's the top seller on the team."|"vendedor(substantivo)"|"Ele é o melhor vendedor da equipe."
"seminar"|"I attended a seminar on leadership last week."|"seminário(substantivo)"|"Participei de um seminário sobre liderança semana passada."
"Senate"|"The bill passed in the Senate."|"Senado(substantivo)"|"O projeto de lei foi aprovado no Senado."
"senator"|"The senator gave a long speech."|"senador/a(substantivo)"|"O senador fez um discurso longo."
"senior"|"She's a senior employee with twenty years of experience."|"sênior/experiente(adjetivo)"|"Ela é uma funcionária sênior com vinte anos de experiência."
"senior"|"The seniors at school are planning their prom."|"aluno do último ano(substantivo)"|"Os alunos do último ano estão planejando o baile de formatura."
"sensation"|"I felt a burning sensation in my arm."|"sensação(substantivo)"|"Senti uma sensação de queimação no braço."
"sense"|"I have a strong sense of smell."|"sentido(substantivo)"|"Tenho um olfato muito apurado."
"sensitive"|"She's sensitive to criticism."|"sensível(adjetivo)"|"Ela é sensível a críticas."
"sensitivity"|"He showed great sensitivity during the conversation."|"sensibilidade(substantivo)"|"Ele demonstrou muita sensibilidade durante a conversa."
"sensor"|"The motion sensor turned on the light."|"sensor(substantivo)"|"O sensor de movimento acendeu a luz."
"sentence"|"He got a ten-year sentence."|"sentença/pena(substantivo)"|"Ele recebeu uma pena de dez anos."
"sentiment"|"The general sentiment in the office is positive."|"sentimento/clima(substantivo)"|"O clima geral no escritório é positivo."
"separate"|"They sleep in separate rooms."|"separado(adjetivo)"|"Eles dormem em quartos separados."
"separation"|"The separation was hard on the kids."|"separação(substantivo)"|"A separação foi difícil para as crianças."
"sequence"|"Follow the steps in the correct sequence."|"sequência(substantivo)"|"Siga os passos na sequência correta."
"series"|"I've been watching a new series on Netflix."|"série(substantivo)"|"Tenho assistido uma nova série na Netflix."
"serious"|"This is a serious problem — we need to fix it now."|"sério(adjetivo)"|"Isso é um problema sério — precisamos resolver agora."
"seriously"|"She takes her studies seriously."|"a sério/seriamente(advérbio)"|"Ela leva os estudos a sério."
"servant"|"The servant brought food to the dining room."|"servo/empregado(substantivo)"|"O empregado trouxe comida para a sala de jantar."
"service"|"The service at that restaurant was excellent."|"atendimento/serviço(substantivo)"|"O atendimento naquele restaurante foi excelente."
"serving"|"One serving of rice is about half a cup."|"porção(substantivo)"|"Uma porção de arroz é cerca de meia xícara."
"session"|"We have a training session this afternoon."|"sessão(substantivo)"|"Temos uma sessão de treinamento esta tarde."
"set"|"I bought a set of kitchen knives."|"conjunto/kit(substantivo)"|"Comprei um conjunto de facas de cozinha."
"setting"|"The movie was filmed in a tropical setting."|"cenário/ambiente(substantivo)"|"O filme foi gravado em um cenário tropical."
"settlement"|"The two companies reached a settlement out of court."|"acordo(substantivo)"|"As duas empresas chegaram a um acordo fora do tribunal."
"seven"|"I have seven cousins on my dad's side."|"sete(numeral)"|"Tenho sete primos pelo lado do meu pai."
"seventh"|"Her birthday is on the seventh of March."|"sétimo(numeral)"|"O aniversário dela é no dia sete de março."
"several"|"I've seen that movie several times."|"vários/alguns(determinante)"|"Já vi esse filme várias vezes."
"severe"|"The storm caused severe damage to the city."|"severo/grave(adjetivo)"|"A tempestade causou danos graves à cidade."
"severely"|"The patient was severely injured in the accident."|"gravemente(advérbio)"|"O paciente ficou gravemente ferido no acidente."
"sex"|"The doctor asked about the patient's age and sex."|"sexo(substantivo)"|"O médico perguntou sobre a idade e o sexo do paciente."
"sexual"|"The company has a strict policy against sexual harassment."|"sexual(adjetivo)"|"A empresa tem uma política rígida contra assédio sexual."
"sexuality"|"He felt free to express his sexuality for the first time."|"sexualidade(substantivo)"|"Ele se sentiu livre para expressar sua sexualidade pela primeira vez."
"sexually"|"The content was considered sexually explicit."|"sexualmente(advérbio)"|"O conteúdo foi considerado sexualmente explícito."
"sexy"|"She wore a sexy dress to the party."|"sexy/sensual(adjetivo)"|"Ela usou um vestido sensual na festa."
"shade"|"Let's sit in the shade — it's too hot in the sun."|"sombra(substantivo)"|"Vamos sentar na sombra — está quente demais no sol."
"shadow"|"The tree cast a long shadow on the grass."|"sombra(projetada)(substantivo)"|"A árvore projetou uma sombra longa na grama."
"shallow"|"The kids played in the shallow end of the pool."|"raso(adjetivo)"|"As crianças brincaram na parte rasa da piscina."
"shame"|"He felt deep shame after lying to his parents."|"vergonha(substantivo)"|"Ele sentiu muita vergonha depois de mentir para os pais."
"shape"|"Cut the dough into the shape of a star."|"forma/formato(substantivo)"|"Corte a massa no formato de uma estrela."
"share"|"She owns a large share of the company."|"participação/ação(substantivo)"|"Ela possui uma grande participação na empresa."
"shared"|"They live in a shared apartment near the campus."|"compartilhado(adjetivo)"|"Eles moram em um apartamento compartilhado perto do campus."
"shareholder"|"Every shareholder will receive a copy of the annual report."|"acionista(substantivo)"|"Todo acionista receberá uma cópia do relatório anual."
"shark"|"A shark was spotted near the beach."|"tubarão(substantivo)"|"Um tubarão foi avistado perto da praia."
"sharp"|"Be careful — that knife is very sharp."|"afiado(adjetivo)"|"Cuidado — essa faca é muito afiada."
"sharply"|"The price of gas rose sharply last month."|"bruscamente/acentuadamente(advérbio)"|"O preço da gasolina subiu bruscamente no mês passado."
"she"|"She called me this morning but I missed it."|"ela(pronome)"|"Ela me ligou esta manhã, mas eu perdi a chamada."
"sheep"|"There were hundreds of sheep on the hillside."|"ovelha(substantivo)"|"Havia centenas de ovelhas na encosta."
"sheer"|"It was sheer luck that we found a parking spot."|"pura(adjetivo)"|"Foi pura sorte encontrarmos uma vaga de estacionamento."
"sheet"|"I need to change the sheets on my bed."|"lençol(substantivo)"|"Preciso trocar os lençóis da minha cama."
"shelf"|"Put the books back on the shelf when you're done."|"prateleira(substantivo)"|"Coloque os livros de volta na prateleira quando terminar."
"shell"|"She collected shells on the beach all afternoon."|"concha(substantivo)"|"Ela coletou conchas na praia a tarde toda."
"shelter"|"The hikers found shelter in a cave during the storm."|"abrigo(substantivo)"|"Os caminhantes encontraram abrigo em uma caverna durante a tempestade."
"shift"|"He works the night shift at the hospital."|"turno(substantivo)"|"Ele trabalha no turno da noite no hospital."
"ship"|"The cargo ship arrived at the port this morning."|"navio(substantivo)"|"O navio de carga chegou ao porto esta manhã."
"shirt"|"He spilled coffee on his shirt before the meeting."|"camisa(substantivo)"|"Ele derramou café na camisa antes da reunião."
"shit"|"Oh shit, I forgot my wallet at home."|"merda(substantivo)"|"Merda, esqueci minha carteira em casa."
"shock"|"The news came as a complete shock to everyone."|"choque(substantivo)"|"A notícia foi um choque completo para todos."
"shoe"|"I can't find my other shoe anywhere."|"sapato(substantivo)"|"Não consigo encontrar meu outro sapato em lugar nenhum."
"shooting"|"There was a shooting near the school last night."|"tiroteio(substantivo)"|"Houve um tiroteio perto da escola ontem à noite."
"shop"|"There's a little coffee shop on the corner."|"loja/café(substantivo)"|"Tem um cafezinho na esquina."
"shopping"|"I need to do some shopping before the weekend."|"compras(substantivo)"|"Preciso fazer compras antes do fim de semana."
"shore"|"We walked along the shore and watched the sunset."|"costa/beira-mar(substantivo)"|"Caminhamos pela beira-mar e vimos o pôr do sol."
"short"|"The hallway is too short for that bookcase."|"curto/baixo(adjetivo)"|"O corredor é curto demais para essa estante."
"short"|"She stopped short when she saw her ex."|"de repente/abruptamente(advérbio)"|"Ela parou de repente quando viu o ex."
"short-term"|"We made a short-term plan to save money."|"de curto prazo(adjetivo)"|"Fizemos um plano de curto prazo para economizar dinheiro."
"shortage"|"There's a shortage of clean water in that region."|"escassez(substantivo)"|"Há escassez de água limpa naquela região."
"shortly"|"The doctor will see you shortly."|"em breve(advérbio)"|"O médico vai te atender em breve."
"shorts"|"I wear shorts when it's hot outside."|"bermuda(substantivo)"|"Eu uso bermuda quando está calor lá fora."
"shot"|"The nurse gave me a shot in the arm."|"injeção(substantivo)"|"A enfermeira me deu uma injeção no braço."
"should"|"You should drink more water every day."|"dever(verbo modal)"|"Você deveria beber mais água todo dia."
"shoulder"|"He carried the bag on his shoulder."|"ombro(substantivo)"|"Ele carregou a bolsa no ombro."
"show"|"We watched a great show on Netflix last night."|"série/programa(substantivo)"|"Assistimos a uma série ótima na Netflix ontem à noite."
"shower"|"I take a shower every morning before work."|"chuveiro/banho(substantivo)"|"Eu tomo banho todo manhã antes do trabalho."
"shrimp"|"I ordered shrimp pasta at the restaurant."|"camarão(substantivo)"|"Eu pedi macarrão com camarão no restaurante."
"shuttle"|"We took the hotel shuttle to the airport."|"ônibus executivo(substantivo)"|"Pegamos o ônibus do hotel até o aeroporto."
"shy"|"She was too shy to speak in front of the class."|"tímido(adjetivo)"|"Ela era tímida demais para falar na frente da turma."
"sibling"|"I have two siblings — a brother and a sister."|"irmão/irmã(substantivo)"|"Tenho dois irmãos — um menino e uma menina."
"sick"|"I stayed home because I was feeling sick."|"doente(adjetivo)"|"Fiquei em casa porque estava me sentindo doente."
"side"|"Can I have a side of rice with that?"|"acompanhamento/lado(substantivo)"|"Posso pedir arroz como acompanhamento?"
"sidewalk"|"The kids were riding their bikes on the sidewalk."|"calçada(substantivo)"|"As crianças estavam andando de bicicleta na calçada."
"sight"|"The view from the top was an incredible sight."|"visão/cena(substantivo)"|"A vista do topo era uma cena incrível."
"sign"|"There's a sign on the door that says 'Closed.'"|"placa(substantivo)"|"Tem uma placa na porta que diz 'Fechado'."
"signal"|"The driver didn't use his turn signal."|"sinal(substantivo)"|"O motorista não usou o pisca-pisca."
"signature"|"I need your signature at the bottom of the form."|"assinatura(substantivo)"|"Preciso da sua assinatura no final do formulário."
"significance"|"No one understood the significance of his discovery at first."|"importância/significado(substantivo)"|"Ninguém entendeu a importância da descoberta dele no começo."
"significant"|"There was a significant improvement in her grades."|"significativo(adjetivo)"|"Houve uma melhora significativa nas notas dela."
"significantly"|"The price has significantly increased this year."|"significativamente(advérbio)"|"O preço aumentou significativamente este ano."
"silence"|"There was complete silence in the room during the test."|"silêncio(substantivo)"|"Havia silêncio total na sala durante a prova."
"silent"|"He stayed silent during the entire meeting."|"silencioso/calado(adjetivo)"|"Ele ficou calado durante toda a reunião."
"silk"|"She wore a beautiful silk dress to the party."|"seda(substantivo)"|"Ela usou um lindo vestido de seda na festa."
"silly"|"Don't be silly — just ask for help."|"bobo/ridículo(adjetivo)"|"Não seja bobo — é só pedir ajuda."
"silver"|"She gave me a silver bracelet for my birthday."|"prata(substantivo)"|"Ela me deu uma pulseira de prata de aniversário."
"similar"|"These two phones look very similar."|"parecido/similar(adjetivo)"|"Esses dois celulares parecem muito parecidos."
"similarity"|"There's a strong similarity between the two sisters."|"semelhança(substantivo)"|"Há uma forte semelhança entre as duas irmãs."
"similarly"|"My brother reacted similarly when he heard the news."|"da mesma forma(advérbio)"|"Meu irmão reagiu da mesma forma quando ouviu a notícia."
"simple"|"The recipe is simple — just three ingredients."|"simples(adjetivo)"|"A receita é simples — apenas três ingredientes."
"simply"|"Just simply tell me what happened."|"simplesmente(advérbio)"|"Simplesmente me diga o que aconteceu."
"simultaneously"|"She was simultaneously talking on the phone and cooking dinner."|"simultaneamente(advérbio)"|"Ela estava simultaneamente falando ao telefone e fazendo o jantar."
"sin"|"In many religions, lying is considered a sin."|"pecado(substantivo)"|"Em muitas religiões, mentir é considerado um pecado."
"since"|"I've been here since Monday."|"desde(preposição)"|"Estou aqui desde segunda-feira."
"since"|"I haven't eaten since this morning."|"desde(advérbio)"|"Não como desde essa manhã."
"since"|"Since it was raining, we stayed inside."|"já que/como(conjunção)"|"Já que estava chovendo, ficamos em casa."
"singer"|"Her favorite singer is performing live next week."|"cantor/cantora(substantivo)"|"O cantor favorito dela vai se apresentar ao vivo semana que vem."
"single"|"I'm looking for a single room at the hotel."|"individual/único(adjetivo)"|"Estou procurando um quarto individual no hotel."
"sink"|"There were dirty dishes piled up in the sink."|"pia(substantivo)"|"Havia pratos sujos empilhados na pia."
"sir"|"Excuse me, sir, you dropped your wallet."|"senhor(substantivo)"|"Com licença, senhor, o senhor derrubou sua carteira."
"sister"|"My sister and I share a bedroom."|"irmã(substantivo)"|"Minha irmã e eu dividimos um quarto."
"site"|"They chose a site near the river for the new school."|"local/terreno(substantivo)"|"Eles escolheram um terreno perto do rio para a nova escola."
"situation"|"We need to find a solution to this situation."|"situação(substantivo)"|"Precisamos encontrar uma solução para essa situação."
"six"|"I'll be there in six minutes."|"seis(número)"|"Estarei lá em seis minutos."
"sixth"|"Her office is on the sixth floor."|"sexto(número)"|"O escritório dela fica no sexto andar."
"size"|"What size shoes do you wear?"|"tamanho(substantivo)"|"Qual tamanho de sapato você calça?"
"ski"|"I rented a ski at the mountain resort."|"esqui(substantivo)"|"Aluguei um esqui na estação de montanha."
"skill"|"Communication is an important skill at work."|"habilidade(substantivo)"|"Comunicação é uma habilidade importante no trabalho."
"skilled"|"She's a skilled carpenter who builds furniture by hand."|"habilidoso(adjetivo)"|"Ela é uma carpinteira habilidosa que faz móveis à mão."
"skin"|"The sunburn made her skin red and painful."|"pele(substantivo)"|"A queimadura de sol deixou a pele dela vermelha e dolorida."
"skirt"|"She wore a blue skirt to the party."|"saia(substantivo)"|"Ela usou uma saia azul na festa."
"skull"|"The doctor looked at the X-ray of his skull."|"crânio(substantivo)"|"O médico olhou para a radiografia do crânio dele."
"sky"|"The sky turned orange right before sunset."|"céu(substantivo)"|"O céu ficou laranja bem antes do pôr do sol."
"slave"|"Millions of people were forced to live as slaves."|"escravo(substantivo)"|"Milhões de pessoas foram forçadas a viver como escravas."
"slavery"|"Slavery was officially abolished in Brazil in 1888."|"escravidão(substantivo)"|"A escravidão foi oficialmente abolida no Brasil em 1888."
"sleep"|"I need at least eight hours of sleep to feel good."|"sono(substantivo)"|"Eu preciso de pelo menos oito horas de sono para me sentir bem."
"sleeve"|"He rolled up his sleeve before the blood test."|"manga(substantivo)"|"Ele arregaçou a manga antes do exame de sangue."
"slice"|"Can I have another slice of pizza?"|"fatia(substantivo)"|"Posso pegar mais uma fatia de pizza?"
"slide"|"The kids love going down the slide at the park."|"escorregador(substantivo)"|"As crianças adoram descer o escorregador no parque."
"slight"|"There was a slight delay on the flight."|"leve(adjetivo)"|"Houve um leve atraso no voo."
"slightly"|"The soup is slightly too salty for me."|"levemente(advérbio)"|"A sopa está levemente salgada demais para mim."
"slope"|"The road has a steep slope going down to the river."|"declive(substantivo)"|"A estrada tem um declive acentuado descendo até o rio."
"slot"|"Put your card in the slot to pay."|"ranhura(substantivo)"|"Coloque o seu cartão na ranhura para pagar."
"slow"|"The internet connection is really slow today."|"lento(adjetivo)"|"A conexão de internet está muito lenta hoje."
"slowly"|"She slowly opened the door so nobody would hear."|"devagar(advérbio)"|"Ela abriu a porta devagar para ninguém ouvir."
"small"|"The apartment is small but very cozy."|"pequeno(adjetivo)"|"O apartamento é pequeno, mas muito aconchegante."
"smart"|"He's smart enough to figure it out on his own."|"inteligente(adjetivo)"|"Ele é inteligente o suficiente para descobrir sozinho."
"smell"|"The smell of fresh coffee filled the kitchen."|"cheiro(substantivo)"|"O cheiro de café fresco tomou conta da cozinha."
"smile"|"Her smile made everyone in the room feel welcome."|"sorriso(substantivo)"|"O sorriso dela fez todos na sala se sentirem bem-vindos."
"smoke"|"The smoke from the barbecue drifted into the yard."|"fumaça(substantivo)"|"A fumaça do churrasco se espalhou pelo quintal."
"smooth"|"The road was smooth after they repaved it."|"liso(adjetivo)"|"A estrada ficou lisa depois que eles refezerem o asfalto."
"snake"|"There was a snake hiding under the rock."|"cobra(substantivo)"|"Havia uma cobra escondida embaixo da pedra."
"snow"|"The kids played in the snow all afternoon."|"neve(substantivo)"|"As crianças brincaram na neve a tarde toda."
"so"|"I was so tired that I fell asleep on the couch."|"tão(advérbio)"|"Eu estava tão cansado que adormeci no sofá."
"so"|"It was raining, so we stayed inside."|"então(conjunção)"|"Estava chovendo, então ficamos em casa."
"so-called"|"His so-called friends never showed up when he needed help."|"tal chamado(adjetivo)"|"Os tal chamados amigos dele nunca apareceram quando ele precisou de ajuda."
"soap"|"There's no soap left in the bathroom."|"sabonete(substantivo)"|"Não tem mais sabonete no banheiro."
"soccer"|"My son plays soccer every Saturday morning."|"futebol(substantivo)"|"Meu filho joga futebol toda manhã de sábado."
"social"|"She has strong social skills and gets along with everyone."|"social(adjetivo)"|"Ela tem habilidades sociais fortes e se dá bem com todo mundo."
"socially"|"He became more socially confident after joining the team."|"socialmente(advérbio)"|"Ele ficou mais confiante socialmente depois que entrou no time."
"society"|"Education is one of the pillars of a healthy society."|"sociedade(substantivo)"|"A educação é um dos pilares de uma sociedade saudável."
"sock"|"I can never find the matching sock in the laundry."|"meia(substantivo)"|"Eu nunca acho a meia par na roupa lavada."
"sodium"|"The doctor told him to reduce his sodium intake."|"sódio(substantivo)"|"O médico disse para ele reduzir o consumo de sódio."
"sofa"|"The cat claimed the sofa as its personal territory."|"sofá(substantivo)"|"O gato tomou o sofá como seu território pessoal."
"soft"|"The baby's skin is incredibly soft."|"macio(adjetivo)"|"A pele do bebê é incrivelmente macia."
"softly"|"She softly knocked on the door so she wouldn't wake the baby."|"suavemente(advérbio)"|"Ela bateu suavemente na porta para não acordar o bebê."
"software"|"The company released an update for the software last night."|"software(substantivo)"|"A empresa lançou uma atualização do software ontem à noite."
"soil"|"The soil in this region is perfect for growing coffee."|"solo(substantivo)"|"O solo dessa região é perfeito para cultivar café."
"solar"|"They installed solar panels on the roof last year."|"solar(adjetivo)"|"Eles instalaram painéis solares no telhado no ano passado."
"soldier"|"The soldier returned home after two years abroad."|"soldado(substantivo)"|"O soldado voltou para casa depois de dois anos no exterior."
"sole"|"She was the sole survivor of the accident."|"único(adjetivo)"|"Ela foi a única sobrevivente do acidente."
"solely"|"He was hired solely because of his experience."|"exclusivamente(advérbio)"|"Ele foi contratado exclusivamente por causa da experiência dele."
"solid"|"Make sure the table stands on solid ground."|"sólido(adjetivo)"|"Certifique-se de que a mesa esteja em terreno sólido."
"solution"|"We need to find a solution before the deadline."|"solução(substantivo)"|"Precisamos encontrar uma solução antes do prazo."
"some"|"I need some help moving this furniture."|"algum(determinante)"|"Preciso de alguma ajuda para mover esses móveis."
"somebody"|"Somebody left their umbrella in the hallway."|"alguém(pronome)"|"Alguém esqueceu o guarda-chuva no corredor."
"someday"|"Someday I'd love to travel through all of South America."|"um dia(advérbio)"|"Um dia eu adoraria viajar por toda a América do Sul."
"somehow"|"We somehow managed to finish the project on time."|"de alguma forma(advérbio)"|"De alguma forma conseguimos terminar o projeto no prazo."
"someone"|"Someone left their bag on the chair."|"alguém(pronome)"|"Alguém deixou a bolsa na cadeira."
"something"|"I need to tell you something important."|"algo(pronome)"|"Preciso te contar algo importante."
"sometime"|"Let's grab coffee sometime."|"algum dia(advérbio)"|"Vamos tomar um café algum dia."
"sometimes"|"I sometimes forget where I put my keys."|"às vezes(advérbio)"|"Às vezes esqueço onde coloquei minhas chaves."
"somewhat"|"The movie was somewhat disappointing."|"um tanto(advérbio)"|"O filme foi um tanto decepcionante."
"somewhere"|"I left my phone somewhere in the house."|"em algum lugar(advérbio)"|"Deixei meu celular em algum lugar da casa."
"son"|"Her son just started kindergarten."|"filho(substantivo)"|"O filho dela acabou de começar o jardim de infância."
"song"|"That song has been stuck in my head all day."|"música(substantivo)"|"Essa música ficou na minha cabeça o dia todo."
"soon"|"Dinner will be ready soon."|"em breve(advérbio)"|"O jantar ficará pronto em breve."
"soon"|"As soon as she arrived, we started eating."|"assim que(conjunção)"|"Assim que ela chegou, começamos a comer."
"sophisticated"|"She has a very sophisticated taste in wine."|"sofisticado(adjetivo)"|"Ela tem um gosto muito sofisticado para vinhos."
"sorry"|"I'm sorry I was late this morning."|"arrependido(adjetivo)"|"Me desculpe por ter chegado atrasado esta manhã."
"sort"|"What sort of music do you like?"|"tipo(substantivo)"|"Que tipo de música você gosta?"
"soul"|"That old blues song has so much soul."|"alma(substantivo)"|"Essa música antiga de blues tem muita alma."
"sound"|"The sound of rain always helps me sleep."|"som(substantivo)"|"O som da chuva sempre me ajuda a dormir."
"soup"|"She made a big pot of chicken soup."|"sopa(substantivo)"|"Ela fez uma panela grande de sopa de frango."
"source"|"What's your source for that information?"|"fonte(substantivo)"|"Qual é a sua fonte para essa informação?"
"south"|"They drove south toward the coast."|"sul(substantivo)"|"Eles foram de carro em direção ao sul, para a costa."
"southeast"|"The storm is moving toward the southeast."|"sudeste(substantivo)"|"A tempestade está se movendo em direção ao sudeste."
"southern"|"She grew up in a small southern town."|"do sul(adjetivo)"|"Ela cresceu em uma pequena cidade do sul."
"southwest"|"Phoenix is located in the southwest of the country."|"sudoeste(substantivo)"|"Phoenix fica no sudoeste do país."
"sovereignty"|"The treaty respected the country's sovereignty."|"soberania(substantivo)"|"O tratado respeitou a soberania do país."
"Soviet"|"She studied Soviet history in college."|"soviético(adjetivo)"|"Ela estudou história soviética na faculdade."
"space"|"There's no space left in the closet."|"espaço(substantivo)"|"Não há mais espaço no armário."
"Spanish"|"She ordered Spanish wine for the whole table."|"espanhol(adjetivo)"|"Ela pediu vinho espanhol para toda a mesa."
"speaker"|"The speaker at the conference was really engaging."|"palestrante(substantivo)"|"O palestrante na conferência foi muito envolvente."
"special"|"Today is a very special occasion."|"especial(adjetivo)"|"Hoje é uma ocasião muito especial."
"specialist"|"She was referred to a heart specialist."|"especialista(substantivo)"|"Ela foi encaminhada a um especialista do coração."
"specialty"|"The chef's specialty is handmade pasta."|"especialidade(substantivo)"|"A especialidade do chef é macarrão artesanal."
"species"|"Several species of birds nest here in the spring."|"espécie(substantivo)"|"Várias espécies de pássaros nidificam aqui na primavera."
"specific"|"Do you have a specific time in mind for the meeting?"|"específico(adjetivo)"|"Você tem um horário específico em mente para a reunião?"
"specifically"|"I specifically asked for no onions."|"especificamente(advérbio)"|"Eu pedi especificamente para não colocar cebola."
"spectacular"|"The view from the top was spectacular."|"espetacular(adjetivo)"|"A vista do topo era espetacular."
"spectrum"|"The disorder affects people across a wide spectrum."|"espectro(substantivo)"|"O transtorno afeta pessoas em um amplo espectro."
"speculation"|"There's a lot of speculation about who will get the job."|"especulação(substantivo)"|"Há muita especulação sobre quem vai conseguir o emprego."
"speech"|"She gave a moving speech at the wedding."|"discurso(substantivo)"|"Ela fez um discurso emocionante no casamento."
"speed"|"The speed limit on this road is 60 miles per hour."|"velocidade(substantivo)"|"O limite de velocidade nesta estrada é de 60 milhas por hora."
"spending"|"Government spending on education increased last year."|"gasto(substantivo)"|"Os gastos do governo com educação aumentaram no ano passado."
"sphere"|"Education falls outside his sphere of responsibility."|"esfera(substantivo)"|"A educação está fora da esfera de responsabilidade dele."
"spine"|"She hurt her spine in the accident."|"coluna(substantivo)"|"Ela machucou a coluna no acidente."
"spirit"|"The team played with a lot of spirit."|"espírito(substantivo)"|"O time jogou com muito espírito."
"spiritual"|"She found the experience deeply spiritual."|"espiritual(adjetivo)"|"Ela achou a experiência profundamente espiritual."
"spite"|"He kept talking despite the noise, out of spite."|"apesar de(preposição)"|"Ele continuou falando apesar do barulho, por birra."
"spokesman"|"The company spokesman declined to comment."|"porta-voz(substantivo)"|"O porta-voz da empresa se recusou a comentar."
"sponsor"|"A local business is the main sponsor of the event."|"patrocinador(substantivo)"|"Uma empresa local é a principal patrocinadora do evento."
"spoon"|"Can you grab me a spoon for the soup?"|"colher(substantivo)"|"Você pode me pegar uma colher para a sopa?"
"sport"|"Basketball is his favorite sport."|"esporte(substantivo)"|"Basquete é o esporte favorito dele."
"spot"|"We found a great spot for the picnic."|"lugar(substantivo)"|"Encontramos um ótimo lugar para o piquenique."
"spouse"|"You can add your spouse to your health insurance."|"cônjuge(substantivo)"|"Você pode incluir seu cônjuge no plano de saúde."
"spray"|"She keeps a bottle of spray near the plants."|"spray(substantivo)"|"Ela mantém um frasco de spray perto das plantas."
"spread"|"The spread of misinformation online is a serious problem."|"propagação(substantivo)"|"A propagação de desinformação online é um problema sério."
"spring"|"Spring is my favorite season because of the flowers."|"primavera(substantivo)"|"A primavera é minha estação favorita por causa das flores."
"spy"|"The spy hid the documents inside his coat."|"espião(substantivo)"|"O espião escondeu os documentos dentro do casaco."
"squad"|"Our squad won every game this season."|"time(substantivo)"|"Nosso time ganhou todos os jogos desta temporada."
"square"|"The table is square, so it fits perfectly in the corner."|"quadrado(adjetivo)"|"A mesa é quadrada, então ela cabe perfeitamente no canto."
"square"|"We met at the square in the center of town."|"praça(substantivo)"|"Nos encontramos na praça no centro da cidade."
"stability"|"Financial stability is important for raising a family."|"estabilidade(substantivo)"|"A estabilidade financeira é importante para criar uma família."
"stable"|"Her health is stable after the surgery."|"estável(adjetivo)"|"A saúde dela está estável após a cirurgia."
"stack"|"There was a stack of dirty dishes in the sink."|"pilha(substantivo)"|"Havia uma pilha de pratos sujos na pia."
"stadium"|"The stadium was packed with fans."|"estádio(substantivo)"|"O estádio estava lotado de torcedores."
"staff"|"The hotel staff was very friendly and helpful."|"funcionários(substantivo)"|"Os funcionários do hotel foram muito simpáticos e prestativos."
"stage"|"She was nervous before going on stage."|"palco(substantivo)"|"Ela ficou nervosa antes de subir ao palco."
"stair"|"He slipped on the last stair and hurt his ankle."|"degrau(substantivo)"|"Ele escorregou no último degrau e machucou o tornozelo."
"stake"|"There's a lot at stake in this negotiation."|"em jogo(substantivo)"|"Há muita coisa em jogo nessa negociação."
"stance"|"His stance on the issue surprised everyone."|"posição(substantivo)"|"A posição dele sobre o assunto surpreendeu a todos."
"stand"|"There was a food stand near the entrance."|"barraca(substantivo)"|"Havia uma barraca de comida perto da entrada."
"standard"|"The quality of this product doesn't meet our standard."|"padrão(substantivo)"|"A qualidade deste produto não atende ao nosso padrão."
"standard"|"This is the standard procedure for new employees."|"padrão(adjetivo)"|"Este é o procedimento padrão para novos funcionários."
"standing"|"He has a good standing in the community."|"reputação(substantivo)"|"Ele tem uma boa reputação na comunidade."
"star"|"She's been a star in Hollywood for over twenty years."|"estrela(substantivo)"|"Ela é uma estrela em Hollywood há mais de vinte anos."
"start"|"The start of the race was delayed by the rain."|"início(substantivo)"|"O início da corrida foi adiado pela chuva."
"starter"|"I'll have the soup as a starter."|"entrada(substantivo)"|"Vou querer a sopa como entrada."
"starting"|"The starting point of the hike is right here."|"ponto de partida(substantivo)"|"O ponto de partida da trilha é bem aqui."
"state"|"He was in a terrible state after the accident."|"estado(substantivo)"|"Ele estava em um estado terrível após o acidente."
"statement"|"She made a brief statement to the press."|"declaração(substantivo)"|"Ela fez uma breve declaração à imprensa."
"station"|"I'll meet you at the train station at noon."|"estação(substantivo)"|"Vou te encontrar na estação de trem ao meio-dia."
"statistical"|"The statistical data supports our conclusion."|"estatístico(adjetivo)"|"Os dados estatísticos apoiam nossa conclusão."
"statistics"|"The statistics show a clear increase in sales."|"estatísticas(substantivo)"|"As estatísticas mostram um aumento claro nas vendas."
"statue"|"There's a famous statue in the middle of the park."|"estátua(substantivo)"|"Há uma estátua famosa no meio do parque."
"status"|"What's the status of my order?"|"status(substantivo)"|"Qual é o status do meu pedido?"
"statute"|"The new statute limits working hours for minors."|"lei(substantivo)"|"A nova lei limita as horas de trabalho para menores."
"stay"|"Our stay at the hotel was really comfortable."|"estadia(substantivo)"|"Nossa estadia no hotel foi muito confortável."
"steadily"|"Her English has been improving steadily."|"progressivamente(advérbio)"|"O inglês dela tem melhorado progressivamente."
"steady"|"Keep your hand steady while you cut."|"firme(adjetivo)"|"Mantenha a mão firme enquanto corta."
"steak"|"I ordered a medium-rare steak for dinner."|"bife(substantivo)"|"Pedi um bife mal passado para o jantar."
"steam"|"Steam was rising from the hot coffee."|"vapor(substantivo)"|"Vapor estava subindo do café quente."
"steel"|"The bridge is made of steel and concrete."|"aço(substantivo)"|"A ponte é feita de aço e concreto."
"steep"|"The road up the mountain was very steep."|"íngreme(adjetivo)"|"A estrada subindo a montanha era muito íngreme."
"stem"|"The stem of the flower broke when she grabbed it."|"caule(substantivo)"|"O caule da flor quebrou quando ela pegou."
"step"|"The first step is to create an account."|"passo(substantivo)"|"O primeiro passo é criar uma conta."
"stereotype"|"That stereotype about teenagers isn't fair or accurate."|"estereótipo(substantivo)"|"Esse estereótipo sobre adolescentes não é justo nem preciso."
"stick"|"He used a stick to draw shapes in the sand."|"graveto(substantivo)"|"Ele usou um graveto para desenhar formas na areia."
"stiff"|"My neck is stiff from sleeping in a bad position."|"rígido(adjetivo)"|"Meu pescoço está rígido de dormir em uma posição ruim."
"still"|"She still hasn't replied to my message."|"ainda(advérbio)"|"Ela ainda não respondeu minha mensagem."
"still"|"The lake was completely still in the early morning."|"quieto(adjetivo)"|"O lago estava completamente quieto no início da manhã."
"stimulus"|"The government offered a financial stimulus to small businesses."|"estímulo(substantivo)"|"O governo ofereceu um estímulo financeiro às pequenas empresas."
"stock"|"The store is out of stock on that item."|"estoque(substantivo)"|"A loja está sem estoque desse produto."
"stomach"|"My stomach hurts after eating so much."|"estômago(substantivo)"|"Meu estômago está doendo depois de comer tanto."
"stone"|"She picked up a flat stone and skipped it across the river."|"pedra(substantivo)"|"Ela pegou uma pedra chata e a jogou para quicar no rio."
"stop"|"There's a bus stop right in front of my building."|"parada(substantivo)"|"Há uma parada de ônibus bem na frente do meu prédio."
"storage"|"We need more storage in the kitchen."|"armazenamento(substantivo)"|"Precisamos de mais espaço de armazenamento na cozinha."
"store"|"There's a grocery store on the corner."|"loja(substantivo)"|"Tem um mercado na esquina."
"storm"|"A big storm is coming tonight."|"tempestade(substantivo)"|"Uma tempestade forte vem aí esta noite."
"story"|"She told us a funny story about her dog."|"história(substantivo)"|"Ela nos contou uma história engraçada sobre o cachorro dela."
"stove"|"Don't forget to turn off the stove."|"fogão(substantivo)"|"Não esqueça de desligar o fogão."
"straight"|"Go straight and then turn left."|"reto(advérbio)"|"Vá reto e depois vire à esquerda."
"straight"|"Draw a straight line across the page."|"reto(adjetivo)"|"Trace uma linha reta na página."
"strain"|"The long hours put a strain on her health."|"tensão(substantivo)"|"As longas horas causaram tensão na saúde dela."
"strange"|"That's a strange noise coming from the garage."|"estranho(adjetivo)"|"Esse é um barulho estranho vindo da garagem."
"stranger"|"Don't take rides from strangers."|"desconhecido(substantivo)"|"Não aceite carona de desconhecidos."
"strategic"|"They made a strategic decision to cut costs."|"estratégico(adjetivo)"|"Eles tomaram uma decisão estratégica para cortar custos."
"strategy"|"We need a better strategy to grow the business."|"estratégia(substantivo)"|"Precisamos de uma estratégia melhor para crescer o negócio."
"straw"|"Can I get a straw for my drink?"|"canudo(substantivo)"|"Posso pegar um canudo para a minha bebida?"
"streak"|"She's on a winning streak this week."|"sequência(substantivo)"|"Ela está em uma sequência de vitórias essa semana."
"stream"|"We sat by the stream and had lunch."|"riacho(substantivo)"|"Sentamos à beira do riacho e almoçamos."
"street"|"There's a coffee shop at the end of the street."|"rua(substantivo)"|"Tem uma cafeteria no final da rua."
"strength"|"Regular exercise builds strength over time."|"força(substantivo)"|"Exercício regular aumenta a força com o tempo."
"stress"|"Work stress has been affecting his sleep."|"estresse(substantivo)"|"O estresse do trabalho tem afetado o sono dele."
"stretch"|"After the run, do a good stretch."|"alongamento(substantivo)"|"Depois da corrida, faça um bom alongamento."
"strict"|"Our teacher is very strict about deadlines."|"rígido(adjetivo)"|"Nossa professora é muito rígida com prazos."
"strictly"|"Phones are strictly forbidden during the exam."|"estritamente(advérbio)"|"Celulares são estritamente proibidos durante a prova."
"strike"|"The workers voted in favor of a strike."|"greve(substantivo)"|"Os trabalhadores votaram a favor de uma greve."
"striking"|"The difference between the two photos is striking."|"impressionante(adjetivo)"|"A diferença entre as duas fotos é impressionante."
"string"|"She tied the box with a piece of string."|"barbante(substantivo)"|"Ela amarrou a caixa com um pedaço de barbante."
"strip"|"Tear the paper into thin strips."|"tira(substantivo)"|"Rasgue o papel em tiras finas."
"stroke"|"He had a stroke and was rushed to the hospital."|"derrame(substantivo)"|"Ele teve um derrame e foi levado às pressas ao hospital."
"strong"|"You need strong arms to move that couch."|"forte(adjetivo)"|"Você precisa de braços fortes para mover aquele sofá."
"strongly"|"I strongly recommend seeing a doctor."|"fortemente(advérbio)"|"Eu recomendo fortemente que você veja um médico."
"structural"|"The engineers found a structural problem in the building."|"estrutural(adjetivo)"|"Os engenheiros encontraram um problema estrutural no prédio."
"structure"|"The new structure took two years to build."|"estrutura(substantivo)"|"A nova estrutura levou dois anos para ser construída."
"struggle"|"Finding affordable housing is a daily struggle."|"luta(substantivo)"|"Encontrar moradia acessível é uma luta diária."
"student"|"Every student received a copy of the syllabus."|"estudante(substantivo)"|"Cada estudante recebeu uma cópia do programa da disciplina."
"studio"|"She rents a small studio in downtown."|"estúdio(substantivo)"|"Ela aluga um estúdio pequeno no centro."
"study"|"The latest study shows that sleep improves memory."|"estudo(substantivo)"|"O estudo mais recente mostra que o sono melhora a memória."
"stuff"|"There's a lot of stuff in the attic."|"coisa(substantivo)"|"Tem muita coisa no sótão."
"stupid"|"It was a stupid mistake and I know it."|"estúpido(adjetivo)"|"Foi um erro estúpido e eu sei disso."
"style"|"I love her style — always so put together."|"estilo(substantivo)"|"Adoro o estilo dela — sempre tão bem arrumada."
"subject"|"Math is my favorite subject in school."|"matéria(substantivo)"|"Matemática é minha matéria favorita na escola."
"subject"|"Subject to availability, we can book for Saturday."|"sujeito a(preposição)"|"Sujeito à disponibilidade, podemos reservar para sábado."
"subsequent"|"The first meeting went well, and subsequent ones were even better."|"subsequente(adjetivo)"|"A primeira reunião correu bem, e as subsequentes foram ainda melhores."
"subsidy"|"The government offered a subsidy for solar panels."|"subsídio(substantivo)"|"O governo ofereceu um subsídio para painéis solares."
"substance"|"The police found an unknown substance in the bag."|"substância(substantivo)"|"A polícia encontrou uma substância desconhecida na bolsa."
"substantial"|"There was a substantial improvement in her grades."|"substancial(adjetivo)"|"Houve uma melhora substancial nas notas dela."
"substantially"|"Prices have increased substantially this year."|"substancialmente(advérbio)"|"Os preços aumentaram substancialmente este ano."
"subtle"|"There's a subtle difference between the two shades."|"sutil(adjetivo)"|"Há uma diferença sutil entre as duas tonalidades."
"suburb"|"They moved to a quiet suburb outside the city."|"subúrbio(substantivo)"|"Eles se mudaram para um subúrbio tranquilo fora da cidade."
"suburban"|"Suburban life is much calmer than city life."|"suburbano(adjetivo)"|"A vida suburbana é muito mais calma do que a vida na cidade."
"success"|"Hard work is the key to success."|"sucesso(substantivo)"|"O trabalho duro é a chave do sucesso."
"successful"|"She launched a very successful online business."|"bem-sucedido(adjetivo)"|"Ela lançou um negócio online muito bem-sucedido."
"successfully"|"They successfully completed the project on time."|"com sucesso(advérbio)"|"Eles concluíram o projeto com sucesso dentro do prazo."
"such"|"I've never seen such a beautiful sunset."|"tal/tão(determinante)"|"Eu nunca vi um pôr do sol tão lindo."
"sudden"|"The sudden noise scared everyone in the room."|"repentino(adjetivo)"|"O barulho repentino assustou todo mundo na sala."
"suddenly"|"She suddenly stood up and left the meeting."|"de repente(advérbio)"|"Ela de repente se levantou e saiu da reunião."
"suffering"|"The doctor worked hard to reduce the patient's suffering."|"sofrimento(substantivo)"|"O médico trabalhou muito para reduzir o sofrimento do paciente."
"sufficient"|"We don't have sufficient time to finish this today."|"suficiente(adjetivo)"|"Não temos tempo suficiente para terminar isso hoje."
"sugar"|"How much sugar do you put in your coffee?"|"açúcar(substantivo)"|"Quanto açúcar você coloca no seu café?"
"suggestion"|"Do you have any suggestions for a good restaurant?"|"sugestão(substantivo)"|"Você tem alguma sugestão de um bom restaurante?"
"suicide"|"The city launched a campaign to prevent suicide among teenagers."|"suicídio(substantivo)"|"A cidade lançou uma campanha para prevenir o suicídio entre adolescentes."
"suit"|"He wore a dark suit to the job interview."|"terno(substantivo)"|"Ele usou um terno escuro na entrevista de emprego."
"suitable"|"This movie is not suitable for children."|"adequado(adjetivo)"|"Este filme não é adequado para crianças."
"suite"|"They stayed in a suite on the top floor of the hotel."|"suíte(substantivo)"|"Eles ficaram numa suíte no último andar do hotel."
"sum"|"The sum of all expenses was higher than expected."|"soma/total(substantivo)"|"A soma de todas as despesas foi maior do que o esperado."
"summary"|"Please send me a summary of the meeting."|"resumo(substantivo)"|"Por favor, me mande um resumo da reunião."
"summer"|"We spent the whole summer at the beach."|"verão(substantivo)"|"Passamos o verão inteiro na praia."
"summit"|"World leaders met at the climate summit last week."|"cúpula/reunião de cúpula(substantivo)"|"Líderes mundiais se reuniram na cúpula climática semana passada."
"sun"|"The sun was so strong that we had to find shade."|"sol(substantivo)"|"O sol estava tão forte que tivemos que procurar sombra."
"sunlight"|"The room gets a lot of sunlight in the morning."|"luz do sol(substantivo)"|"O quarto recebe muita luz do sol de manhã."
"sunny"|"It's sunny today, so let's eat outside."|"ensolarado(adjetivo)"|"Está ensolarado hoje, então vamos comer lá fora."
"super"|"That was a super idea — everyone loved it."|"ótimo/incrível(adjetivo)"|"Foi uma ideia ótima — todo mundo adorou."
"superior"|"This brand is clearly superior to the cheaper options."|"superior(adjetivo)"|"Essa marca é claramente superior às opções mais baratas."
"supermarket"|"I need to stop by the supermarket on my way home."|"supermercado(substantivo)"|"Preciso passar no supermercado no caminho para casa."
"supervisor"|"My supervisor approved my vacation request."|"supervisor(substantivo)"|"Meu supervisor aprovou meu pedido de férias."
"supplier"|"We need to find a new supplier for these parts."|"fornecedor(substantivo)"|"Precisamos encontrar um novo fornecedor para essas peças."
"supply"|"The supply of clean water is limited in that region."|"fornecimento/suprimento(substantivo)"|"O fornecimento de água limpa é limitado naquela região."
"support"|"Thank you for your support during such a hard time."|"apoio(substantivo)"|"Obrigado pelo seu apoio em um momento tão difícil."
"supporter"|"She's been a lifelong supporter of that team."|"torcedor/apoiador(substantivo)"|"Ela é torcedora desse time a vida toda."
"supportive"|"My family has always been very supportive of my choices."|"solidário/de apoio(adjetivo)"|"Minha família sempre foi muito solidária com as minhas escolhas."
"supposed"|"He's supposed to be here by nine."|"suposto/que deveria(adjetivo)"|"Ele deveria estar aqui até as nove."
"supposedly"|"Supposedly, the new policy will save the company money."|"supostamente(advérbio)"|"Supostamente, a nova política vai economizar dinheiro para a empresa."
"Supreme"|"The case went all the way to the Supreme Court."|"supremo(adjetivo)"|"O caso foi parar no Supremo Tribunal."
"sure"|"Are you sure you turned off the stove?"|"certo/seguro(adjetivo)"|"Você tem certeza que desligou o fogão?"
"sure"|"Sure, I can help you with that."|"claro/com certeza(advérbio)"|"Claro, posso te ajudar com isso."
"surely"|"Surely there's a better way to handle this situation."|"certamente/com certeza(advérbio)"|"Certamente há uma forma melhor de lidar com essa situação."
"surface"|"There were scratches all over the surface of the table."|"superfície(substantivo)"|"Havia arranhões por toda a superfície da mesa."
"surgeon"|"The surgeon performed the operation in under two hours."|"cirurgião(substantivo)"|"O cirurgião realizou a operação em menos de duas horas."
"surgery"|"She's recovering well after the surgery."|"cirurgia(substantivo)"|"Ela está se recuperando bem após a cirurgia."
"surprise"|"The party was a complete surprise to him."|"surpresa(substantivo)"|"A festa foi uma surpresa total para ele."
"surprised"|"I was surprised to see her at the event."|"surpreso(adjetivo)"|"Fiquei surpreso de vê-la no evento."
"surprising"|"It's surprising how fast kids learn new things."|"surpreendente(adjetivo)"|"É surpreendente como as crianças aprendem coisas novas rapidamente."
"surprisingly"|"The test was surprisingly easy."|"surpreendentemente(advérbio)"|"A prova foi surpreendentemente fácil."
"surrounding"|"The surrounding area is full of great restaurants."|"ao redor/circundante(adjetivo)"|"A área ao redor está cheia de ótimos restaurantes."
"surveillance"|"The parking lot has 24-hour surveillance cameras."|"vigilância(substantivo)"|"O estacionamento tem câmeras de vigilância 24 horas."
"survey"|"The company sent out a customer satisfaction survey."|"pesquisa(substantivo)"|"A empresa enviou uma pesquisa de satisfação do cliente."
"survival"|"The survival of the business depended on cutting costs."|"sobrevivência(substantivo)"|"A sobrevivência do negócio dependia de cortar custos."
"survivor"|"She was the only survivor of the accident."|"sobrevivente(substantivo)"|"Ela foi a única sobrevivente do acidente."
"suspect"|"The police brought in a suspect for questioning."|"suspeito(substantivo)"|"A polícia trouxe um suspeito para interrogatório."
"suspicion"|"He left early, which raised my suspicion."|"suspeita/desconfiança(substantivo)"|"Ele saiu cedo, o que levantou minha desconfiança."
"suspicious"|"The cashier noticed some suspicious activity at the register."|"suspeito/desconfiado(adjetivo)"|"A caixa percebeu uma atividade suspeita no caixa."
"sustainable"|"We need more sustainable energy sources."|"sustentável(adjetivo)"|"Precisamos de mais fontes de energia sustentáveis."
"sweat"|"There was sweat on his forehead after the run."|"suor(substantivo)"|"Havia suor na testa dele depois da corrida."
"sweater"|"She put on a sweater because it was cold."|"suéter(substantivo)"|"Ela colocou um suéter porque estava frio."
"sweet"|"This cake is too sweet for me."|"doce(adjetivo)"|"Este bolo é doce demais para mim."
"swimming"|"Swimming is great exercise for your whole body."|"natação(substantivo)"|"A natação é um ótimo exercício para o corpo todo."
"swing"|"The kids played on the swing all afternoon."|"balanço(substantivo)"|"As crianças brincaram no balanço a tarde toda."
"switch"|"Can you flip the switch to turn on the light?"|"interruptor(substantivo)"|"Você pode apertar o interruptor para acender a luz?"
"sword"|"The knight carried a sword at his side."|"espada(substantivo)"|"O cavaleiro carregava uma espada ao lado."
"symbol"|"The heart is a symbol of love."|"símbolo(substantivo)"|"O coração é um símbolo do amor."
"symbolic"|"The gesture was symbolic, not practical."|"simbólico(adjetivo)"|"O gesto era simbólico, não prático."
"sympathy"|"She sent a card to express her sympathy."|"solidariedade(substantivo)"|"Ela mandou um cartão para expressar sua solidariedade."
"symptom"|"A sore throat is a common symptom of a cold."|"sintoma(substantivo)"|"Garganta inflamada é um sintoma comum de resfriado."
"syndrome"|"He was diagnosed with a rare syndrome."|"síndrome(substantivo)"|"Ele foi diagnosticado com uma síndrome rara."
"system"|"The school uses a new grading system."|"sistema(substantivo)"|"A escola usa um novo sistema de notas."
"T-shirt"|"He wore a white T-shirt to the barbecue."|"camiseta(substantivo)"|"Ele usou uma camiseta branca no churrasco."
"table"|"We ate dinner at the kitchen table."|"mesa(substantivo)"|"Jantamos na mesa da cozinha."
"tablespoon"|"Add one tablespoon of sugar to the mixture."|"colher de sopa(substantivo)"|"Adicione uma colher de sopa de açúcar à mistura."
"tactic"|"The coach explained a new tactic before the game."|"tática(substantivo)"|"O técnico explicou uma nova tática antes do jogo."
"tag"|"The price tag was still on the shirt."|"etiqueta(substantivo)"|"A etiqueta de preço ainda estava na camisa."
"tail"|"The dog wagged its tail when she came home."|"rabo(substantivo)"|"O cachorro abanou o rabo quando ela chegou em casa."
"tale"|"My grandma told us a tale before bed."|"história(substantivo)"|"Minha avó nos contou uma história antes de dormir."
"talent"|"She has a natural talent for music."|"talento(substantivo)"|"Ela tem um talento natural para a música."
"talented"|"He is a talented painter who sells his work online."|"talentoso(adjetivo)"|"Ele é um pintor talentoso que vende seu trabalho online."
"talk"|"We had a long talk about our plans."|"conversa(substantivo)"|"Tivemos uma longa conversa sobre nossos planos."
"tall"|"The tall building blocks the sunlight."|"alto(adjetivo)"|"O prédio alto bloqueia a luz do sol."
"tank"|"The fish tank needs to be cleaned this weekend."|"aquário(substantivo)"|"O aquário precisa ser limpo neste fim de semana."
"tape"|"He used tape to wrap the gift."|"fita(substantivo)"|"Ele usou fita para embrulhar o presente."
"target"|"The team hit every target this quarter."|"meta(substantivo)"|"A equipe atingiu todas as metas neste trimestre."
"task"|"She finished every task on her list before noon."|"tarefa(substantivo)"|"Ela terminou todas as tarefas da lista antes do meio-dia."
"taste"|"This soup has a rich, smoky taste."|"sabor(substantivo)"|"Esta sopa tem um sabor rico e defumado."
"tax"|"He paid his income tax in April."|"imposto(substantivo)"|"Ele pagou o imposto de renda em abril."
"taxpayer"|"The project was funded by taxpayer money."|"contribuinte(substantivo)"|"O projeto foi financiado com dinheiro do contribuinte."
"tea"|"She drinks a cup of tea every morning."|"chá(substantivo)"|"Ela bebe uma xícara de chá toda manhã."
"teacher"|"Our teacher explained the lesson very clearly."|"professor(substantivo)"|"Nossa professora explicou a aula com muita clareza."
"teaching"|"Teaching young kids requires a lot of patience."|"ensino(substantivo)"|"O ensino de crianças pequenas exige muita paciência."
"team"|"Our team won the championship this year."|"equipe(substantivo)"|"Nossa equipe ganhou o campeonato este ano."
"teammate"|"He passed the ball to his teammate."|"colega de equipe(substantivo)"|"Ele passou a bola para seu colega de equipe."
"tear"|"A tear ran down her cheek during the movie."|"lágrima(substantivo)"|"Uma lágrima escorreu pela bochecha dela durante o filme."
"teaspoon"|"Add half a teaspoon of salt to the dough."|"colher de chá(substantivo)"|"Adicione meia colher de chá de sal à massa."
"technical"|"The manual is full of technical terms."|"técnico(adjetivo)"|"O manual é cheio de termos técnicos."
"technician"|"The technician fixed the machine in an hour."|"técnico(substantivo)"|"O técnico consertou a máquina em uma hora."
"technique"|"She learned a new technique for watercolor painting."|"técnica(substantivo)"|"Ela aprendeu uma nova técnica de pintura em aquarela."
"technological"|"The last decade brought huge technological changes."|"tecnológico(adjetivo)"|"A última década trouxe grandes mudanças tecnológicas."
"technology"|"New technology has changed the way we communicate."|"tecnologia(substantivo)"|"A nova tecnologia mudou a forma como nos comunicamos."
"teen"|"As a teen, he spent hours playing video games."|"adolescente(substantivo)"|"Quando adolescente, ele passava horas jogando videogame."
"teenage"|"She has two teenage daughters."|"adolescente(adjetivo)"|"Ela tem duas filhas adolescentes."
"teenager"|"Being a teenager can be exciting and confusing at the same time."|"adolescente(substantivo)"|"Ser adolescente pode ser empolgante e confuso ao mesmo tempo."
"telephone"|"The telephone rang just as she left the room."|"telefone(substantivo)"|"O telefone tocou bem quando ela saiu da sala."
"telescope"|"He used a telescope to see the moon up close."|"telescópio(substantivo)"|"Ele usou um telescópio para ver a lua de perto."
"television"|"They watched the news on television after dinner."|"televisão(substantivo)"|"Eles assistiram ao noticiário na televisão depois do jantar."
"temperature"|"The temperature dropped below freezing last night."|"temperatura(substantivo)"|"A temperatura caiu abaixo de zero ontem à noite."
"temple"|"There's an ancient temple on top of the hill."|"templo(substantivo)"|"Há um templo antigo no topo da colina."
"temporary"|"This is just a temporary fix."|"temporário(adjetivo)"|"Isso é apenas uma solução temporária."
"ten"|"She waited ten minutes and then left."|"dez(número)"|"Ela esperou dez minutos e foi embora."
"tendency"|"He has a tendency to arrive late."|"tendência(substantivo)"|"Ele tem tendência a chegar atrasado."
"tender"|"The chicken was so tender it fell off the bone."|"macio(adjetivo)"|"O frango estava tão macio que saía do osso."
"tennis"|"She plays tennis every Saturday morning."|"tênis(substantivo)"|"Ela joga tênis toda manhã de sábado."
"tension"|"There was a lot of tension between them after the argument."|"tensão(substantivo)"|"Havia muita tensão entre eles depois da discussão."
"tent"|"We set up the tent before it got dark."|"barraca(substantivo)"|"Armamos a barraca antes de escurecer."
"term"|"What does that term mean in medicine?"|"termo(substantivo)"|"O que esse termo significa na medicina?"
"terms"|"In terms of price, this option is much better."|"em termos de(preposição)"|"Em termos de preço, essa opção é muito melhor."
"terrain"|"The terrain was too rough for a regular car."|"terreno(substantivo)"|"O terreno era áspero demais para um carro comum."
"terrible"|"I had a terrible headache all day."|"terrível(adjetivo)"|"Tive uma dor de cabeça terrível o dia todo."
"terribly"|"I'm terribly sorry for the inconvenience."|"terrivelmente(advérbio)"|"Sinto muito pela inconveniência."
"terrific"|"You did a terrific job on that presentation."|"incrível(adjetivo)"|"Você fez um trabalho incrível nessa apresentação."
"territory"|"The wolves defended their territory fiercely."|"território(substantivo)"|"Os lobos defenderam seu território com ferocidade."
"terror"|"The children ran away in terror."|"terror(substantivo)"|"As crianças fugiram em terror."
"terrorism"|"The government passed new laws to fight terrorism."|"terrorismo(substantivo)"|"O governo aprovou novas leis para combater o terrorismo."
"terrorist"|"The terrorist was arrested at the airport."|"terrorista(substantivo)"|"O terrorista foi preso no aeroporto."
"terrorist"|"The police uncovered a terrorist plot."|"terrorista(adjetivo)"|"A polícia descobriu um plano terrorista."
"test"|"I have a math test tomorrow morning."|"prova(substantivo)"|"Tenho uma prova de matemática amanhã de manhã."
"testimony"|"Her testimony was key to the case."|"testemunho(substantivo)"|"O testemunho dela foi fundamental para o caso."
"testing"|"The testing phase takes about two weeks."|"testes(substantivo)"|"A fase de testes leva cerca de duas semanas."
"text"|"She sent me a text saying she'd be late."|"mensagem(substantivo)"|"Ela me mandou uma mensagem dizendo que ia se atrasar."
"textbook"|"I forgot my textbook at home."|"livro didático(substantivo)"|"Esqueci meu livro didático em casa."
"texture"|"I love the texture of fresh bread."|"textura(substantivo)"|"Adoro a textura do pão fresco."
"than"|"She's taller than her older brother."|"do que(conjunção)"|"Ela é mais alta do que o irmão mais velho."
"than"|"He finished faster than expected."|"do que(preposição)"|"Ele terminou mais rápido do que o esperado."
"thanks"|"A quick thanks goes a long way."|"agradecimento(substantivo)"|"Um simples agradecimento faz muita diferença."
"Thanksgiving"|"We always gather as a family on Thanksgiving."|"Ação de Graças(substantivo)"|"A gente sempre se reúne em família no Dia de Ação de Graças."
"that"|"She said that she would call me back."|"que(conjunção)"|"Ela disse que me ligaria de volta."
"that"|"Can I borrow that pen?"|"aquele(determinante)"|"Posso pegar aquela caneta emprestada?"
"that"|"The coffee was that good — I ordered another cup."|"tão(advérbio)"|"O café estava tão bom assim que pedi outra xícara."
"the"|"Please close the door on your way out."|"o/a(artigo)"|"Por favor, feche a porta ao sair."
"theater"|"We went to the theater to see a play."|"teatro(substantivo)"|"Fomos ao teatro ver uma peça."
"their"|"The kids left their backpacks by the door."|"deles/delas(artigo)"|"As crianças deixaram as mochilas delas perto da porta."
"them"|"I called them but no one answered."|"eles/elas(pronome)"|"Liguei para eles, mas ninguém atendeu."
"theme"|"The theme of the party was the 1980s."|"tema(substantivo)"|"O tema da festa era os anos 1980."
"themselves"|"They painted the whole house themselves."|"eles mesmos(pronome)"|"Eles pintaram a casa inteira sozinhos."
"then"|"Finish your homework, then we can watch a movie."|"então(advérbio)"|"Termine o dever, então a gente pode assistir a um filme."
"theological"|"It was a deep theological debate."|"teológico(adjetivo)"|"Foi um debate teológico profundo."
"theology"|"She studied theology at the university."|"teologia(substantivo)"|"Ela estudou teologia na universidade."
"theoretical"|"That's a theoretical possibility, not a real one."|"teórico(adjetivo)"|"Isso é uma possibilidade teórica, não real."
"theory"|"Do you have a theory about what happened?"|"teoria(substantivo)"|"Você tem alguma teoria sobre o que aconteceu?"
"therapist"|"She sees a therapist every other week."|"terapeuta(substantivo)"|"Ela consulta um terapeuta a cada duas semanas."
"therapy"|"Physical therapy helped him walk again."|"terapia(substantivo)"|"A fisioterapia ajudou ele a voltar a andar."
"there"|"There are three messages on your phone."|"há/existe(expletivo)"|"Há três mensagens no seu celular."
"there"|"I left my keys right there on the table."|"ali/lá(advérbio)"|"Deixei minhas chaves bem ali na mesa."
"thereby"|"He skipped the line, thereby saving an hour."|"com isso(advérbio)"|"Ele furou a fila, com isso economizou uma hora."
"therefore"|"She was sick; therefore, she stayed home."|"portanto(advérbio)"|"Ela estava doente; portanto, ficou em casa."
"these"|"These shoes are too tight."|"estes/estas(determinante)"|"Estes sapatos estão apertados demais."
"they"|"They left without saying goodbye."|"eles/elas(pronome)"|"Eles foram embora sem se despedir."
"thick"|"The walls in this house are really thick."|"grosso/espesso(adjetivo)"|"As paredes desta casa são bem grossas."
"thigh"|"She pulled a muscle in her thigh."|"coxa(substantivo)"|"Ela puxou um músculo na coxa."
"thin"|"The ice is too thin to walk on."|"fino/magro(adjetivo)"|"O gelo está fino demais para andar por cima."
"thing"|"The best thing about summer is the longer days."|"coisa(substantivo)"|"A melhor coisa no verão são os dias mais longos."
"thinking"|"His thinking changed after the experience."|"pensamento/raciocínio(substantivo)"|"O raciocínio dele mudou após a experiência."
"third"|"She finished in third place."|"terceiro(numeral)"|"Ela terminou em terceiro lugar."
"thirty"|"He just turned thirty."|"trinta(numeral)"|"Ele acabou de completar trinta anos."
"this"|"This bag is mine."|"este/esta(determinante)"|"Esta bolsa é minha."
"this"|"I didn't expect it to be this cold."|"tão/assim(advérbio)"|"Não esperava que estivesse tão frio assim."
"thoroughly"|"She thoroughly cleaned the kitchen."|"completamente/minuciosamente(advérbio)"|"Ela limpou a cozinha minuciosamente."
"those"|"Those kids are always so loud."|"aqueles/aquelas(determinante)"|"Aquelas crianças são sempre tão barulhentas."
"though"|"Even though it was raining, we went for a walk."|"embora/apesar de(conjunção)"|"Embora estivesse chovendo, fomos dar uma caminhada."
"though"|"It was a hard day. A good one, though."|"mesmo assim/porém(advérbio)"|"Foi um dia difícil. Bom, mesmo assim."
"thought"|"That's an interesting thought."|"pensamento/ideia(substantivo)"|"Esse é um pensamento interessante."
"thousand"|"Over a thousand people showed up."|"mil(numeral)"|"Mais de mil pessoas apareceram."
"thread"|"I need a needle and thread to fix this shirt."|"linha(substantivo)"|"Preciso de agulha e linha para consertar esta camisa."
"threat"|"The storm posed a serious threat to the town."|"ameaça(substantivo)"|"A tempestade representou uma ameaça séria para a cidade."
"three"|"I'll be there in three minutes."|"três(numeral)"|"Estarei lá em três minutos."
"threshold"|"We're on the threshold of a major discovery."|"limiar/threshold(substantivo)"|"Estamos no limiar de uma grande descoberta."
"throat"|"My throat hurts every time I swallow."|"garganta(substantivo)"|"Minha garganta dói toda vez que engulo."
"through"|"We drove through the tunnel."|"através de/por(preposição)"|"Passamos pelo túnel de carro."
"through"|"She read the whole report through."|"do começo ao fim/completamente(advérbio)"|"Ela leu o relatório inteiro do começo ao fim."
"throughout"|"It rained throughout the entire trip."|"durante todo/ao longo de(preposição)"|"Choveu durante toda a viagem."
"thumb"|"He hit his thumb with the hammer."|"polegar(substantivo)"|"Ele bateu o polegar com o martelo."
"thus"|"The project was delayed, thus pushing back the deadline."|"portanto/assim(advérbio)"|"O projeto atrasou, portanto empurrando o prazo."
"ticket"|"Did you buy a ticket for the concert?"|"ingresso/bilhete(substantivo)"|"Você comprou ingresso para o show?"
"tide"|"The tide is coming in."|"maré(substantivo)"|"A maré está subindo."
"tie"|"He straightened his tie before the interview."|"gravata(substantivo)"|"Ele ajeitou a gravata antes da entrevista."
"tight"|"This jar is really tight — I can't open it."|"apertado/firme(adjetivo)"|"Este pote está muito apertado — não consigo abrir."
"tight"|"Hold tight — we're almost there."|"firme/com força(advérbio)"|"Segure firme — já estamos quase chegando."
"tightly"|"She held his hand tightly."|"firmemente/com força(advérbio)"|"Ela segurou a mão dele com força."
"tile"|"One of the bathroom tiles is cracked."|"azulejo/telha(substantivo)"|"Um dos azulejos do banheiro está rachado."
"till"|"I'll wait here till you get back."|"até que(conjunção)"|"Vou esperar aqui até você voltar."
"till"|"She worked till midnight."|"até(preposição)"|"Ela trabalhou até meia-noite."
"timber"|"The cabin was built with local timber."|"madeira/toras(substantivo)"|"A cabana foi construída com madeira local."
"time"|"What time does your flight leave?"|"hora/tempo(substantivo)"|"A que horas seu voo parte?"
"timing"|"The timing of the announcement was terrible."|"timing/momento(substantivo)"|"O timing do anúncio foi péssimo."
"tiny"|"The apartment is tiny but cozy."|"minúsculo/pequenininho(adjetivo)"|"O apartamento é minúsculo, mas aconchegante."
"tip"|"Do you leave a tip at restaurants?"|"gorjeta(substantivo)"|"Você deixa gorjeta nos restaurantes?"
"tired"|"I'm too tired to cook tonight."|"cansado(adjetivo)"|"Estou cansado demais para cozinhar hoje à noite."
"tissue"|"Can you hand me a tissue?"|"lenço de papel(substantivo)"|"Você pode me passar um lenço de papel?"
"title"|"What's the title of that book you're reading?"|"título(substantivo)"|"Qual é o título desse livro que você está lendo?"
"to"|"She walked to the store."|"a/para(preposição)"|"Ela foi a pé até a loja."
"to abandon"|"He decided to abandon the project."|"abandonar(verbo)"|"Ele decidiu abandonar o projeto."
"to absorb"|"The sponge absorbs water quickly."|"absorver(verbo)"|"A esponja absorve água rapidamente."
"to abuse"|"It's wrong to abuse someone's trust."|"abusar(verbo)"|"É errado abusar da confiança de alguém."
"to accelerate"|"The car accelerated onto the highway."|"acelerar(verbo)"|"O carro acelerou para entrar na rodovia."
"to accept"|"She finally accepted the job offer."|"aceitar(verbo)"|"Ela finalmente aceitou a oferta de emprego."
"to access"|"I can't access my email from this computer."|"acessar(verbo)"|"Não consigo acessar meu e-mail neste computador."
"to accommodate"|"The hotel can accommodate up to 200 guests."|"acomodar(verbo)"|"O hotel consegue acomodar até 200 hóspedes."
"to accompany"|"She asked me to accompany her to the doctor."|"acompanhar(verbo)"|"Ela me pediu para acompanhá-la ao médico."
"to accomplish"|"He accomplished everything on his to-do list."|"realizar/concluir(verbo)"|"Ele concluiu tudo na sua lista de tarefas."
"to account"|"How do you account for the missing money?"|"explicar/justificar(verbo)"|"Como você explica o dinheiro que sumiu?"
"to accuse"|"She accused him of lying to her."|"acusar(verbo)"|"Ela o acusou de ter mentido para ela."
"to achieve"|"She worked hard to achieve her goals."|"alcançar/conquistar(verbo)"|"Ela trabalhou duro para alcançar seus objetivos."
"to acknowledge"|"He acknowledged that he had made a mistake."|"reconhecer/admitir(verbo)"|"Ele reconheceu que tinha cometido um erro."
"to acquire"|"They acquired a new company last year."|"adquirir(verbo)"|"Eles adquiriram uma nova empresa no ano passado."
"to act"|"You need to act fast before it's too late."|"agir(verbo)"|"Você precisa agir rápido antes que seja tarde demais."
"to adapt"|"It took me a while to adapt to the new schedule."|"se adaptar(verbo)"|"Demorei um tempo para me adaptar ao novo horário."
"to add"|"Can you add some salt to the soup?"|"adicionar(verbo)"|"Você pode adicionar um pouco de sal na sopa?"
"to address"|"We need to address this problem right away."|"tratar de/lidar com(verbo)"|"Precisamos lidar com esse problema imediatamente."
"to adjust"|"I had to adjust the seat before driving."|"ajustar(verbo)"|"Tive que ajustar o assento antes de dirigir."
"to administer"|"The nurse administered the medication carefully."|"administrar/aplicar(verbo)"|"A enfermeira aplicou o medicamento com cuidado."
"to admire"|"I really admire her patience with the kids."|"admirar(verbo)"|"Eu realmente admiro a paciência dela com as crianças."
"to admit"|"He finally admitted that he was wrong."|"admitir(verbo)"|"Ele finalmente admitiu que estava errado."
"to adopt"|"They decided to adopt a child."|"adotar(verbo)"|"Eles decidiram adotar uma criança."
"to advance"|"The army advanced toward the city."|"avançar(verbo)"|"O exército avançou em direção à cidade."
"to advise"|"My doctor advised me to rest for a week."|"aconselhar(verbo)"|"Meu médico me aconselhou a descansar por uma semana."
"to advocate"|"She advocates for better public schools."|"defender/apoiar(verbo)"|"Ela defende melhores escolas públicas."
"to affect"|"The cold weather affected his health."|"afetar(verbo)"|"O tempo frio afetou a saúde dele."
"to afford"|"I can't afford a new car right now."|"ter condições de/poder pagar(verbo)"|"Não tenho condições de comprar um carro novo agora."
"to age"|"He has aged a lot since I last saw him."|"envelhecer(verbo)"|"Ele envelheceu muito desde a última vez que o vi."
"to agree"|"We all agreed to meet at seven."|"concordar(verbo)"|"Todos concordamos em nos encontrar às sete."
"to aid"|"The organization aids families in need."|"ajudar/auxiliar(verbo)"|"A organização auxilia famílias necessitadas."
"to aim"|"She aimed the camera at the sunset."|"apontar/mirar(verbo)"|"Ela apontou a câmera para o pôr do sol."
"to allow"|"My parents don't allow me to stay out late."|"permitir/deixar(verbo)"|"Meus pais não me deixam ficar fora até tarde."
"to alter"|"The tailor altered the dress to fit her better."|"alterar/modificar(verbo)"|"O alfaiate alterou o vestido para caber melhor nela."
"to analyze"|"We need to analyze the results carefully."|"analisar(verbo)"|"Precisamos analisar os resultados com cuidado."
"to announce"|"The principal announced a school holiday."|"anunciar(verbo)"|"O diretor anunciou um feriado escolar."
"to answer"|"Please answer the question honestly."|"responder(verbo)"|"Por favor, responda à pergunta com sinceridade."
"to anticipate"|"I didn't anticipate how hard the test would be."|"antecipar/prever(verbo)"|"Eu não previ o quanto a prova seria difícil."
"to apologize"|"He apologized for being late."|"pedir desculpas(verbo)"|"Ele pediu desculpas por ter chegado atrasado."
"to appeal"|"The decision didn't appeal to everyone on the team."|"agradar/fazer apelo(verbo)"|"A decisão não agradou a todos no time."
"to appear"|"She appeared nervous before the presentation."|"parecer/aparecer(verbo)"|"Ela pareceu nervosa antes da apresentação."
"to apply"|"I applied for three jobs this week."|"se candidatar/aplicar(verbo)"|"Me candidatei a três empregos essa semana."
"to appoint"|"The board appointed a new director."|"nomear(verbo)"|"O conselho nomeou um novo diretor."
"to appreciate"|"I really appreciate everything you've done for me."|"agradecer/valorizar(verbo)"|"Eu realmente valorizo tudo que você fez por mim."
"to approach"|"A stranger approached me on the street."|"se aproximar(verbo)"|"Um estranho se aproximou de mim na rua."
"to approve"|"My boss approved my vacation request."|"aprovar(verbo)"|"Meu chefe aprovou meu pedido de férias."
"to argue"|"They always argue about money."|"discutir/brigar(verbo)"|"Eles sempre brigam por causa de dinheiro."
"to arise"|"A problem arose during the meeting."|"surgir(verbo)"|"Um problema surgiu durante a reunião."
"to arm"|"The guard was armed with a rifle."|"armar(verbo)"|"O guarda estava armado com um rifle."
"to arrange"|"Can you arrange a meeting for Monday?"|"organizar/agendar(verbo)"|"Você consegue organizar uma reunião para segunda-feira?"
"to arrest"|"The police arrested the suspect downtown."|"prender/deter(verbo)"|"A polícia prendeu o suspeito no centro da cidade."
"to arrive"|"They arrived at the airport two hours early."|"chegar(verbo)"|"Eles chegaram ao aeroporto duas horas antes."
"to articulate"|"She articulated her ideas very clearly."|"articular/expressar(verbo)"|"Ela expressou suas ideias com muita clareza."
"to ask"|"Don't be afraid to ask for help."|"pedir/perguntar(verbo)"|"Não tenha medo de pedir ajuda."
"to assemble"|"It took an hour to assemble the furniture."|"montar/reunir(verbo)"|"Levou uma hora para montar o móvel."
"to assert"|"She asserted her right to speak."|"afirmar/reivindicar(verbo)"|"Ela afirmou seu direito de falar."
"to assess"|"The doctor assessed his condition carefully."|"avaliar(verbo)"|"O médico avaliou a condição dele com cuidado."
"to assign"|"The teacher assigned three pages of homework."|"atribuir/designar(verbo)"|"A professora passou três páginas de lição de casa."
"to assist"|"Can you assist me with these bags?"|"ajudar/auxiliar(verbo)"|"Você pode me ajudar com essas sacolas?"
"to associate"|"I associate that smell with my grandmother's house."|"associar(verbo)"|"Eu associo aquele cheiro à casa da minha avó."
"to assume"|"Don't assume she already knows the news."|"presumir/supor(verbo)"|"Não presuma que ela já sabe a notícia."
"to assure"|"He assured me everything would be fine."|"garantir/assegurar(verbo)"|"Ele me garantiu que tudo ficaria bem."
"to attach"|"Please attach the file before sending the email."|"anexar/prender(verbo)"|"Por favor, anexe o arquivo antes de enviar o e-mail."
"to attack"|"The dog attacked the mailman."|"atacar(verbo)"|"O cachorro atacou o carteiro."
"to attempt"|"She attempted the exam even without studying."|"tentar/fazer uma tentativa(verbo)"|"Ela tentou fazer a prova mesmo sem estudar."
"to attend"|"All students must attend class on Friday."|"comparecer/assistir(verbo)"|"Todos os alunos devem comparecer à aula na sexta."
"to attract"|"Flowers attract bees."|"atrair(verbo)"|"Flores atraem abelhas."
"to attribute"|"He attributed his success to hard work."|"atribuir(verbo)"|"Ele atribuiu seu sucesso ao trabalho duro."
"to authorize"|"Only the manager can authorize that payment."|"autorizar(verbo)"|"Somente o gerente pode autorizar esse pagamento."
"to average"|"She averages eight hours of sleep a night."|"ter em média(verbo)"|"Ela dorme em média oito horas por noite."
"to avoid"|"He avoids sugar as much as possible."|"evitar(verbo)"|"Ele evita açúcar ao máximo."
"to await"|"We are awaiting your response."|"aguardar/esperar(verbo)"|"Estamos aguardando sua resposta."
"to award"|"They awarded her first place in the competition."|"conceder/premiar(verbo)"|"Eles concederam a ela o primeiro lugar na competição."
"to back"|"I'll back you up no matter what."|"apoiar(verbo)"|"Vou te apoiar não importa o quê."
"to bake"|"She bakes bread every Sunday morning."|"assar(verbo)"|"Ela assa pão toda manhã de domingo."
"to balance"|"He balanced the plate on one finger."|"equilibrar(verbo)"|"Ele equilibrou o prato em um dedo."
"to ban"|"The school banned cell phones in the classroom."|"proibir/banir(verbo)"|"A escola proibiu celulares na sala de aula."
"to base"|"The movie is based on a true story."|"basear(verbo)"|"O filme é baseado em uma história real."
"to battle"|"She has been battling cancer for two years."|"lutar contra/batalhar(verbo)"|"Ela está lutando contra o câncer há dois anos."
"to be"|"She is very tired today."|"ser/estar(verbo)"|"Ela está muito cansada hoje."
"to be born"|"He was born in São Paulo."|"nascer(verbo)"|"Ele nasceu em São Paulo."
"to bear"|"I can't bear the cold anymore."|"suportar/aguentar(verbo)"|"Não consigo mais aguentar o frio."
"to beat"|"Our team beat them by two points."|"vencer/bater(verbo)"|"Nosso time venceu eles por dois pontos."
"to become"|"She became a doctor at twenty-six."|"tornar-se/virar(verbo)"|"Ela se tornou médica aos vinte e seis anos."
"to beg"|"He begged her not to leave."|"implorar/suplicar(verbo)"|"Ele implorou para ela não ir embora."
"to begin"|"The movie begins at eight."|"começar/iniciar(verbo)"|"O filme começa às oito."
"to behave"|"Please behave yourself at the dinner table."|"comportar-se(verbo)"|"Por favor, comporte-se à mesa do jantar."
"to believe"|"I believe you're telling the truth."|"acreditar(verbo)"|"Eu acredito que você está dizendo a verdade."
"to belong"|"This jacket belongs to my brother."|"pertencer(verbo)"|"Essa jaqueta pertence ao meu irmão."
"to bend"|"Bend your knees when you lift something heavy."|"dobrar/flexionar(verbo)"|"Dobre os joelhos quando for levantar algo pesado."
"to benefit"|"Regular exercise benefits your entire body."|"beneficiar(verbo)"|"Exercício regular beneficia o corpo inteiro."
"to bet"|"I bet he forgot about the meeting."|"apostar(verbo)"|"Aposto que ele esqueceu da reunião."
"to bind"|"The contract binds both parties."|"vincular/obrigar(verbo)"|"O contrato vincula ambas as partes."
"to bite"|"Be careful — that dog bites."|"morder(verbo)"|"Cuidado — aquele cachorro morde."
"to blame"|"Don't blame yourself for what happened."|"culpar(verbo)"|"Não se culpe pelo que aconteceu."
"to blend"|"Blend the ingredients until smooth."|"misturar/bater(verbo)"|"Misture os ingredientes até ficar homogêneo."
"to bless"|"She blessed her children before they left."|"abençoar(verbo)"|"Ela abençoou os filhos antes de eles saírem."
"to blink"|"He blinked when the light hit his eyes."|"piscar(verbo)"|"Ele piscou quando a luz bateu nos olhos dele."
"to block"|"A truck was blocking the road."|"bloquear/obstruir(verbo)"|"Um caminhão estava bloqueando a estrada."
"to blow"|"The wind blew my hat off."|"soprar/assoprar(verbo)"|"O vento levou meu chapéu."
"to boast"|"He always boasts about his grades."|"se gabar(verbo)"|"Ele sempre se gaba das notas."
"to boil"|"Boil the water before adding the pasta."|"ferver(verbo)"|"Ferva a água antes de adicionar o macarrão."
"to bomb"|"The building was bombed during the war."|"bombardear(verbo)"|"O prédio foi bombardeado durante a guerra."
"to boost"|"A good breakfast boosts your energy in the morning."|"aumentar/impulsionar(verbo)"|"Um bom café da manhã aumenta sua energia de manhã."
"to borrow"|"Can I borrow your charger for a minute?"|"pedir emprestado(verbo)"|"Posso pegar seu carregador emprestado por um minuto?"
"to bother"|"Stop bothering me while I'm working."|"incomodar(verbo)"|"Para de me incomodar enquanto estou trabalhando."
"to bounce"|"The ball bounced off the wall."|"quicar(verbo)"|"A bola quicou na parede."
"to bow"|"The actor bowed after the show."|"fazer uma reverência(verbo)"|"O ator fez uma reverência após o show."
"to break"|"I broke my phone yesterday."|"quebrar(verbo)"|"Eu quebrei meu celular ontem."
"to breathe"|"Breathe slowly and relax."|"respirar(verbo)"|"Respire devagar e relaxe."
"to bring"|"Can you bring me a glass of water?"|"trazer(verbo)"|"Você pode me trazer um copo d'água?"
"to broadcast"|"The game was broadcast live on TV."|"transmitir(verbo)"|"O jogo foi transmitido ao vivo na TV."
"to brush"|"I brush my teeth twice a day."|"escovar(verbo)"|"Eu escovo os dentes duas vezes por dia."
"to build"|"They're building a new school nearby."|"construir(verbo)"|"Eles estão construindo uma escola nova perto daqui."
"to burn"|"I burned the toast this morning."|"queimar(verbo)"|"Eu queimei a torrada esta manhã."
"to burst"|"The pipe burst during the night."|"estourar(verbo)"|"O cano estourou durante a noite."
"to bury"|"We buried the dog in the backyard."|"enterrar(verbo)"|"Nós enterramos o cachorro no quintal."
"to buy"|"I need to buy more coffee."|"comprar(verbo)"|"Eu preciso comprar mais café."
"to calculate"|"She calculated the total in her head."|"calcular(verbo)"|"Ela calculou o total de cabeça."
"to call"|"I'll call you when I get home."|"ligar(verbo)"|"Eu te ligo quando chegar em casa."
"to calm"|"He tried to calm the crying baby."|"acalmar(verbo)"|"Ele tentou acalmar o bebê chorando."
"to cancel"|"They canceled the meeting at the last minute."|"cancelar(verbo)"|"Eles cancelaram a reunião de última hora."
"to capture"|"The photo captured a beautiful moment."|"capturar(verbo)"|"A foto capturou um momento lindo."
"to care"|"She really cares about her students."|"se importar(verbo)"|"Ela realmente se importa com os alunos dela."
"to carry"|"Can you carry this box for me?"|"carregar(verbo)"|"Você pode carregar essa caixa pra mim?"
"to carve"|"He carved his name into the tree."|"entalhar(verbo)"|"Ele entalhado o nome dele na árvore."
"to cast"|"The director cast a new actor in the role."|"escalar(verbo)"|"O diretor escalou um novo ator para o papel."
"to catch"|"I caught the ball with one hand."|"pegar(verbo)"|"Eu peguei a bola com uma mão."
"to cause"|"The storm caused a lot of damage."|"causar(verbo)"|"A tempestade causou muito estrago."
"to cease"|"The noise finally ceased after midnight."|"cessar(verbo)"|"O barulho finalmente cessou depois da meia-noite."
"to celebrate"|"We celebrated her birthday at a restaurant."|"comemorar(verbo)"|"Nós comemoramos o aniversário dela em um restaurante."
"to challenge"|"She challenged her friend to a race."|"desafiar(verbo)"|"Ela desafiou a amiga para uma corrida."
"to change"|"I need to change my password."|"mudar(verbo)"|"Eu preciso mudar minha senha."
"to characterize"|"How would you characterize his leadership style?"|"caracterizar(verbo)"|"Como você caracterizaria o estilo de liderança dele?"
"to charge"|"I forgot to charge my phone last night."|"carregar(verbo)"|"Eu esqueci de carregar meu celular ontem à noite."
"to chase"|"The dog chased the cat around the yard."|"perseguir(verbo)"|"O cachorro perseguiu o gato pelo quintal."
"to cheat"|"He cheated on the exam and got caught."|"colar(verbo)"|"Ele colou na prova e foi pego."
"to check"|"Check your email before the meeting."|"verificar(verbo)"|"Verifique seu e-mail antes da reunião."
"to cheer"|"The crowd cheered when the team scored."|"torcer(verbo)"|"A torcida vibrou quando o time fez o gol."
"to chew"|"Chew your food before swallowing."|"mastigar(verbo)"|"Mastigue a comida antes de engolir."
"to choose"|"You can choose any seat you want."|"escolher(verbo)"|"Você pode escolher qualquer assento que quiser."
"to chop"|"She chopped the onions for the soup."|"picar(verbo)"|"Ela picou as cebolas para a sopa."
"to circle"|"Circle the correct answer on the test."|"circular(verbo)"|"Circule a resposta correta na prova."
"to cite"|"The lawyer cited three important cases."|"citar(verbo)"|"O advogado citou três casos importantes."
"to claim"|"He claimed he had never been there before."|"afirmar(verbo)"|"Ele afirmou que nunca tinha estado lá antes."
"to classify"|"The teacher asked us to classify the animals."|"classificar(verbo)"|"A professora pediu para classificarmos os animais."
"to clean"|"I clean my room every Saturday."|"limpar(verbo)"|"Eu limpo meu quarto todo sábado."
"to clear"|"Can you clear the table after dinner?"|"limpar(verbo)"|"Você pode limpar a mesa depois do jantar?"
"to click"|"Click the button to confirm your order."|"clicar(verbo)"|"Clique no botão para confirmar seu pedido."
"to climb"|"The kids love to climb trees."|"escalar(verbo)"|"As crianças adoram escalar árvores."
"to cling"|"She clung to her mother at the airport."|"se agarrar(verbo)"|"Ela se agarrou à mãe no aeroporto."
"to close"|"Please close the door behind you."|"fechar(verbo)"|"Por favor, feche a porta ao sair."
"to coach"|"He coaches a youth soccer team on weekends."|"treinar(verbo)"|"Ele treina um time de futebol juvenil nos fins de semana."
"to collapse"|"The old building collapsed during the earthquake."|"desabar(verbo)"|"O prédio antigo desabou durante o terremoto."
"to collect"|"She collects vintage postcards from around the world."|"colecionar(verbo)"|"Ela coleciona cartões-postais antigos de todo o mundo."
"to color"|"She colored her hair red last week."|"colorir(verbo)"|"Ela coloriu o cabelo de vermelho semana passada."
"to combine"|"Combine the flour and sugar in a bowl."|"combinar(verbo)"|"Combine a farinha e o açúcar numa tigela."
"to come"|"Come here, please."|"vir(verbo)"|"Vem aqui, por favor."
"to command"|"The general commanded his troops to advance."|"comandar(verbo)"|"O general comandou suas tropas para avançar."
"to comment"|"She commented on my post right away."|"comentar(verbo)"|"Ela comentou na minha postagem na hora."
"to commit"|"He committed to finishing the project on time."|"comprometer-se(verbo)"|"Ele se comprometeu a terminar o projeto no prazo."
"to communicate"|"It's important to communicate clearly at work."|"comunicar(verbo)"|"É importante se comunicar claramente no trabalho."
"to compare"|"Don't compare yourself to others."|"comparar(verbo)"|"Não se compare com os outros."
"to compel"|"The rain compelled us to cancel the picnic."|"obrigar(verbo)"|"A chuva nos obrigou a cancelar o piquenique."
"to compete"|"She competes in swimming tournaments every summer."|"competir(verbo)"|"Ela compete em torneios de natação todo verão."
"to complain"|"He always complains about the food."|"reclamar(verbo)"|"Ele sempre reclama da comida."
"to complete"|"I need to complete this form before noon."|"completar(verbo)"|"Eu preciso preencher este formulário antes do meio-dia."
"to comply"|"All employees must comply with the safety rules."|"cumprir(verbo)"|"Todos os funcionários devem cumprir as regras de segurança."
"to compose"|"She composed a beautiful song for her mother."|"compor(verbo)"|"Ela compôs uma música linda para a mãe."
"to comprise"|"The team comprises five members."|"ser composto por(verbo)"|"A equipe é composta por cinco membros."
"to compromise"|"They had to compromise to reach an agreement."|"ceder(verbo)"|"Eles tiveram que ceder para chegar a um acordo."
"to concede"|"He finally conceded that he was wrong."|"admitir(verbo)"|"Ele finalmente admitiu que estava errado."
"to conceive"|"She conceived the idea during a long walk."|"conceber(verbo)"|"Ela concebeu a ideia durante uma longa caminhada."
"to concentrate"|"I can't concentrate with all this noise."|"se concentrar(verbo)"|"Eu não consigo me concentrar com todo esse barulho."
"to concern"|"This issue concerns everyone in the neighborhood."|"dizer respeito a(verbo)"|"Esse problema diz respeito a todos no bairro."
"to conclude"|"The doctor concluded that rest was the best treatment."|"concluir(verbo)"|"O médico concluiu que o descanso era o melhor tratamento."
"to condemn"|"The community condemned the act of vandalism."|"condenar(verbo)"|"A comunidade condenou o ato de vandalismo."
"to conduct"|"She conducted the meeting very professionally."|"conduzir(verbo)"|"Ela conduziu a reunião de forma muito profissional."
"to confess"|"He confessed that he had eaten the last slice of cake."|"confessar(verbo)"|"Ele confessou que tinha comido o último pedaço de bolo."
"to confirm"|"Please confirm your appointment by tomorrow."|"confirmar(verbo)"|"Por favor, confirme sua consulta até amanhã."
"to confront"|"She finally confronted her coworker about the problem."|"confrontar(verbo)"|"Ela finalmente confrontou seu colega de trabalho sobre o problema."
"to confuse"|"The instructions confused everyone in the class."|"confundir(verbo)"|"As instruções confundiram todo mundo na turma."
"to connect"|"Connect the cable to the back of the TV."|"conectar(verbo)"|"Conecte o cabo na parte de trás da TV."
"to consider"|"I'm considering changing jobs."|"considerar(verbo)"|"Estou considerando mudar de emprego."
"to consist"|"The dish consists of rice, beans, and beef."|"consistir em(verbo)"|"O prato consiste em arroz, feijão e carne."
"to constitute"|"These findings constitute a major breakthrough."|"constituir(verbo)"|"Essas descobertas constituem um grande avanço."
"to construct"|"They constructed the bridge in just two years."|"construir(verbo)"|"Eles construíram a ponte em apenas dois anos."
"to consult"|"You should consult a doctor before taking that medication."|"consultar(verbo)"|"Você deve consultar um médico antes de tomar esse remédio."
"to consume"|"We consume too much sugar without even noticing."|"consumir(verbo)"|"A gente consome açúcar demais sem nem perceber."
"to contact"|"Contact me if you need anything."|"entrar em contato(verbo)"|"Entre em contato comigo se precisar de algo."
"to contain"|"This box contains all my old photos."|"conter(verbo)"|"Esta caixa contém todas as minhas fotos antigas."
"to contemplate"|"She sat by the window, contemplating her next move."|"refletir(verbo)"|"Ela ficou sentada perto da janela, refletindo sobre o próximo passo."
"to contend"|"Several teams are contending for the championship."|"disputar(verbo)"|"Várias equipes estão disputando o campeonato."
"to continue"|"Please continue reading from where you stopped."|"continuar(verbo)"|"Por favor, continue lendo de onde parou."
"to contribute"|"Everyone contributed to the surprise party."|"contribuir(verbo)"|"Todo mundo contribuiu para a festa surpresa."
"to control"|"He struggled to control his anger."|"controlar(verbo)"|"Ele teve dificuldade em controlar a raiva."
"to convert"|"Can you convert this file to PDF?"|"converter(verbo)"|"Você consegue converter esse arquivo para PDF?"
"to convey"|"The movie conveys a powerful message about family."|"transmitir(verbo)"|"O filme transmite uma mensagem poderosa sobre família."
"to convict"|"The jury convicted him of theft."|"condenar(verbo)"|"O júri o condenou por roubo."
"to convince"|"She convinced me to try the new restaurant."|"convencer(verbo)"|"Ela me convenceu a experimentar o restaurante novo."
"to cook"|"My dad cooks dinner every Sunday."|"cozinhar(verbo)"|"Meu pai cozinha o jantar todo domingo."
"to cool"|"Let the soup cool before you eat it."|"esfriar(verbo)"|"Deixe a sopa esfriar antes de comer."
"to cooperate"|"The students cooperated well during the group project."|"cooperar(verbo)"|"Os alunos cooperaram bem durante o projeto em grupo."
"to coordinate"|"She coordinates all the events at the school."|"coordenar(verbo)"|"Ela coordena todos os eventos da escola."
"to cope"|"It's hard to cope with stress after a long day."|"lidar com(verbo)"|"É difícil lidar com o estresse depois de um dia longo."
"to copy"|"Can you copy this file for me?"|"copiar(verbo)"|"Você pode copiar este arquivo para mim?"
"to correct"|"She corrected my pronunciation."|"corrigir(verbo)"|"Ela corrigiu minha pronúncia."
"to cost"|"How much does this coat cost?"|"custar(verbo)"|"Quanto custa este casaco?"
"to count"|"Count the chairs before the guests arrive."|"contar(verbo)"|"Conte as cadeiras antes dos convidados chegarem."
"to counter"|"He countered every argument she made."|"rebater(verbo)"|"Ele rebateu cada argumento que ela apresentou."
"to cover"|"Cover the pot so the water boils faster."|"tampar(verbo)"|"Tampe a panela para a água ferver mais rápido."
"to crack"|"I cracked an egg into the bowl."|"quebrar(verbo)"|"Eu quebrei um ovo na tigela."
"to crash"|"My computer crashed right before the meeting."|"travar(verbo)"|"Meu computador travou bem antes da reunião."
"to crawl"|"The baby is learning to crawl."|"engatinhar(verbo)"|"O bebê está aprendendo a engatinhar."
"to create"|"She created a new playlist for the road trip."|"criar(verbo)"|"Ela criou uma nova playlist para a viagem."
"to credit"|"The professor credited her for the idea."|"dar crédito a(verbo)"|"O professor deu crédito a ela pela ideia."
"to criticize"|"Try not to criticize people in public."|"criticar(verbo)"|"Tente não criticar pessoas em público."
"to cross"|"Look both ways before you cross the street."|"atravessar(verbo)"|"Olhe para os dois lados antes de atravessar a rua."
"to crowd"|"Fans crowded around the stage."|"se aglomerar(verbo)"|"Os fãs se aglomeraram em volta do palco."
"to crush"|"She crushed the garlic with the back of the knife."|"amassar(verbo)"|"Ela amassou o alho com o cabo da faca."
"to cry"|"He cried when he heard the news."|"chorar(verbo)"|"Ele chorou quando ouviu a notícia."
"to cure"|"Doctors are still trying to cure that disease."|"curar(verbo)"|"Os médicos ainda estão tentando curar essa doença."
"to cut"|"I cut my finger while chopping vegetables."|"cortar(verbo)"|"Eu cortei o dedo enquanto picava legumes."
"to damage"|"The storm damaged several houses in the area."|"danificar(verbo)"|"A tempestade danificou várias casas na região."
"to dance"|"They danced all night at the wedding."|"dançar(verbo)"|"Eles dançaram a noite toda no casamento."
"to dare"|"I dared him to jump into the pool."|"desafiar(verbo)"|"Eu o desafiei a pular na piscina."
"to date"|"They've been dating for about six months."|"namorar(verbo)"|"Eles estão namorando há cerca de seis meses."
"to deal"|"We need to deal with this problem right away."|"lidar com(verbo)"|"Precisamos lidar com esse problema imediatamente."
"to debate"|"The students debated whether social media is harmful."|"debater(verbo)"|"Os alunos debateram se as redes sociais são prejudiciais."
"to decide"|"Have you decided what to order?"|"decidir(verbo)"|"Você decidiu o que vai pedir?"
"to declare"|"He declared his love in front of everyone."|"declarar(verbo)"|"Ele declarou seu amor na frente de todos."
"to decline"|"She declined the job offer politely."|"recusar(verbo)"|"Ela recusou a oferta de emprego educadamente."
"to decorate"|"We decorated the apartment for the holidays."|"decorar(verbo)"|"Decoramos o apartamento para as festas."
"to decrease"|"The temperature decreased overnight."|"diminuir(verbo)"|"A temperatura diminuiu durante a noite."
"to dedicate"|"He dedicated the book to his mother."|"dedicar(verbo)"|"Ele dedicou o livro à sua mãe."
"to deem"|"The judge deemed the evidence insufficient."|"considerar(verbo)"|"O juiz considerou as provas insuficientes."
"to defeat"|"Our team defeated the champions last night."|"derrotar(verbo)"|"Nosso time derrotou os campeões ontem à noite."
"to defend"|"She defended her thesis in front of the committee."|"defender(verbo)"|"Ela defendeu sua tese diante da banca."
"to define"|"Can you define this word for me?"|"definir(verbo)"|"Você pode definir esta palavra para mim?"
"to delay"|"The flight was delayed by two hours."|"atrasar(verbo)"|"O voo atrasou duas horas."
"to deliver"|"The package was delivered this morning."|"entregar(verbo)"|"O pacote foi entregue esta manhã."
"to demand"|"The workers demanded better pay."|"exigir(verbo)"|"Os trabalhadores exigiram melhores salários."
"to demonstrate"|"She demonstrated how to use the new software."|"demonstrar(verbo)"|"Ela demonstrou como usar o novo software."
"to deny"|"He denied taking the money."|"negar(verbo)"|"Ele negou ter pegado o dinheiro."
"to depart"|"The train departs at seven in the morning."|"partir(verbo)"|"O trem parte às sete da manhã."
"to depend"|"It depends on how much time we have."|"depender(verbo)"|"Depende de quanto tempo temos."
"to depict"|"The painting depicts a scene from everyday life."|"retratar(verbo)"|"A pintura retrata uma cena do cotidiano."
"to deploy"|"The company deployed the update last night."|"implementar(verbo)"|"A empresa implementou a atualização ontem à noite."
"to derive"|"This word derives from Latin."|"derivar(verbo)"|"Esta palavra deriva do latim."
"to descend"|"We descended the stairs carefully."|"descer(verbo)"|"Descemos as escadas com cuidado."
"to describe"|"Can you describe what the person looked like?"|"descrever(verbo)"|"Você pode descrever como era a pessoa?"
"to deserve"|"You deserve a break after all that work."|"merecer(verbo)"|"Você merece uma pausa depois de todo esse trabalho."
"to design"|"She designed the logo herself."|"criar/projetar(verbo)"|"Ela mesma criou o logotipo."
"to desire"|"He desired nothing more than a quiet life."|"desejar(verbo)"|"Ele não desejava nada mais do que uma vida tranquila."
"to destroy"|"The fire destroyed the entire building."|"destruir(verbo)"|"O incêndio destruiu o prédio inteiro."
"to detect"|"The smoke detector failed to detect the fire in time."|"detectar(verbo)"|"O detector de fumaça não conseguiu detectar o incêndio a tempo."
"to determine"|"We need to determine the cause of the problem."|"determinar(verbo)"|"Precisamos determinar a causa do problema."
"to develop"|"She's developing a new app for her company."|"desenvolver(verbo)"|"Ela está desenvolvendo um novo aplicativo para sua empresa."
"to devote"|"He devotes two hours a day to studying English."|"dedicar(verbo)"|"Ele dedica duas horas por dia ao estudo de inglês."
"to diagnose"|"The doctor diagnosed her with diabetes."|"diagnosticar(verbo)"|"O médico a diagnosticou com diabetes."
"to dictate"|"The boss tried to dictate every decision in the office."|"ditar(verbo)"|"O chefe tentava ditar cada decisão no escritório."
"to die"|"Her grandfather died peacefully in his sleep."|"morrer(verbo)"|"O avô dela morreu tranquilamente enquanto dormia."
"to differ"|"Our opinions differ on almost everything."|"diferir(verbo)"|"Nossas opiniões diferem em quase tudo."
"to dig"|"The kids dug a big hole in the backyard."|"cavar(verbo)"|"As crianças cavaram um buraco grande no quintal."
"to diminish"|"The pain slowly diminished after she took the medication."|"diminuir(verbo)"|"A dor foi diminuindo aos poucos depois que ela tomou o remédio."
"to dip"|"She dipped the chip in the salsa."|"mergulhar(verbo)"|"Ela mergulhou o chip na salsa."
"to direct"|"He directed the new students to the registration desk."|"direcionar(verbo)"|"Ele direcionou os novos alunos para a mesa de inscrição."
"to disagree"|"I disagree with your decision, but I'll respect it."|"discordar(verbo)"|"Eu discordo da sua decisão, mas vou respeitá-la."
"to disappear"|"My keys disappeared again."|"desaparecer(verbo)"|"Minhas chaves desapareceram de novo."
"to disclose"|"The company refused to disclose its profits."|"revelar(verbo)"|"A empresa se recusou a revelar seus lucros."
"to discourage"|"Don't let one failure discourage you."|"desanimar(verbo)"|"Não deixe um fracasso te desanimar."
"to discover"|"Scientists discovered a new species in the Amazon."|"descobrir(verbo)"|"Cientistas descobriram uma nova espécie na Amazônia."
"to discuss"|"Let's discuss this after the meeting."|"discutir(verbo)"|"Vamos discutir isso depois da reunião."
"to dismiss"|"The judge dismissed the case due to lack of evidence."|"dispensar(verbo)"|"O juiz dispensou o caso por falta de provas."
"to display"|"The museum displays ancient artifacts from Egypt."|"exibir(verbo)"|"O museu exibe artefatos antigos do Egito."
"to dissolve"|"Dissolve the sugar in warm water."|"dissolver(verbo)"|"Dissolva o açúcar em água morna."
"to distinguish"|"Can you distinguish between the two flavors?"|"distinguir(verbo)"|"Você consegue distinguir os dois sabores?"
"to distract"|"Loud music distracts me when I'm working."|"distrair(verbo)"|"Música alta me distrai quando estou trabalhando."
"to distribute"|"The volunteers distributed food to the families."|"distribuir(verbo)"|"Os voluntários distribuíram comida para as famílias."
"to disturb"|"Please don't disturb me while I'm on the call."|"perturbar(verbo)"|"Por favor, não me perturbe enquanto estou na ligação."
"to divide"|"Divide the pizza into eight equal slices."|"dividir(verbo)"|"Divida a pizza em oito fatias iguais."
"to divorce"|"They divorced after fifteen years of marriage."|"se divorciar(verbo)"|"Eles se divorciaram depois de quinze anos de casamento."
"to do"|"I do the dishes every night after dinner."|"fazer(verbo)"|"Eu lavo a louça toda noite depois do jantar."
"to document"|"Make sure you document every step of the process."|"documentar(verbo)"|"Certifique-se de documentar cada etapa do processo."
"to dominate"|"That team dominated the entire championship."|"dominar(verbo)"|"Aquele time dominou todo o campeonato."
"to donate"|"She donates a portion of her salary to charity every month."|"doar(verbo)"|"Ela doa uma parte do salário para uma instituição de caridade todo mês."
"to double"|"They doubled their revenue in just one year."|"dobrar(verbo)"|"Eles dobraram a receita em apenas um ano."
"to doubt"|"I doubt he'll show up on time."|"duvidar(verbo)"|"Eu duvido que ele apareça na hora."
"to draft"|"She spent the afternoon drafting her resignation letter."|"redigir(verbo)"|"Ela passou a tarde redigindo sua carta de demissão."
"to drag"|"He dragged the heavy box across the floor."|"arrastar(verbo)"|"Ele arrastou a caixa pesada pelo chão."
"to drain"|"Drain the pasta before adding the sauce."|"escorrer(verbo)"|"Escorra o macarrão antes de adicionar o molho."
"to draw"|"My daughter loves to draw animals."|"desenhar(verbo)"|"Minha filha adora desenhar animais."
"to dream"|"I dreamed about my old neighborhood last night."|"sonhar(verbo)"|"Eu sonhei com meu antigo bairro ontem à noite."
"to dress"|"He dressed quickly and ran out the door."|"se vestir(verbo)"|"Ele se vestiu rapidamente e saiu correndo pela porta."
"to drift"|"The boat drifted slowly down the river."|"derivar(verbo)"|"O barco foi derivando lentamente rio abaixo."
"to drill"|"The dentist had to drill two of my teeth."|"furar(verbo)"|"O dentista teve que furar dois dos meus dentes."
"to drink"|"He drinks a glass of water every morning."|"beber(verbo)"|"Ele bebe um copo de água toda manhã."
"to drive"|"She drives her kids to school every day."|"dirigir(verbo)"|"Ela leva seus filhos para a escola de carro todo dia."
"to drop"|"I dropped my phone on the sidewalk."|"deixar cair(verbo)"|"Deixei meu celular cair na calçada."
"to drown"|"He almost drowned when he was a child."|"se afogar(verbo)"|"Ele quase se afogou quando era criança."
"to dry"|"Dry your hands before touching the equipment."|"secar(verbo)"|"Seque as mãos antes de tocar no equipamento."
"to dump"|"He dumped all his old clothes in the trash."|"jogar fora(verbo)"|"Ele jogou fora todas as roupas velhas no lixo."
"to earn"|"She earns more than her husband."|"ganhar(verbo)"|"Ela ganha mais do que o marido."
"to ease"|"A hot bath can ease muscle pain."|"aliviar(verbo)"|"Um banho quente pode aliviar a dor muscular."
"to eat"|"We eat dinner together as a family every Sunday."|"comer(verbo)"|"Nós jantamos juntos em família todo domingo."
"to echo"|"Her words echoed in my head all day."|"ecoar(verbo)"|"As palavras dela ficaram ecoando na minha cabeça o dia todo."
"to edit"|"Can you edit this paragraph for me?"|"editar(verbo)"|"Você pode editar esse parágrafo pra mim?"
"to educate"|"We need to educate kids about healthy eating."|"educar(verbo)"|"A gente precisa educar as crianças sobre alimentação saudável."
"to elect"|"They elected a new president last month."|"eleger(verbo)"|"Eles elegeram um novo presidente mês passado."
"to eliminate"|"We need to eliminate all errors before the deadline."|"eliminar(verbo)"|"A gente precisa eliminar todos os erros antes do prazo."
"to embrace"|"She embraced her daughter at the airport."|"abraçar(verbo)"|"Ela abraçou a filha no aeroporto."
"to emerge"|"A solution finally emerged after hours of discussion."|"surgir(verbo)"|"Uma solução finalmente surgiu depois de horas de discussão."
"to emphasize"|"The doctor emphasized the importance of sleep."|"enfatizar(verbo)"|"O médico enfatizou a importância do sono."
"to employ"|"The company employs over two hundred people."|"empregar(verbo)"|"A empresa emprega mais de duzentas pessoas."
"to enable"|"This app enables you to track your spending."|"permitir(verbo)"|"Esse aplicativo permite que você acompanhe seus gastos."
"to enact"|"The government enacted a new law last week."|"promulgar(verbo)"|"O governo promulgou uma nova lei semana passada."
"to encounter"|"I encountered a lot of problems at work today."|"encontrar(verbo)"|"Eu encontrei muitos problemas no trabalho hoje."
"to encourage"|"My teacher always encouraged me to keep trying."|"encorajar(verbo)"|"Minha professora sempre me encorajou a continuar tentando."
"to end"|"The movie ends with a surprise twist."|"terminar(verbo)"|"O filme termina com uma reviravolta surpresa."
"to endorse"|"Several celebrities endorsed the product."|"endossar(verbo)"|"Vários famosos endossaram o produto."
"to endure"|"She endured years of hardship before things got better."|"suportar(verbo)"|"Ela suportou anos de dificuldade antes de as coisas melhorarem."
"to enforce"|"The police enforce traffic laws every day."|"fazer cumprir(verbo)"|"A polícia faz cumprir as leis de trânsito todos os dias."
"to engage"|"It's hard to engage students when they're tired."|"engajar(verbo)"|"É difícil engajar os alunos quando eles estão cansados."
"to enhance"|"Good lighting can enhance any photo."|"melhorar(verbo)"|"Uma boa iluminação pode melhorar qualquer foto."
"to enjoy"|"I really enjoy cooking on weekends."|"curtir(verbo)"|"Eu curto muito cozinhar nos fins de semana."
"to enroll"|"She enrolled in an online Spanish course."|"matricular-se(verbo)"|"Ela se matriculou em um curso de espanhol online."
"to ensure"|"Please ensure all doors are locked before you leave."|"garantir(verbo)"|"Por favor, garanta que todas as portas estejam trancadas antes de sair."
"to enter"|"He entered the room without knocking."|"entrar(verbo)"|"Ele entrou no quarto sem bater."
"to entitle"|"This pass entitles you to free parking."|"dar direito a(verbo)"|"Esse passe te dá direito a estacionamento gratuito."
"to envision"|"I can't envision living without my phone."|"imaginar(verbo)"|"Eu não consigo imaginar viver sem o meu celular."
"to equip"|"The school equipped every classroom with new computers."|"equipar(verbo)"|"A escola equipou todas as salas com computadores novos."
"to escape"|"We barely escaped the rain before the storm hit."|"escapar(verbo)"|"A gente mal escapou da chuva antes da tempestade chegar."
"to establish"|"They established the company in 2005."|"estabelecer(verbo)"|"Eles estabeleceram a empresa em 2005."
"to estimate"|"Can you estimate how long the repair will take?"|"estimar(verbo)"|"Você consegue estimar quanto tempo o reparo vai levar?"
"to evaluate"|"The manager evaluated each employee's performance."|"avaliar(verbo)"|"O gerente avaliou o desempenho de cada funcionário."
"to evolve"|"Our plans evolved as we learned more."|"evoluir(verbo)"|"Nossos planos foram evoluindo conforme aprendemos mais."
"to examine"|"The doctor examined the patient carefully."|"examinar(verbo)"|"O médico examinou o paciente com cuidado."
"to exceed"|"The project costs exceeded our budget."|"exceder(verbo)"|"Os custos do projeto excederam nosso orçamento."
"to exchange"|"We exchanged phone numbers after the meeting."|"trocar(verbo)"|"A gente trocou números de telefone depois da reunião."
"to exclude"|"The price excludes taxes and shipping."|"excluir(verbo)"|"O preço exclui impostos e frete."
"to excuse"|"Please excuse me, I need to take this call."|"dar licença(verbo)"|"Com licença, preciso atender essa ligação."
"to execute"|"The team executed the plan perfectly."|"executar(verbo)"|"A equipe executou o plano perfeitamente."
"to exercise"|"She exercises for thirty minutes every morning."|"se exercitar(verbo)"|"Ela se exercita por trinta minutos toda manhã."
"to exhaust"|"The long hike exhausted everyone."|"esgotar(verbo)"|"A longa caminhada esgotou todo mundo."
"to exhibit"|"The museum is exhibiting local artists this month."|"exibir(verbo)"|"O museu está exibindo artistas locais este mês."
"to exist"|"I didn't know this restaurant existed until yesterday."|"existir(verbo)"|"Eu não sabia que esse restaurante existia até ontem."
"to expand"|"The company plans to expand to three new cities."|"expandir(verbo)"|"A empresa planeja expandir para três cidades novas."
"to expect"|"I didn't expect so many people to show up."|"esperar(verbo)"|"Eu não esperava que tanta gente aparecesse."
"to experience"|"Have you ever experienced a power outage lasting days?"|"vivenciar(verbo)"|"Você já vivenciou uma falta de luz que durou dias?"
"to explain"|"Can you explain how this works?"|"explicar(verbo)"|"Você pode me explicar como isso funciona?"
"to explode"|"The tire exploded while he was driving."|"explodir(verbo)"|"O pneu explodiu enquanto ele estava dirigindo."
"to exploit"|"Big companies sometimes exploit cheap labor."|"explorar(verbo)"|"Grandes empresas às vezes exploram mão de obra barata."
"to explore"|"We spent the afternoon exploring the old town."|"explorar(verbo)"|"A gente passou a tarde explorando o centro histórico."
"to expose"|"The documentary exposed widespread corruption."|"expor(verbo)"|"O documentário expôs uma corrupção generalizada."
"to express"|"It's important to express how you feel."|"expressar(verbo)"|"É importante expressar como você se sente."
"to extend"|"Can you extend the deadline by one week?"|"estender(verbo)"|"Você pode estender o prazo por uma semana?"
"to face"|"She had to face her fears alone."|"enfrentar(verbo)"|"Ela teve que enfrentar seus medos sozinha."
"to facilitate"|"The teacher used games to facilitate learning."|"facilitar(verbo)"|"A professora usou jogos para facilitar o aprendizado."
"to fade"|"The colors on the shirt faded after washing."|"desbotar(verbo)"|"As cores da camisa desbotaram depois de lavar."
"to fail"|"He failed the math test twice."|"reprovar(verbo)"|"Ele reprovou no teste de matemática duas vezes."
"to fall"|"She slipped and fell on the wet floor."|"cair(verbo)"|"Ela escorregou e caiu no chão molhado."
"to favor"|"The coach tends to favor the older players."|"favorecer(verbo)"|"O treinador tende a favorecer os jogadores mais velhos."
"to fear"|"He fears losing his job."|"temer(verbo)"|"Ele teme perder o emprego."
"to feature"|"The new phone features a better camera."|"ter como destaque(verbo)"|"O novo celular tem uma câmera melhor como destaque."
"to feed"|"She feeds her cat twice a day."|"alimentar(verbo)"|"Ela alimenta o gato dela duas vezes por dia."
"to feel"|"I feel tired after work."|"sentir(verbo)"|"Eu me sinto cansado depois do trabalho."
"to fight"|"The brothers fight over the remote control."|"brigar(verbo)"|"Os irmãos brigam pelo controle remoto."
"to figure"|"I can't figure out how this app works."|"descobrir(verbo)"|"Eu não consigo descobrir como esse aplicativo funciona."
"to file"|"She filed her taxes online this year."|"declarar/arquivar(verbo)"|"Ela declarou o imposto de renda online esse ano."
"to fill"|"Fill the glass with water, please."|"encher(verbo)"|"Encha o copo com água, por favor."
"to finance"|"They financed the house over 30 years."|"financiar(verbo)"|"Eles financiaram a casa em 30 anos."
"to find"|"I can't find my keys anywhere."|"encontrar(verbo)"|"Eu não consigo encontrar minhas chaves em lugar nenhum."
"to finish"|"Did you finish your homework?"|"terminar(verbo)"|"Você terminou a sua lição de casa?"
"to fire"|"The company fired ten employees last month."|"demitir(verbo)"|"A empresa demitiu dez funcionários no mês passado."
"to fish"|"My dad loves to fish on weekends."|"pescar(verbo)"|"Meu pai adora pescar nos fins de semana."
"to fit"|"These jeans don't fit me anymore."|"servir/caber(verbo)"|"Essa calça jeans não me serve mais."
"to fix"|"Can you fix the leak under the sink?"|"consertar(verbo)"|"Você consegue consertar o vazamento embaixo da pia?"
"to flash"|"A light flashed in the dark hallway."|"piscar/brilhar(verbo)"|"Uma luz piscou no corredor escuro."
"to flee"|"The family had to flee the city during the storm."|"fugir(verbo)"|"A família teve que fugir da cidade durante a tempestade."
"to flip"|"He flipped the pancake perfectly."|"virar(verbo)"|"Ele virou a panqueca perfeitamente."
"to float"|"The kids love to float on their backs in the pool."|"flutuar(verbo)"|"As crianças adoram flutuar de costas na piscina."
"to flood"|"Heavy rain flooded the streets downtown."|"inundar(verbo)"|"A chuva forte inundou as ruas do centro."
"to flow"|"The river flows slowly through the valley."|"fluir/correr(verbo)"|"O rio corre devagar pelo vale."
"to fly"|"We're flying to Miami on Friday."|"voar(verbo)"|"Nós vamos voar para Miami na sexta."
"to focus"|"Try to focus on one task at a time."|"focar(verbo)"|"Tente focar em uma tarefa de cada vez."
"to fold"|"Fold the letter before putting it in the envelope."|"dobrar(verbo)"|"Dobre a carta antes de colocar no envelope."
"to follow"|"Follow the instructions carefully."|"seguir(verbo)"|"Siga as instruções com cuidado."
"to forbid"|"Her parents forbid her to stay out past midnight."|"proibir(verbo)"|"Os pais dela a proibiram de ficar fora depois da meia-noite."
"to force"|"Don't force the door — it's stuck."|"forçar(verbo)"|"Não force a porta — ela está travada."
"to forget"|"I always forget to take my umbrella."|"esquecer(verbo)"|"Eu sempre esqueço de levar meu guarda-chuva."
"to forgive"|"It took her years to forgive him."|"perdoar(verbo)"|"Levou anos para ela perdoá-lo."
"to form"|"Ice forms when water gets cold enough."|"formar(verbo)"|"O gelo se forma quando a água fica fria o suficiente."
"to foster"|"The program fosters creativity in young students."|"estimular(verbo)"|"O programa estimula a criatividade nos jovens estudantes."
"to found"|"He founded the company in his garage."|"fundar(verbo)"|"Ele fundou a empresa na garagem dele."
"to frame"|"She framed the photo and hung it on the wall."|"emoldurar(verbo)"|"Ela emoldurou a foto e pendurou na parede."
"to free"|"The organization works to free political prisoners."|"libertar(verbo)"|"A organização trabalha para libertar presos políticos."
"to freeze"|"Water freezes at 32 degrees Fahrenheit."|"congelar(verbo)"|"A água congela a 32 graus Fahrenheit."
"to frown"|"She frowned when she saw the bill."|"franzir a testa(verbo)"|"Ela franziu a testa quando viu a conta."
"to frustrate"|"The slow internet frustrated everyone in the office."|"frustrar(verbo)"|"A internet lenta frustrou todo mundo no escritório."
"to function"|"The elevator isn't functioning today."|"funcionar(verbo)"|"O elevador não está funcionando hoje."
"to fund"|"The city funded the new school with tax money."|"financiar/custear(verbo)"|"A cidade custeou a nova escola com dinheiro dos impostos."
"to gain"|"She gained a lot of experience working abroad."|"ganhar/adquirir(verbo)"|"Ela adquiriu muita experiência trabalhando no exterior."
"to gather"|"The family gathered around the table for dinner."|"reunir(verbo)"|"A família se reuniu ao redor da mesa para o jantar."
"to gaze"|"He gazed at the stars for a long time."|"contemplar/fitar(verbo)"|"Ele contemplou as estrelas por muito tempo."
"to generate"|"The solar panels generate enough energy for the whole house."|"gerar(verbo)"|"Os painéis solares geram energia suficiente para a casa inteira."
"to get"|"I need to get some groceries before dinner."|"pegar/conseguir(verbo)"|"Preciso pegar algumas compras antes do jantar."
"to give"|"She gave me a ride to work this morning."|"dar(verbo)"|"Ela me deu uma carona para o trabalho esta manhã."
"to glance"|"He glanced at his phone during the meeting."|"olhar rapidamente(verbo)"|"Ele deu uma olhada rápida no celular durante a reunião."
"to go"|"We usually go to the gym on Mondays."|"ir(verbo)"|"A gente geralmente vai à academia nas segundas."
"to govern"|"It's hard to govern a country during a crisis."|"governar(verbo)"|"É difícil governar um país durante uma crise."
"to grab"|"Can you grab me a glass of water?"|"pegar(verbo)"|"Você pode me pegar um copo de água?"
"to graduate"|"She's going to graduate from college next year."|"se formar(verbo)"|"Ela vai se formar na faculdade no ano que vem."
"to grant"|"The company granted him two weeks off."|"conceder(verbo)"|"A empresa concedeu a ele duas semanas de folga."
"to grasp"|"He grasped the railing so he wouldn't fall."|"segurar/agarrar(verbo)"|"Ele segurou o corrimão para não cair."
"to greet"|"She always greets customers with a smile."|"cumprimentar(verbo)"|"Ela sempre cumprimenta os clientes com um sorriso."
"to grin"|"He grinned when he saw his birthday cake."|"sorrir abertamente(verbo)"|"Ele deu um sorrão quando viu o bolo de aniversário."
"to grow"|"These tomatoes grow really fast in summer."|"crescer(verbo)"|"Esses tomates crescem muito rápido no verão."
"to guarantee"|"I can't guarantee the package will arrive on time."|"garantir(verbo)"|"Não posso garantir que o pacote vai chegar no prazo."
"to guard"|"Two officers were guarding the entrance."|"guardar/vigiar(verbo)"|"Dois policiais estavam vigiando a entrada."
"to guess"|"Just guess — there's no wrong answer."|"adivinhar(verbo)"|"Vai chutando — não tem resposta errada."
"to guide"|"She guided us through the old part of the city."|"guiar(verbo)"|"Ela nos guiou pela parte antiga da cidade."
"to hand"|"Can you hand me that pen?"|"entregar(verbo)"|"Você pode me entregar aquela caneta?"
"to handle"|"He handled the situation really well."|"lidar com(verbo)"|"Ele lidou muito bem com a situação."
"to hang"|"I need to hang this picture on the wall."|"pendurar(verbo)"|"Preciso pendurar esse quadro na parede."
"to happen"|"What happened to your car?"|"acontecer(verbo)"|"O que aconteceu com o seu carro?"
"to harm"|"Too much sun can harm your skin."|"prejudicar/machucar(verbo)"|"Sol em excesso pode prejudicar a sua pele."
"to harvest"|"The farmers harvested the corn last week."|"colher(verbo)"|"Os fazendeiros colheram o milho semana passada."
"to hate"|"I hate waking up early on weekends."|"odiar(verbo)"|"Eu odeio acordar cedo nos fins de semana."
"to haul"|"They hauled all the furniture up to the third floor."|"carregar/transportar(verbo)"|"Eles carregaram todos os móveis até o terceiro andar."
"to have"|"Do you have any plans for the weekend?"|"ter(verbo)"|"Você tem algum plano para o fim de semana?"
"to head"|"We're heading downtown after lunch."|"ir/se dirigir(verbo)"|"A gente vai para o centro depois do almoço."
"to heal"|"It took months for the wound to heal."|"cicatrizar/curar(verbo)"|"Demorou meses para a ferida cicatrizar."
"to hear"|"Did you hear that noise?"|"ouvir(verbo)"|"Você ouviu aquele barulho?"
"to heat"|"Heat the soup before you eat it."|"esquentar(verbo)"|"Esquenta a sopa antes de comer."
"to help"|"My neighbor helped me move the couch."|"ajudar(verbo)"|"Meu vizinho me ajudou a mover o sofá."
"to hesitate"|"Don't hesitate to call me if you need anything."|"hesitar(verbo)"|"Não hesite em me ligar se precisar de qualquer coisa."
"to hide"|"The kids were hiding behind the couch."|"se esconder(verbo)"|"As crianças estavam se escondendo atrás do sofá."
"to highlight"|"She highlighted the most important sentences."|"destacar/grifar(verbo)"|"Ela destacou as frases mais importantes."
"to hike"|"We hiked for five hours through the forest."|"fazer trilha(verbo)"|"A gente fez trilha por cinco horas na floresta."
"to hire"|"They hired a new designer last month."|"contratar(verbo)"|"Eles contrataram um novo designer mês passado."
"to hit"|"He hit his knee on the corner of the table."|"bater(verbo)"|"Ele bateu o joelho na quina da mesa."
"to hold"|"Can you hold my bag for a second?"|"segurar(verbo)"|"Você pode segurar minha bolsa por um segundo?"
"to honor"|"They held a ceremony to honor the veterans."|"homenagear(verbo)"|"Eles fizeram uma cerimônia para homenagear os veteranos."
"to hook"|"She hooked the picture frame onto the nail."|"pendurar/engatar(verbo)"|"Ela pendurou a moldura no prego."
"to hope"|"I hope it doesn't rain tomorrow."|"esperar/torcer(verbo)"|"Torço para que não chova amanhã."
"to host"|"They're hosting a dinner party on Saturday."|"hospedar/organizar(verbo)"|"Eles vão dar um jantar em casa no sábado."
"to house"|"The building houses over 200 families."|"abrigar(verbo)"|"O prédio abriga mais de 200 famílias."
"to hug"|"She hugged her daughter at the airport."|"abraçar(verbo)"|"Ela abraçou a filha no aeroporto."
"to hunt"|"They used to hunt deer in the fall."|"caçar(verbo)"|"Eles costumavam caçar veados no outono."
"to hurry"|"Hurry up or we'll miss the bus."|"se apressar(verbo)"|"Se apresse ou vamos perder o ônibus."
"to hurt"|"My back has been hurting all day."|"doer/machucar(verbo)"|"Minhas costas estão doendo o dia todo."
"to identify"|"Can you identify which wire is broken?"|"identificar(verbo)"|"Você consegue identificar qual fio está quebrado?"
"to ignore"|"She ignored his calls for two days."|"ignorar(verbo)"|"Ela ignorou as ligações dele por dois dias."
"to illustrate"|"He used diagrams to illustrate his point."|"ilustrar(verbo)"|"Ele usou diagramas para ilustrar o ponto dele."
"to imagine"|"Imagine waking up with no alarm."|"imaginar(verbo)"|"Imagina acordar sem despertador."
"to implement"|"They plan to implement the new policy next month."|"implementar(verbo)"|"Eles planejam implementar a nova política no próximo mês."
"to imply"|"Are you implying that I made a mistake?"|"insinuar(verbo)"|"Você está insinuando que eu cometi um erro?"
"to impose"|"Don't impose your opinions on others."|"impor(verbo)"|"Não imponha suas opiniões aos outros."
"to impress"|"She impressed everyone with her presentation."|"impressionar(verbo)"|"Ela impressionou todo mundo com a apresentação dela."
"to improve"|"I want to improve my English this year."|"melhorar(verbo)"|"Eu quero melhorar meu inglês este ano."
"to include"|"Does the price include breakfast?"|"incluir(verbo)"|"O preço inclui o café da manhã?"
"to incorporate"|"We need to incorporate your feedback into the report."|"incorporar(verbo)"|"Precisamos incorporar o seu feedback no relatório."
"to increase"|"The company increased its prices last quarter."|"aumentar(verbo)"|"A empresa aumentou seus preços no último trimestre."
"to indicate"|"The sign indicates the exit is on the left."|"indicar(verbo)"|"A placa indica que a saída é à esquerda."
"to influence"|"Music can deeply influence your mood."|"influenciar(verbo)"|"A música pode influenciar profundamente o seu humor."
"to inform"|"Please inform me when the package arrives."|"informar(verbo)"|"Por favor, me informe quando o pacote chegar."
"to inherit"|"She inherited the house from her grandmother."|"herdar(verbo)"|"Ela herdou a casa da avó."
"to initiate"|"He initiated the conversation with a joke."|"iniciar(verbo)"|"Ele iniciou a conversa com uma piada."
"to injure"|"He injured his knee during the game."|"machucar(verbo)"|"Ele machucou o joelho durante o jogo."
"to insert"|"Insert your card into the machine."|"inserir(verbo)"|"Insira o seu cartão na máquina."
"to insist"|"She insisted on paying for dinner."|"insistir(verbo)"|"Ela insistiu em pagar o jantar."
"to inspire"|"His story inspired me to keep going."|"inspirar(verbo)"|"A história dele me inspirou a continuar."
"to install"|"Can you help me install this app?"|"instalar(verbo)"|"Você pode me ajudar a instalar esse aplicativo?"
"to instruct"|"The teacher instructed the students to open their books."|"instruir(verbo)"|"A professora instruiu os alunos a abrirem os livros."
"to integrate"|"The new employee integrated well with the team."|"integrar(verbo)"|"O novo funcionário se integrou bem com a equipe."
"to intend"|"I intend to finish this project by Friday."|"pretender(verbo)"|"Eu pretendo terminar esse projeto até sexta-feira."
"to interact"|"Kids need to interact with others their age."|"interagir(verbo)"|"As crianças precisam interagir com outras da mesma idade."
"to interfere"|"Stop interfering in my personal life."|"interferir(verbo)"|"Para de interferir na minha vida pessoal."
"to interpret"|"It's hard to interpret what he meant."|"interpretar(verbo)"|"É difícil interpretar o que ele quis dizer."
"to interrupt"|"Please don't interrupt me while I'm talking."|"interromper(verbo)"|"Por favor, não me interrompa enquanto eu estou falando."
"to interview"|"They interviewed ten candidates this morning."|"entrevistar(verbo)"|"Eles entrevistaram dez candidatos esta manhã."
"to introduce"|"Let me introduce you to my sister."|"apresentar(verbo)"|"Deixa eu te apresentar à minha irmã."
"to invade"|"The ants invaded the kitchen overnight."|"invadir(verbo)"|"As formigas invadiram a cozinha durante a noite."
"to invent"|"Who invented the telephone?"|"inventar(verbo)"|"Quem inventou o telefone?"
"to invest"|"He decided to invest in real estate."|"investir(verbo)"|"Ele decidiu investir em imóveis."
"to investigate"|"The police are investigating the incident."|"investigar(verbo)"|"A polícia está investigando o incidente."
"to invite"|"Did you invite her to the party?"|"convidar(verbo)"|"Você a convidou para a festa?"
"to involve"|"The project involves a lot of teamwork."|"envolver(verbo)"|"O projeto envolve muito trabalho em equipe."
"to isolate"|"The doctor asked him to isolate for five days."|"isolar(verbo)"|"O médico pediu para ele se isolar por cinco dias."
"to issue"|"The bank will issue a new card within a week."|"emitir(verbo)"|"O banco vai emitir um novo cartão em uma semana."
"to join"|"Do you want to join us for lunch?"|"juntar-se(verbo)"|"Você quer se juntar a nós para o almoço?"
"to joke"|"He was just joking — don't take it seriously."|"brincar / fazer piada(verbo)"|"Ele estava só brincando — não leve a sério."
"to judge"|"Don't judge a book by its cover."|"julgar(verbo)"|"Não julgue um livro pela capa."
"to jump"|"The kids love to jump on the trampoline."|"pular(verbo)"|"As crianças adoram pular na cama elástica."
"to justify"|"How can you justify spending that much money?"|"justificar(verbo)"|"Como você pode justificar gastar tanto dinheiro?"
"to keep"|"Keep the change."|"ficar com / guardar(verbo)"|"Fique com o troco."
"to kick"|"He kicked the ball into the goal."|"chutar(verbo)"|"Ele chutou a bola para dentro do gol."
"to kid"|"I'm just kidding — relax!"|"brincar / estar de brincadeira(verbo)"|"Estou só brincando — relaxa!"
"to kill"|"The cold weather killed all my plants."|"matar(verbo)"|"O frio matou todas as minhas plantas."
"to kiss"|"She kissed him on the cheek."|"beijar(verbo)"|"Ela o beijou na bochecha."
"to kneel"|"He knelt down to tie his shoes."|"ajoelhar(verbo)"|"Ele se ajoelhou para amarrar o tênis."
"to knock"|"Someone is knocking at the door."|"bater(verbo)"|"Alguém está batendo na porta."
"to know"|"Do you know what time it is?"|"saber / conhecer(verbo)"|"Você sabe que horas são?"
"to label"|"Label each box before you pack it."|"rotular / etiquetar(verbo)"|"Etiquete cada caixa antes de empacotar."
"to lack"|"The project lacks a clear deadline."|"faltar / carecer(verbo)"|"O projeto não tem um prazo claro."
"to land"|"The plane landed safely."|"pousar(verbo)"|"O avião pousou com segurança."
"to last"|"The battery lasts two days."|"durar(verbo)"|"A bateria dura dois dias."
"to laugh"|"We laughed at the same joke."|"rir(verbo)"|"A gente riu da mesma piada."
"to launch"|"They launched a new app last week."|"lançar(verbo)"|"Eles lançaram um novo aplicativo semana passada."
"to lay"|"She laid the baby on the bed."|"deitar/colocar(verbo)"|"Ela deitou o bebê na cama."
"to lead"|"He leads the team every morning."|"liderar(verbo)"|"Ele lidera o time toda manhã."
"to lean"|"She leaned against the wall."|"se apoiar(verbo)"|"Ela se apoiou na parede."
"to leap"|"The cat leaped onto the table."|"pular(verbo)"|"O gato pulou em cima da mesa."
"to learn"|"I'm learning to drive."|"aprender(verbo)"|"Estou aprendendo a dirigir."
"to leave"|"He left home at seven."|"sair/deixar(verbo)"|"Ele saiu de casa às sete."
"to lend"|"Can you lend me your charger?"|"emprestar(verbo)"|"Você pode me emprestar o carregador?"
"to let"|"Let me know when you arrive."|"deixar/permitir(verbo)"|"Me avisa quando você chegar."
"to lie"|"She's lying on the couch."|"estar deitado(verbo)"|"Ela está deitada no sofá."
"to lift"|"He lifted the box by himself."|"levantar(verbo)"|"Ele levantou a caixa sozinho."
"to light"|"She lit a candle during the storm."|"acender(verbo)"|"Ela acendeu uma vela durante a tempestade."
"to like"|"I really like this neighborhood."|"gostar(verbo)"|"Eu gosto muito desse bairro."
"to limit"|"Try to limit your screen time."|"limitar(verbo)"|"Tenta limitar o tempo de tela."
"to line"|"People lined up outside the store."|"enfileirar(verbo)"|"As pessoas fizeram fila do lado de fora da loja."
"to link"|"This road links two cities."|"ligar/conectar(verbo)"|"Essa estrada liga duas cidades."
"to list"|"List everything you need to buy."|"listar(verbo)"|"Lista tudo que você precisa comprar."
"to listen"|"Listen, I need to tell you something."|"escutar(verbo)"|"Escuta, preciso te falar uma coisa."
"to live"|"They live in a small apartment."|"morar/viver(verbo)"|"Eles moram num apartamento pequeno."
"to load"|"He loaded the bags into the car."|"carregar(verbo)"|"Ele carregou as malas pro carro."
"to locate"|"I can't locate my keys."|"localizar(verbo)"|"Não consigo localizar minhas chaves."
"to lock"|"Did you lock the door?"|"trancar(verbo)"|"Você trancou a porta?"
"to look"|"Look at that sunset!"|"olhar(verbo)"|"Olha aquele pôr do sol!"
"to lose"|"I always lose my glasses."|"perder(verbo)"|"Eu sempre perco meus óculos."
"to love"|"She loves cooking on weekends."|"amar/adorar(verbo)"|"Ela adora cozinhar nos fins de semana."
"to lower"|"He lowered his voice in the library."|"abaixar(verbo)"|"Ele abaixou a voz na biblioteca."
"to maintain"|"It's hard to maintain a routine."|"manter(verbo)"|"É difícil manter uma rotina."
"to make"|"I'll make coffee for everyone."|"fazer(verbo)"|"Vou fazer café pra todo mundo."
"to manage"|"How do you manage to do it all?"|"conseguir/administrar(verbo)"|"Como você consegue fazer tudo isso?"
"to manipulate"|"He manipulates people to get what he wants."|"manipular(verbo)"|"Ele manipula as pessoas pra conseguir o que quer."
"to march"|"The soldiers marched through the street."|"marchar(verbo)"|"Os soldados marcharam pela rua."
"to mark"|"Mark the important paragraphs."|"marcar(verbo)"|"Marque os parágrafos importantes."
"to market"|"They marketed the product on social media."|"promover/divulgar(verbo)"|"Eles promoveram o produto nas redes sociais."
"to marry"|"They got married last summer."|"casar(verbo)"|"Eles se casaram no verão passado."
"to match"|"These shoes don't match your outfit."|"combinar(verbo)"|"Esses sapatos não combinam com o seu look."
"to matter"|"Your opinion really matters to me."|"importar(verbo)"|"Sua opinião realmente importa pra mim."
"to mean"|"What does this word mean?"|"significar(verbo)"|"O que essa palavra significa?"
"to measure"|"Measure the table before you buy the cloth."|"medir(verbo)"|"Meça a mesa antes de comprar a toalha."
"to meet"|"We met at a coffee shop."|"conhecer/encontrar(verbo)"|"A gente se conheceu numa cafeteria."
"to melt"|"The ice cream melted in the sun."|"derreter(verbo)"|"O sorvete derreteu no sol."
"to mention"|"She didn't mention it to anyone."|"mencionar(verbo)"|"Ela não mencionou isso pra ninguém."
"to mind"|"Do you mind if I sit here?"|"se importar(verbo)"|"Você se importa se eu sentar aqui?"
"to minimize"|"Minimize the risk by planning ahead."|"minimizar(verbo)"|"Minimize o risco planejando com antecedência."
"to miss"|"I really miss my hometown."|"sentir falta(verbo)"|"Eu sinto muita falta da minha cidade natal."
"to mix"|"Mix the flour with the eggs."|"misturar(verbo)"|"Misture a farinha com os ovos."
"to model"|"She modeled the new collection."|"modelar/desfilar(verbo)"|"Ela desfilou a nova coleção."
"to modify"|"You can modify the settings anytime."|"modificar(verbo)"|"Você pode modificar as configurações a qualquer hora."
"to monitor"|"The nurse monitors the patient's heart rate."|"monitorar(verbo)"|"A enfermeira monitora os batimentos cardíacos do paciente."
"to motivate"|"Her speech motivated the whole team."|"motivar(verbo)"|"O discurso dela motivou toda a equipe."
"to mount"|"He mounted the TV on the wall."|"fixar/montar(verbo)"|"Ele fixou a TV na parede."
"to move"|"They moved to a new apartment last month."|"mudar-se(verbo)"|"Eles se mudaram para um apartamento novo no mês passado."
"to murder"|"The detective investigated who murdered the victim."|"assassinar(verbo)"|"O detetive investigou quem assassinou a vítima."
"to mutter"|"He muttered something under his breath."|"resmungar(verbo)"|"Ele resmungou algo baixinho."
"to name"|"They named their daughter Clara."|"dar nome/nomear(verbo)"|"Eles deram o nome Clara para a filha."
"to need"|"I need more time to finish this."|"precisar(verbo)"|"Eu preciso de mais tempo para terminar isso."
"to negotiate"|"They negotiated a better price with the supplier."|"negociar(verbo)"|"Eles negociaram um preço melhor com o fornecedor."
"to nod"|"She nodded to show she understood."|"acenar com a cabeça(verbo)"|"Ela acenou com a cabeça para mostrar que entendeu."
"to note"|"Please note that the meeting starts at nine."|"observar/anotar(verbo)"|"Por favor, observe que a reunião começa às nove."
"to notice"|"Did you notice she changed her hair?"|"notar/perceber(verbo)"|"Você notou que ela mudou o cabelo?"
"to object"|"He objected to the new company policy."|"objetar/discordar(verbo)"|"Ele discordou da nova política da empresa."
"to observe"|"Scientists observed the behavior of the bees."|"observar(verbo)"|"Os cientistas observaram o comportamento das abelhas."
"to obtain"|"She obtained her driver's license last week."|"obter(verbo)"|"Ela obteve a carteira de motorista na semana passada."
"to occupy"|"The kids occupied the living room all afternoon."|"ocupar(verbo)"|"As crianças ocuparam a sala de estar a tarde toda."
"to occur"|"The accident occurred early in the morning."|"ocorrer/acontecer(verbo)"|"O acidente ocorreu de manhã cedo."
"to offer"|"He offered to drive her home."|"oferecer(verbo)"|"Ele se ofereceu para levá-la para casa."
"to open"|"Can you open the window? It's hot in here."|"abrir(verbo)"|"Você pode abrir a janela? Está quente aqui."
"to operate"|"The surgeon operated on the patient for three hours."|"operar(verbo)"|"O cirurgião operou o paciente por três horas."
"to oppose"|"Many residents opposed the construction of the new highway."|"se opor(verbo)"|"Muitos moradores se opuseram à construção da nova rodovia."
"to opt"|"She opted for the vegetarian meal."|"optar(verbo)"|"Ela optou pela refeição vegetariana."
"to order"|"He ordered a burger and fries."|"pedir/encomendar(verbo)"|"Ele pediu um hambúrguer com batata frita."
"to organize"|"She organized all the files by date."|"organizar(verbo)"|"Ela organizou todos os arquivos por data."
"to outline"|"The teacher outlined the main topics of the course."|"esboçar/apresentar(verbo)"|"A professora apresentou os principais tópicos do curso."
"to overcome"|"He overcame his fear of public speaking."|"superar(verbo)"|"Ele superou o medo de falar em público."
"to overlook"|"The manager overlooked a serious mistake in the report."|"deixar passar/ignorar(verbo)"|"O gerente deixou passar um erro grave no relatório."
"to oversee"|"She oversees a team of fifteen employees."|"supervisionar(verbo)"|"Ela supervisiona uma equipe de quinze funcionários."
"to overwhelm"|"The amount of homework overwhelmed him."|"sobrecarregar/overwhelmar(verbo)"|"A quantidade de lição de casa o sobrecarregou."
"to owe"|"I owe you twenty dollars."|"dever(verbo)"|"Eu te devo vinte dólares."
"to own"|"She owns a small bakery downtown."|"possuir/ser dono(verbo)"|"Ela é dona de uma pequena padaria no centro."
"to pack"|"Don't forget to pack your charger."|"fazer as malas/embalar(verbo)"|"Não se esqueça de colocar o carregador na mala."
"to paint"|"They painted the bedroom walls light blue."|"pintar(verbo)"|"Eles pintaram as paredes do quarto de azul claro."
"to park"|"You can't park here after six."|"estacionar(verbo)"|"Você não pode estacionar aqui depois das seis."
"to participate"|"Everyone is encouraged to participate in the discussion."|"participar(verbo)"|"Todos são incentivados a participar da discussão."
"to pass"|"She passed the salt without saying a word."|"passar(verbo)"|"Ela passou o sal sem dizer uma palavra."
"to pat"|"He patted the dog on the head."|"dar tapinhas/afagar(verbo)"|"Ele deu um tapinha na cabeça do cachorro."
"to pause"|"She paused before answering the question."|"pausar/fazer uma pausa(verbo)"|"Ela fez uma pausa antes de responder a pergunta."
"to pay"|"I'll pay for dinner tonight."|"pagar(verbo)"|"Eu pago o jantar hoje à noite."
"to peel"|"Can you peel the potatoes for me?"|"descascar(verbo)"|"Você pode descascar as batatas para mim?"
"to peer"|"He peered through the window to see who was outside."|"espiar/olhar com atenção(verbo)"|"Ele espiou pela janela para ver quem estava lá fora."
"to perceive"|"She perceived a change in his behavior."|"perceber/notar(verbo)"|"Ela percebeu uma mudança no comportamento dele."
"to perform"|"The band performed three songs at the event."|"se apresentar/realizar(verbo)"|"A banda se apresentou com três músicas no evento."
"to permit"|"Photography is not permitted inside the museum."|"permitir(verbo)"|"Fotografia não é permitida dentro do museu."
"to persist"|"She persisted until she found the right answer."|"persistir(verbo)"|"Ela persistiu até encontrar a resposta certa."
"to persuade"|"He persuaded his parents to let him go to the party."|"convencer/persuadir(verbo)"|"Ele convenceu os pais a deixá-lo ir à festa."
"to photograph"|"She photographed every dish before eating."|"fotografar(verbo)"|"Ela fotografou cada prato antes de comer."
"to pick"|"Pick whichever seat you like."|"escolher/pegar(verbo)"|"Escolha o lugar que você quiser."
"to picture"|"I can't picture him as a doctor."|"imaginar/visualizar(verbo)"|"Não consigo imaginá-lo como médico."
"to pile"|"He piled all the clothes on the bed."|"empilhar(verbo)"|"Ele empilhou todas as roupas na cama."
"to pitch"|"He pitched the idea to his boss."|"apresentar/lançar(verbo)"|"Ele apresentou a ideia para o chefe."
"to place"|"She placed the keys on the table."|"colocar/pôr(verbo)"|"Ela colocou as chaves na mesa."
"to plan"|"We're planning a trip for next month."|"planejar(verbo)"|"Estamos planejando uma viagem para o mês que vem."
"to plant"|"He planted tomatoes in the backyard."|"plantar(verbo)"|"Ele plantou tomates no quintal."
"to play"|"The kids are playing outside."|"brincar/jogar(verbo)"|"As crianças estão brincando lá fora."
"to plead"|"She pleaded with him to stay."|"implorar/suplicar(verbo)"|"Ela implorou para ele ficar."
"to please"|"I just want to please my parents."|"agradar(verbo)"|"Eu só quero agradar meus pais."
"to plunge"|"He plunged into the cold water."|"mergulhar/se jogar(verbo)"|"Ele se jogou na água fria."
"to point"|"She pointed at the sign on the wall."|"apontar(verbo)"|"Ela apontou para a placa na parede."
"to poke"|"Stop poking me in the arm."|"cutucar(verbo)"|"Para de me cutucar no braço."
"to pop"|"The balloon popped and scared everyone."|"estourar(verbo)"|"O balão estourou e assustou todo mundo."
"to portray"|"The actor portrayed a ruthless villain."|"retratar/interpretar(verbo)"|"O ator interpretou um vilão implacável."
"to pose"|"She posed for a photo in front of the museum."|"posar(verbo)"|"Ela posou para uma foto em frente ao museu."
"to position"|"He positioned the chair near the window."|"posicionar(verbo)"|"Ele posicionou a cadeira perto da janela."
"to possess"|"She possesses a rare talent for music."|"possuir(verbo)"|"Ela possui um talento raro para a música."
"to post"|"He posted a photo on social media."|"postar/publicar(verbo)"|"Ele postou uma foto nas redes sociais."
"to pound"|"She pounded the dough on the counter."|"socar/bater(verbo)"|"Ela socou a massa no balcão."
"to pour"|"Can you pour me a glass of water?"|"despejar/servir(verbo)"|"Você pode me servir um copo d'água?"
"to practice"|"He practices guitar every morning."|"praticar/treinar(verbo)"|"Ele treina guitarra toda manhã."
"to praise"|"The teacher praised her for the great essay."|"elogiar(verbo)"|"A professora a elogiou pela ótima redação."
"to pray"|"They pray together every Sunday."|"rezar/orar(verbo)"|"Eles rezam juntos todo domingo."
"to preach"|"He preaches at a small church downtown."|"pregar(verbo)"|"Ele prega em uma igrejinha no centro."
"to predict"|"Nobody could predict what would happen next."|"prever(verbo)"|"Ninguém conseguia prever o que aconteceria a seguir."
"to prefer"|"I prefer coffee over tea."|"preferir(verbo)"|"Eu prefiro café a chá."
"to prepare"|"She prepared dinner for the whole family."|"preparar(verbo)"|"Ela preparou o jantar para a família inteira."
"to present"|"He presented his project to the class."|"apresentar(verbo)"|"Ele apresentou seu projeto para a turma."
"to preserve"|"We need to preserve the forest."|"preservar(verbo)"|"Precisamos preservar a floresta."
"to press"|"Press the button to start the machine."|"apertar/pressionar(verbo)"|"Aperte o botão para ligar a máquina."
"to pretend"|"She pretended not to hear him."|"fingir(verbo)"|"Ela fingiu não ter ouvido ele."
"to prevail"|"Good sense prevailed in the end."|"prevalecer(verbo)"|"O bom senso prevaleceu no final."
"to prevent"|"Wear sunscreen to prevent sunburn."|"prevenir/evitar(verbo)"|"Use protetor solar para evitar queimaduras."
"to print"|"Can you print this document for me?"|"imprimir(verbo)"|"Você pode imprimir esse documento para mim?"
"to proceed"|"Please proceed to the next step."|"prosseguir/continuar(verbo)"|"Por favor, prossiga para o próximo passo."
"to process"|"It took me a while to process the news."|"processar/assimilar(verbo)"|"Demorei um tempo para assimilar a notícia."
"to proclaim"|"The mayor proclaimed a day of celebration."|"proclamar/declarar(verbo)"|"O prefeito declarou um dia de celebração."
"to produce"|"The factory produces thousands of units a day."|"produzir(verbo)"|"A fábrica produz milhares de unidades por dia."
"to program"|"She programmed the robot to sort packages."|"programar(verbo)"|"Ela programou o robô para separar os pacotes."
"to prohibit"|"Smoking is prohibited inside the building."|"proibir(verbo)"|"É proibido fumar dentro do prédio."
"to project"|"He projected his voice so everyone could hear."|"projetar/amplificar(verbo)"|"Ele projetou a voz para que todos pudessem ouvir."
"to promise"|"She promised to call me after work."|"prometer(verbo)"|"Ela prometeu me ligar depois do trabalho."
"to promote"|"He was promoted to manager last year."|"promover(verbo)"|"Ele foi promovido a gerente no ano passado."
"to prompt"|"The teacher prompted him when he forgot his lines."|"incitar/dar uma dica(verbo)"|"A professora deu uma dica quando ele esqueceu a fala."
"to propose"|"He proposed to her on the beach at sunset."|"propor/pedir em casamento(verbo)"|"Ele pediu ela em casamento na praia ao pôr do sol."
"to protect"|"She always protects her little brother."|"proteger(verbo)"|"Ela sempre protege o irmão mais novo."
"to protest"|"Hundreds of people protested in the streets."|"protestar(verbo)"|"Centenas de pessoas protestaram nas ruas."
"to prove"|"He proved that the theory was wrong."|"provar/comprovar(verbo)"|"Ele comprovou que a teoria estava errada."
"to provide"|"The company provides free meals to employees."|"fornecer/oferecer(verbo)"|"A empresa oferece refeições gratuitas aos funcionários."
"to provoke"|"Don't provoke him — he's already angry."|"provocar(verbo)"|"Não o provoque — ele já está com raiva."
"to publish"|"She published her first book at age thirty."|"publicar(verbo)"|"Ela publicou seu primeiro livro aos trinta anos."
"to pull"|"Pull the door — don't push it."|"puxar(verbo)"|"Puxa a porta — não empurra."
"to pump"|"He pumped air into the tires."|"bombear(verbo)"|"Ele bombeou ar nos pneus."
"to punch"|"She punched her brother in the arm."|"socar(verbo)"|"Ela deu um soco no braço do irmão."
"to punish"|"They punished him for lying."|"punir(verbo)"|"Eles o puniram por mentir."
"to purchase"|"I purchased a new laptop last week."|"comprar(verbo)"|"Eu comprei um notebook novo na semana passada."
"to pursue"|"He decided to pursue a career in medicine."|"buscar/seguir(verbo)"|"Ele decidiu seguir uma carreira na medicina."
"to push"|"She pushed the door open."|"empurrar(verbo)"|"Ela empurrou a porta para abrir."
"to put"|"Put your phone on the table."|"colocar(verbo)"|"Coloque seu celular na mesa."
"to qualify"|"She qualified for the final round."|"se classificar(verbo)"|"Ela se classificou para a rodada final."
"to question"|"The detective questioned every witness."|"questionar/interrogar(verbo)"|"O detetive interrogou cada testemunha."
"to quit"|"He quit his job last month."|"largar/parar(verbo)"|"Ele largou o emprego no mês passado."
"to quote"|"She quoted a line from the movie."|"citar(verbo)"|"Ela citou uma frase do filme."
"to race"|"The kids raced to the finish line."|"competir em velocidade(verbo)"|"As crianças correram até a linha de chegada."
"to rain"|"It rained all day yesterday."|"chover(verbo)"|"Choveu o dia todo ontem."
"to raise"|"She raised her hand to ask a question."|"levantar(verbo)"|"Ela levantou a mão para fazer uma pergunta."
"to range"|"Prices range from ten to fifty dollars."|"variar(verbo)"|"Os preços variam de dez a cinquenta dólares."
"to rank"|"The team ranked third in the country."|"classificar/rankear(verbo)"|"O time ficou em terceiro lugar no país."
"to rate"|"How would you rate the restaurant?"|"avaliar(verbo)"|"Como você avaliaria o restaurante?"
"to reach"|"She reached the top of the stairs."|"alcançar(verbo)"|"Ela alcançou o topo das escadas."
"to react"|"He didn't react well to the news."|"reagir(verbo)"|"Ele não reagiu bem à notícia."
"to read"|"I read for an hour before bed."|"ler(verbo)"|"Eu leio por uma hora antes de dormir."
"to realize"|"I didn't realize how late it was."|"perceber(verbo)"|"Eu não percebi como estava tarde."
"to rebuild"|"They rebuilt the house after the fire."|"reconstruir(verbo)"|"Eles reconstruíram a casa depois do incêndio."
"to recall"|"I can't recall where I left my keys."|"lembrar(verbo)"|"Não consigo lembrar onde deixei minhas chaves."
"to receive"|"She received a gift from her coworker."|"receber(verbo)"|"Ela recebeu um presente do colega de trabalho."
"to recognize"|"I recognized her voice immediately."|"reconhecer(verbo)"|"Eu reconheci a voz dela imediatamente."
"to recommend"|"Can you recommend a good restaurant?"|"recomendar(verbo)"|"Você pode recomendar um bom restaurante?"
"to record"|"He recorded the concert on his phone."|"gravar(verbo)"|"Ele gravou o show no celular."
"to recover"|"She recovered quickly after the surgery."|"se recuperar(verbo)"|"Ela se recuperou rapidamente após a cirurgia."
"to recruit"|"The company recruited ten new engineers."|"recrutar(verbo)"|"A empresa recrutou dez novos engenheiros."
"to reduce"|"They reduced the price by twenty percent."|"reduzir(verbo)"|"Eles reduziram o preço em vinte por cento."
"to refer"|"My doctor referred me to a specialist."|"encaminhar/indicar(verbo)"|"Meu médico me encaminhou a um especialista."
"to reflect"|"The lake reflected the mountains perfectly."|"refletir(verbo)"|"O lago refletia as montanhas perfeitamente."
"to refuse"|"He refused to sign the contract."|"recusar(verbo)"|"Ele se recusou a assinar o contrato."
"to regain"|"She worked hard to regain her confidence."|"recuperar(verbo)"|"Ela se esforçou para recuperar a confiança."
"to regard"|"She regards her mentor with great respect."|"considerar/ver(verbo)"|"Ela considera seu mentor com grande respeito."
"to register"|"You need to register before the deadline."|"se cadastrar/registrar(verbo)"|"Você precisa se cadastrar antes do prazo."
"to regret"|"He regretted not calling her sooner."|"se arrepender(verbo)"|"Ele se arrependeu de não ter ligado antes."
"to regulate"|"The government regulates food safety standards."|"regular/regulamentar(verbo)"|"O governo regulamenta os padrões de segurança alimentar."
"to reinforce"|"The teacher reinforced the lesson with examples."|"reforçar(verbo)"|"A professora reforçou a lição com exemplos."
"to reject"|"The bank rejected his loan application."|"rejeitar(verbo)"|"O banco rejeitou o pedido de empréstimo dele."
"to relate"|"I can really relate to what you're saying."|"se identificar/se relacionar(verbo)"|"Eu me identifico muito com o que você está dizendo."
"to relax"|"She likes to relax with a bath after work."|"relaxar(verbo)"|"Ela gosta de relaxar com um banho depois do trabalho."
"to release"|"The studio released the movie last Friday."|"lançar/liberar(verbo)"|"O estúdio lançou o filme na última sexta."
"to relieve"|"This medication relieves headaches fast."|"aliviar(verbo)"|"Esse medicamento alivia a dor de cabeça rapidamente."
"to rely"|"You can always rely on her to help."|"contar com/depender de(verbo)"|"Você sempre pode contar com ela para ajudar."
"to remain"|"Please remain seated during takeoff."|"permanecer(verbo)"|"Por favor, permaneça sentado durante a decolagem."
"to remark"|"He remarked that the food was excellent."|"comentar/observar(verbo)"|"Ele comentou que a comida estava excelente."
"to remember"|"Do you remember our first day of school?"|"lembrar(verbo)"|"Você se lembra do nosso primeiro dia de aula?"
"to remind"|"Can you remind me to call him tomorrow?"|"lembrar alguém de algo(verbo)"|"Você pode me lembrar de ligar para ele amanhã?"
"to remove"|"He removed the price tag before wrapping the gift."|"remover/tirar(verbo)"|"Ele removeu a etiqueta de preço antes de embrulhar o presente."
"to render"|"The software takes a while to render the video."|"renderizar/processar(verbo)"|"O software demora um pouco para processar o vídeo."
"to rent"|"They rent a small apartment downtown."|"alugar(verbo)"|"Eles alugam um apartamento pequeno no centro."
"to repair"|"He called someone to repair the sink."|"consertar(verbo)"|"Ele ligou para alguém consertar a pia."
"to repeat"|"Could you repeat that, please?"|"repetir(verbo)"|"Você poderia repetir isso, por favor?"
"to replace"|"I need to replace the battery in my phone."|"substituir(verbo)"|"Preciso substituir a bateria do meu celular."
"to reply"|"She didn't reply to my message."|"responder(verbo)"|"Ela não respondeu à minha mensagem."
"to report"|"He reported the incident to his manager."|"reportar/comunicar(verbo)"|"Ele reportou o incidente ao seu gerente."
"to represent"|"She was chosen to represent the school at the competition."|"representar(verbo)"|"Ela foi escolhida para representar a escola na competição."
"to request"|"You can request a refund within 30 days."|"solicitar(verbo)"|"Você pode solicitar um reembolso em até 30 dias."
"to require"|"This job requires a lot of patience."|"exigir(verbo)"|"Este trabalho exige muita paciência."
"to rescue"|"Firefighters rescued the family from the burning building."|"resgatar(verbo)"|"Os bombeiros resgataram a família do prédio em chamas."
"to research"|"She spent months researching the topic."|"pesquisar(verbo)"|"Ela passou meses pesquisando o assunto."
"to resemble"|"He really resembles his father."|"parecer-se com(verbo)"|"Ele realmente se parece com o pai."
"to reserve"|"I'd like to reserve a table for two."|"reservar(verbo)"|"Gostaria de reservar uma mesa para dois."
"to resign"|"He resigned from his position last Friday."|"demitir-se(verbo)"|"Ele se demitiu do cargo na sexta-feira passada."
"to resist"|"She couldn't resist eating the last piece of cake."|"resistir(verbo)"|"Ela não conseguiu resistir a comer o último pedaço de bolo."
"to resolve"|"They managed to resolve the conflict peacefully."|"resolver(verbo)"|"Eles conseguiram resolver o conflito pacificamente."
"to respect"|"We should respect other people's opinions."|"respeitar(verbo)"|"Devemos respeitar as opiniões dos outros."
"to respond"|"The doctor responded quickly to the emergency."|"responder/reagir(verbo)"|"O médico respondeu rapidamente à emergência."
"to rest"|"You should rest after surgery."|"descansar(verbo)"|"Você deve descansar após a cirurgia."
"to restore"|"They hired a specialist to restore the old painting."|"restaurar(verbo)"|"Eles contrataram um especialista para restaurar o quadro antigo."
"to restrict"|"The doctor restricted his diet after the diagnosis."|"restringir(verbo)"|"O médico restringiu a dieta dele após o diagnóstico."
"to result"|"Stress can result in serious health problems."|"resultar(verbo)"|"O estresse pode resultar em sérios problemas de saúde."
"to resume"|"Classes will resume on Monday."|"retomar(verbo)"|"As aulas serão retomadas na segunda-feira."
"to retain"|"He has an amazing ability to retain information."|"reter(verbo)"|"Ele tem uma capacidade incrível de reter informações."
"to retire"|"My grandfather retired at 65."|"se aposentar(verbo)"|"Meu avô se aposentou aos 65 anos."
"to return"|"She returned the book to the library."|"devolver/voltar(verbo)"|"Ela devolveu o livro à biblioteca."
"to reveal"|"The investigation revealed some shocking facts."|"revelar(verbo)"|"A investigação revelou fatos chocantes."
"to reverse"|"He reversed the car out of the garage."|"dar ré/inverter(verbo)"|"Ele deu ré para sair da garagem."
"to review"|"Please review the document before sending it."|"revisar(verbo)"|"Por favor, revise o documento antes de enviar."
"to reward"|"The company rewarded employees for their hard work."|"recompensar(verbo)"|"A empresa recompensou os funcionários pelo trabalho duro."
"to rid"|"I need to get rid of all this clutter."|"livrar-se(verbo)"|"Preciso me livrar de toda essa bagunça."
"to ride"|"She rides her bike to work every day."|"andar(de bicicleta/cavalo etc.)(verbo)"|"Ela vai ao trabalho de bicicleta todos os dias."
"to ring"|"The phone rang three times before he answered."|"tocar/ligar(verbo)"|"O telefone tocou três vezes antes de ele atender."
"to rip"|"He accidentally ripped his shirt on the fence."|"rasgar(verbo)"|"Ele rasgou a camisa sem querer na cerca."
"to rise"|"The sun rises around six in the morning."|"nascer/subir(verbo)"|"O sol nasce por volta das seis da manhã."
"to risk"|"Don't risk your health to meet a deadline."|"arriscar(verbo)"|"Não arrisque sua saúde para cumprir um prazo."
"to rock"|"She rocked the baby to sleep."|"embalar(verbo)"|"Ela embalou o bebê para dormir."
"to roll"|"The ball rolled under the couch."|"rolar(verbo)"|"A bola rolou para baixo do sofá."
"to root"|"I'm rooting for your team tonight."|"torcer por(verbo)"|"Estou torcendo pelo seu time hoje à noite."
"to round"|"Round the number up to the nearest ten."|"arredondar(verbo)"|"Arredonde o número para a dezena mais próxima."
"to rub"|"He rubbed his eyes and yawned."|"esfregar(verbo)"|"Ele esfregou os olhos e bocejou."
"to ruin"|"The rain ruined our picnic."|"estragar/arruinar(verbo)"|"A chuva estragou nosso piquenique."
"to rule"|"She ruled the company for over twenty years."|"dirigir/governar(verbo)"|"Ela dirigiu a empresa por mais de vinte anos."
"to run"|"He runs five miles every morning."|"correr(verbo)"|"Ele corre cinco milhas toda manhã."
"to rush"|"Don't rush me, I'm almost ready."|"apressar(verbo)"|"Não me apresse, estou quase pronto."
"to sacrifice"|"She sacrificed her free time to help the team."|"sacrificar(verbo)"|"Ela sacrificou seu tempo livre para ajudar a equipe."
"to sail"|"They sailed across the Atlantic in 30 days."|"navegar(verbo)"|"Eles navegaram pelo Atlântico em 30 dias."
"to satisfy"|"Nothing satisfies me more than a home-cooked meal."|"satisfazer(verbo)"|"Nada me satisfaz mais do que uma refeição caseira."
"to save"|"He saved enough money to buy a car."|"economizar/salvar(verbo)"|"Ele economizou dinheiro suficiente para comprar um carro."
"to say"|"She said goodbye and left."|"dizer(verbo)"|"Ela disse tchau e foi embora."
"to scan"|"Can you scan this document for me?"|"digitalizar/escanear(verbo)"|"Você pode escanear este documento pra mim?"
"to scare"|"That loud noise scared the baby."|"assustar(verbo)"|"Aquele barulho alto assustou o bebê."
"to scatter"|"The kids scattered toys all over the floor."|"espalhar(verbo)"|"As crianças espalharam brinquedos pelo chão todo."
"to schedule"|"Let's schedule the meeting for Friday."|"agendar(verbo)"|"Vamos agendar a reunião pra sexta."
"to score"|"He scored the winning goal in the last minute."|"marcar(ponto/gol)(verbo)"|"Ele marcou o gol da vitória no último minuto."
"to scramble"|"I scrambled some eggs for breakfast."|"mexer/misturar(ovos)(verbo)"|"Eu fiz ovos mexidos no café da manhã."
"to scratch"|"Please don't scratch the table."|"arranhar(verbo)"|"Por favor, não arranhe a mesa."
"to scream"|"She screamed when she saw the spider."|"gritar(verbo)"|"Ela gritou quando viu a aranha."
"to screen"|"They screen all applicants before hiring."|"selecionar/filtrar(verbo)"|"Eles filtram todos os candidatos antes de contratar."
"to screw"|"Screw the lid on tightly."|"aparafusar/rosquear(verbo)"|"Feche a tampa com força."
"to seal"|"Seal the envelope before mailing it."|"selar/fechar(verbo)"|"Sele o envelope antes de mandar."
"to search"|"I searched everywhere for my keys."|"procurar/buscar(verbo)"|"Procurei minhas chaves em todo lugar."
"to seat"|"The waiter seated us by the window."|"acomodar/sentar(verbo)"|"O garçom nos acomodou perto da janela."
"to secure"|"Make sure you secure the door before leaving."|"garantir/trancar(verbo)"|"Certifique-se de trancar a porta antes de sair."
"to see"|"I can't see anything without my glasses."|"ver(verbo)"|"Não consigo ver nada sem meus óculos."
"to seek"|"She's seeking a new job."|"buscar/procurar(verbo)"|"Ela está procurando um emprego novo."
"to seem"|"You seem tired today."|"parecer(verbo)"|"Você parece cansado hoje."
"to seize"|"The police seized the stolen goods."|"apreender/confiscar(verbo)"|"A polícia apreendeu os produtos roubados."
"to select"|"Select your size from the dropdown menu."|"selecionar/escolher(verbo)"|"Selecione o seu tamanho no menu."
"to sell"|"They sell fresh bread every morning."|"vender(verbo)"|"Eles vendem pão fresquinho toda manhã."
"to send"|"I'll send you the file by email."|"enviar/mandar(verbo)"|"Vou te mandar o arquivo por e-mail."
"to sense"|"I could sense that something was wrong."|"sentir/perceber(verbo)"|"Eu conseguia perceber que algo estava errado."
"to separate"|"Separate the whites from the colors before washing."|"separar(verbo)"|"Separe as roupas brancas das coloridas antes de lavar."
"to serve"|"The restaurant serves breakfast until noon."|"servir(verbo)"|"O restaurante serve café da manhã até o meio-dia."
"to set"|"Set the oven to 350 degrees."|"ajustar/configurar(verbo)"|"Ajuste o forno para 350 graus."
"to settle"|"They finally settled the argument."|"resolver/encerrar(verbo)"|"Eles finalmente resolveram a discussão."
"to shake"|"Shake the bottle before opening it."|"agitar/sacudir(verbo)"|"Agite o frasco antes de abrir."
"to shall"|"We shall meet again soon."|"dever/iremos(verbo modal)"|"Nos encontraremos em breve."
"to shape"|"Exercise helped shape her body."|"moldar/definir(verbo)"|"A academia ajudou a definir o corpo dela."
"to share"|"Can you share that article with me?"|"compartilhar(verbo)"|"Você pode compartilhar esse artigo comigo?"
"to shed"|"She shed a few tears at the end of the movie."|"derramar(lágrimas)(verbo)"|"Ela derramou algumas lágrimas no final do filme."
"to shift"|"He shifted the boxes to the other room."|"mover/transferir(verbo)"|"Ele moveu as caixas para o outro quarto."
"to shine"|"The sun is shining bright today."|"brilhar(verbo)"|"O sol está brilhando forte hoje."
"to ship"|"We ship orders within two business days."|"enviar/despachar(encomenda)(verbo)"|"Despachamos pedidos em até dois dias úteis."
"to shock"|"The news shocked everyone in the office."|"chocar/surpreender(verbo)"|"A notícia chocou todo mundo no escritório."
"to shoot"|"The photographer shot over a hundred photos."|"fotografar/atirar(verbo)"|"O fotógrafo tirou mais de cem fotos."
"to shop"|"We usually shop for groceries on Sundays."|"fazer compras(verbo)"|"A gente geralmente faz compras no domingo."
"to shout"|"Don't shout inside the house."|"gritar/berrar(verbo)"|"Não grite dentro de casa."
"to shove"|"Someone shoved me on the subway."|"empurrar(verbo)"|"Alguém me empurrou no metrô."
"to show"|"Show me how to do it."|"mostrar(verbo)"|"Me mostra como fazer."
"to shrink"|"This shirt will shrink if you wash it in hot water."|"encolher(verbo)"|"Essa camiseta vai encolher se você lavar com água quente."
"to shrug"|"He shrugged and walked away."|"dar de ombros(verbo)"|"Ele deu de ombros e foi embora."
"to shut"|"Please shut the window — it's cold."|"fechar(verbo)"|"Por favor, fecha a janela — está frio."
"to sigh"|"She sighed and put down her phone."|"suspirar(verbo)"|"Ela suspirou e largou o celular."
"to sign"|"You need to sign the contract before Friday."|"assinar(verbo)"|"Você precisa assinar o contrato antes de sexta."
"to signal"|"He signaled to turn left."|"sinalizar/indicar(verbo)"|"Ele sinalizou para virar à esquerda."
"to sing"|"She sang her favorite song in the shower."|"cantar(verbo)"|"Ela cantou sua música favorita no banho."
"to sink"|"The cup sank to the bottom of the pool."|"afundar(verbo)"|"O copo afundou no fundo da piscina."
"to sit"|"Come sit next to me."|"sentar(verbo)"|"Vem sentar do meu lado."
"to skip"|"I skip breakfast when I'm in a hurry."|"pular(verbo)"|"Eu pulo o café da manhã quando estou com pressa."
"to slam"|"He slammed the door and left."|"bater(verbo)"|"Ele bateu a porta e foi embora."
"to slap"|"She slapped him across the face."|"dar um tapa(verbo)"|"Ela deu um tapa no rosto dele."
"to sleep"|"I need to sleep at least eight hours."|"dormir(verbo)"|"Eu preciso dormir pelo menos oito horas."
"to slice"|"Can you slice the bread for me?"|"fatiar(verbo)"|"Você pode fatiar o pão pra mim?"
"to slide"|"The kids love to slide down the hill."|"deslizar(verbo)"|"As crianças adoram deslizar morro abaixo."
"to slip"|"I slipped on the wet floor."|"escorregar(verbo)"|"Eu escorregue no chão molhado."
"to slow"|"Slow down — you're driving too fast."|"diminuir a velocidade(verbo)"|"Diminui a velocidade — você está dirigindo rápido demais."
"to smell"|"Something smells really good in here."|"cheirar(verbo)"|"Tem algo cheirando muito bem aqui."
"to smile"|"She smiled when she saw the gift."|"sorrir(verbo)"|"Ela sorriu quando viu o presente."
"to smoke"|"He used to smoke a pack a day."|"fumar(verbo)"|"Ele fumava um maço por dia."
"to snap"|"The branch snapped under his weight."|"quebrar de repente(verbo)"|"O galho quebrou com o peso dele."
"to sneak"|"He sneaked out of the house at night."|"sair sorrateiramente(verbo)"|"Ele saiu sorrateiramente de casa à noite."
"to soak"|"Soak the beans in water overnight."|"deixar de molho(verbo)"|"Deixe o feijão de molho na água durante a noite."
"to soar"|"The eagle soared above the mountains."|"planar/alçar voo(verbo)"|"A águia planou acima das montanhas."
"to soften"|"Add butter to soften the dough."|"amolecer(verbo)"|"Adicione manteiga para amolecer a massa."
"to solve"|"We need to solve this problem today."|"resolver(verbo)"|"Precisamos resolver esse problema hoje."
"to sort"|"Can you sort these files by date?"|"organizar(verbo)"|"Você pode organizar esses arquivos por data?"
"to sound"|"That sounds like a great idea."|"soar/parecer(verbo)"|"Isso soa como uma ótima ideia."
"to spare"|"Can you spare a few minutes?"|"dispensar/ter de sobra(verbo)"|"Você tem alguns minutos disponíveis?"
"to spark"|"The speech sparked a huge debate."|"despertar/acender(verbo)"|"O discurso acendeu um debate enorme."
"to speak"|"She speaks three languages fluently."|"falar(verbo)"|"Ela fala três idiomas fluentemente."
"to specialize"|"He specializes in sports medicine."|"se especializar(verbo)"|"Ele se especializa em medicina esportiva."
"to specify"|"Please specify your preferred delivery time."|"especificar(verbo)"|"Por favor, especifique o horário de entrega de sua preferência."
"to speculate"|"Experts are speculating about the cause."|"especular(verbo)"|"Os especialistas estão especulando sobre a causa."
"to speed"|"The car sped through the intersection."|"acelerar(verbo)"|"O carro acelerou pelo cruzamento."
"to spell"|"How do you spell your last name?"|"soletrar(verbo)"|"Como você soletra seu sobrenome?"
"to spend"|"I spend too much money on coffee."|"gastar(verbo)"|"Eu gasto dinheiro demais com café."
"to spill"|"I accidentally spilled juice on my shirt."|"derramar(verbo)"|"Eu acidentalmente derramei suco na minha camisa."
"to spin"|"The dancer spun across the stage."|"girar(verbo)"|"A dançarina girou pelo palco."
"to spit"|"He spit out the food immediately."|"cuspir(verbo)"|"Ele cuspiu a comida imediatamente."
"to split"|"Let's split the bill between us."|"dividir(verbo)"|"Vamos dividir a conta entre nós."
"to sponsor"|"A local company sponsored the event."|"patrocinar(verbo)"|"Uma empresa local patrocinou o evento."
"to spot"|"I spotted her across the room."|"avistar/notar(verbo)"|"Eu a avistei do outro lado da sala."
"to spread"|"Spread the cream cheese on the bagel."|"espalhar(verbo)"|"Espalhe o cream cheese no bagel."
"to spring"|"Flowers spring up after the rain."|"brotar/surgir(verbo)"|"As flores brotam depois da chuva."
"to sprinkle"|"Sprinkle some salt on top before serving."|"polvilhar(verbo)"|"Polvilhe um pouco de sal por cima antes de servir."
"to squeeze"|"She squeezed the lemon over the fish."|"espremer(verbo)"|"Ela espremeu o limão sobre o peixe."
"to stand"|"I had to stand in line for an hour."|"ficar de pé(verbo)"|"Eu tive que ficar na fila por uma hora."
"to star"|"She starred in three blockbuster films."|"estrelar(verbo)"|"Ela estrelou três filmes de grande sucesso."
"to stare"|"Stop staring — it's rude."|"fitar/encarar(verbo)"|"Para de ficar encarando — é falta de educação."
"to start"|"What time does the meeting start?"|"começar(verbo)"|"A que horas começa a reunião?"
"to state"|"Please state your full name clearly."|"declarar(verbo)"|"Por favor, declare seu nome completo claramente."
"to stay"|"We stayed at a nice hotel downtown."|"ficar(verbo)"|"Ficamos num hotel bacana no centro."
"to steal"|"Someone stole my bike last night."|"roubar(verbo)"|"Alguém roubou minha bicicleta ontem à noite."
"to steer"|"He steered the car into the parking spot."|"guiar/conduzir(verbo)"|"Ele guiou o carro para a vaga de estacionamento."
"to stem"|"The bleeding was hard to stem."|"conter/estancar(verbo)"|"O sangramento foi difícil de estancar."
"to step"|"Step aside so others can pass."|"dar um passo(verbo)"|"Dê um passo de lado para os outros passarem."
"to stick"|"Stick the note on the fridge."|"colar/grudar(verbo)"|"Cola o bilhete na geladeira."
"to stimulate"|"Exercise stimulates the brain."|"estimular(verbo)"|"O exercício estimula o cérebro."
"to stir"|"Stir the soup before serving."|"mexer/misturar(verbo)"|"Mexa a sopa antes de servir."
"to stop"|"Stop the car at the red light."|"parar(verbo)"|"Para o carro no sinal vermelho."
"to store"|"I store my files in the cloud."|"armazenar/guardar(verbo)"|"Eu armazeno meus arquivos na nuvem."
"to straighten"|"She straightened her hair this morning."|"alisar/endireitar(verbo)"|"Ela alisou o cabelo esta manhã."
"to strain"|"Don't strain your eyes reading in the dark."|"forçar/sobrecarregar(verbo)"|"Não force os olhos lendo no escuro."
"to strengthen"|"Exercise strengthens your muscles."|"fortalecer(verbo)"|"Exercício fortalece seus músculos."
"to stress"|"Don't stress about the exam."|"estressar/se preocupar(verbo)"|"Não se estresse com a prova."
"to stretch"|"She stretches every morning before work."|"alongar(verbo)"|"Ela se alonga toda manhã antes do trabalho."
"to strike"|"Lightning struck the tree during the storm."|"atingir/golpear(verbo)"|"O raio atingiu a árvore durante a tempestade."
"to strip"|"He stripped the old paint off the wall."|"remover/tirar(verbo)"|"Ele removeu a tinta velha da parede."
"to struggle"|"She struggled to carry all the bags alone."|"ter dificuldade/lutar(verbo)"|"Ela teve dificuldade para carregar todas as sacolas sozinha."
"to study"|"I study English every day."|"estudar(verbo)"|"Eu estudo inglês todo dia."
"to stuff"|"He stuffed his clothes into the bag."|"enfiar/encher(verbo)"|"Ele enfiou as roupas na bolsa."
"to stumble"|"She stumbled on the stairs and almost fell."|"tropeçar(verbo)"|"Ela tropeçou na escada e quase caiu."
"to submit"|"Please submit your report by Friday."|"enviar/entregar(verbo)"|"Por favor, entregue seu relatório até sexta."
"to succeed"|"She worked hard and finally succeeded."|"ter sucesso/conseguir(verbo)"|"Ela trabalhou duro e finalmente conseguiu."
"to suck"|"This movie sucks."|"ser horrível/chupar(verbo)"|"Esse filme é uma droga."
"to sue"|"He threatened to sue the company."|"processar(verbo)"|"Ele ameaçou processar a empresa."
"to suffer"|"She suffered a lot after the accident."|"sofrer(verbo)"|"Ela sofreu muito depois do acidente."
"to suggest"|"Can you suggest a good restaurant nearby?"|"sugerir(verbo)"|"Você pode sugerir um bom restaurante aqui perto?"
"to suit"|"That color really suits you."|"cair bem/combinar(verbo)"|"Essa cor cai muito bem em você."
"to supply"|"The company supplies fresh produce to local stores."|"fornecer/abastecer(verbo)"|"A empresa fornece produtos frescos para lojas locais."
"to support"|"My family always supports my decisions."|"apoiar(verbo)"|"Minha família sempre apoia minhas decisões."
"to suppose"|"I suppose we should leave now."|"supor/achar(verbo)"|"Eu acho que a gente deveria ir logo."
"to surprise"|"He surprised her with flowers."|"surpreender(verbo)"|"Ele a surpreendeu com flores."
"to surround"|"Trees surround the house."|"cercar/rodear(verbo)"|"Árvores cercam a casa."
"to survey"|"The company surveyed its customers about the new product."|"pesquisar/fazer levantamento(verbo)"|"A empresa pesquisou seus clientes sobre o novo produto."
"to survive"|"He survived the car crash."|"sobreviver(verbo)"|"Ele sobreviveu ao acidente de carro."
"to suspect"|"The police suspect he is lying."|"suspeitar(verbo)"|"A polícia suspeita que ele está mentindo."
"to suspend"|"The teacher suspended the student for a week."|"suspender(verbo)"|"A professora suspendeu o aluno por uma semana."
"to sustain"|"It's hard to sustain that level of energy all day."|"sustentar/manter(verbo)"|"É difícil manter aquele nível de energia o dia todo."
"to swallow"|"Take the pill and swallow it with water."|"engolir(verbo)"|"Tome o comprimido e engula com água."
"to swear"|"He swore he was telling the truth."|"jurar(verbo)"|"Ele jurou que estava dizendo a verdade."
"to sweep"|"Can you sweep the kitchen floor?"|"varrer(verbo)"|"Você pode varrer o chão da cozinha?"
"to swell"|"Her ankle swelled up after the fall."|"inchar(verbo)"|"O tornozelo dela inchou depois da queda."
"to swim"|"I swim at the pool three times a week."|"nadar(verbo)"|"Eu nado na piscina três vezes por semana."
"to swing"|"The kids love to swing at the park."|"balançar(verbo)"|"As crianças adoram se balançar no parque."
"to switch"|"Can you switch the light off?"|"mudar/trocar/ligar ou desligar(verbo)"|"Você pode apagar a luz?"
"to tackle"|"We need to tackle this problem right away."|"lidar com/enfrentar(verbo)"|"A gente precisa lidar com esse problema agora."
"to take"|"Take your umbrella — it might rain."|"pegar/levar(verbo)"|"Pegue seu guarda-chuva — pode chover."
"to talk"|"We need to talk about what happened."|"conversar/falar(verbo)"|"A gente precisa conversar sobre o que aconteceu."
"to tap"|"She tapped him on the shoulder to get his attention."|"dar uma batidinha/tocar(verbo)"|"Ela deu uma batidinha no ombro dele para chamar a atenção."
"to target"|"The campaign targets young adults."|"ter como alvo/focar em(verbo)"|"A campanha foca em jovens adultos."
"to taste"|"Can you taste the sauce and tell me if it needs more salt?"|"provar/degustar(verbo)"|"Você pode provar o molho e me dizer se precisa mais sal?"
"to teach"|"She teaches math at a public school."|"ensinar(verbo)"|"Ela ensina matemática em uma escola pública."
"to tear"|"He accidentally tore the page."|"rasgar(verbo)"|"Ele rasgou a página sem querer."
"to tell"|"Tell me what happened."|"contar/dizer(verbo)"|"Me conta o que aconteceu."
"to tend"|"She tends to talk a lot when she's nervous."|"ter tendência a/costumar(verbo)"|"Ela tem tendência a falar muito quando está nervosa."
"to test"|"The doctor tested her blood pressure."|"testar/examinar(verbo)"|"O médico mediu a pressão dela."
"to testify"|"He was called to testify in court."|"testemunhar/depor(verbo)"|"Ele foi chamado para depor no tribunal."
"to thank"|"She thanked her teacher after class."|"agradecer(verbo)"|"Ela agradeceu à professora depois da aula."
"to think"|"I think we should leave early."|"pensar(verbo)"|"Acho que a gente deveria sair mais cedo."
"to threaten"|"He threatened to quit if nothing changed."|"ameaçar(verbo)"|"Ele ameaçou sair se nada mudasse."
"to thrive"|"Kids thrive when they feel safe."|"prosperar(verbo)"|"Crianças prosperam quando se sentem seguras."
"to throw"|"She threw the ball across the yard."|"jogar/lançar(verbo)"|"Ela jogou a bola pelo quintal."
"to tie"|"Can you tie my shoes for me?"|"amarrar(verbo)"|"Você pode amarrar meu tênis pra mim?"
"to tighten"|"He tightened the screw with a screwdriver."|"apertar(verbo)"|"Ele apertou o parafuso com uma chave de fenda."
"to tip"|"They tipped the waiter twenty percent."|"dar gorjeta(verbo)"|"Eles deram vinte por cento de gorjeta ao garçom."
"to tire"|"Long meetings tire me out."|"cansar(verbo)"|"Reuniões longas me cansam."
"to tolerate"|"I can't tolerate loud noises when I'm sleeping."|"tolerar(verbo)"|"Não consigo tolerar barulho alto quando estou dormindo."
"to top"|"Nothing tops a hot meal on a cold day."|"superar/ser melhor que(verbo)"|"Nada supera uma refeição quente num dia frio."
"to toss"|"She tossed her keys onto the counter."|"jogar/atirar(verbo)"|"Ela jogou as chaves no balcão."
"to touch"|"Don't touch the screen with dirty hands."|"tocar(verbo)"|"Não toque na tela com as mãos sujas."
"to trace"|"The detective traced the call to a payphone."|"rastrear(verbo)"|"O detetive rastreou a ligação até um orelhão."
"to track"|"You can track your order on the website."|"rastrear/acompanhar(verbo)"|"Você pode acompanhar seu pedido no site."
"to trade"|"They traded baseball cards at recess."|"trocar/negociar(verbo)"|"Eles trocaram figurinhas no recreio."
"to trail"|"The puppy trailed behind her everywhere."|"seguir/ir atrás(verbo)"|"O filhote a seguia por todo lado."
"to train"|"She trains at the gym three times a week."|"treinar(verbo)"|"Ela treina na academia três vezes por semana."
"to transfer"|"He transferred money to his sister's account."|"transferir(verbo)"|"Ele transferiu dinheiro para a conta da irmã."
"to transform"|"The renovation transformed the entire apartment."|"transformar(verbo)"|"A reforma transformou o apartamento inteiro."
"to translate"|"Can you translate this paragraph for me?"|"traduzir(verbo)"|"Você consegue traduzir esse parágrafo pra mim?"
"to transmit"|"Mosquitoes can transmit serious diseases."|"transmitir(verbo)"|"Mosquitos podem transmitir doenças graves."
"to transport"|"The truck transports goods across the country."|"transportar(verbo)"|"O caminhão transporta mercadorias pelo país."
"to trap"|"The animal got trapped in the fence."|"prender/encurralar(verbo)"|"O animal ficou preso na cerca."
"to travel"|"She travels for work at least once a month."|"viajar(verbo)"|"Ela viaja a trabalho pelo menos uma vez por mês."
"to treat"|"He treated his whole family to dinner."|"pagar/convidar(verbo)"|"Ele pagou o jantar para toda a família."
"to trigger"|"Loud noises can trigger anxiety in some people."|"desencadear/gatilhar(verbo)"|"Barulhos altos podem desencadear ansiedade em algumas pessoas."
"to trim"|"She trimmed her hair at home."|"aparar(verbo)"|"Ela aparou o cabelo em casa."
"to trouble"|"Something about his story troubles me."|"incomodar/preocupar(verbo)"|"Algo na história dele me incomoda."
"to trust"|"I trust her completely."|"confiar(verbo)"|"Confio nela completamente."
"to try"|"Just try it — you might like it."|"tentar/experimentar(verbo)"|"Só experimenta — pode ser que você goste."
"to tuck"|"She tucked the kids in and turned off the light."|"aconchegar/arrumar(verbo)"|"Ela aconchegou as crianças na cama e apagou a luz."
"to tune"|"He tuned his guitar before the show."|"afinar(verbo)"|"Ele afiou o violão antes do show."
"to turn"|"Turn left at the next traffic light."|"virar(verbo)"|"Vire à esquerda no próximo semáforo."
"to twist"|"She twisted her ankle on the stairs."|"torcer(verbo)"|"Ela torceu o tornozelo na escada."
"to uncover"|"Journalists uncovered the scandal last year."|"revelar/descobrir(verbo)"|"Jornalistas revelaram o escândalo no ano passado."
"to undergo"|"He underwent surgery last week."|"passar por/ser submetido a(verbo)"|"Ele passou por uma cirurgia na semana passada."
"to undermine"|"Constant criticism undermines a child's confidence."|"minar/prejudicar(verbo)"|"Críticas constantes minam a confiança de uma criança."
"to understand"|"I didn't understand the last question."|"entender(verbo)"|"Não entendi a última pergunta."
"to undertake"|"She undertook the project on her own."|"assumir/se encarregar de(verbo)"|"Ela assumiu o projeto por conta própria."
"to unfold"|"The story unfolds over three decades."|"se desenrolar(verbo)"|"A história se desenrola ao longo de três décadas."
"to unite"|"The crisis united the whole community."|"unir(verbo)"|"A crise uniu toda a comunidade."
"to update"|"Please update the app before using it."|"atualizar(verbo)"|"Por favor, atualize o aplicativo antes de usar."
"to upset"|"His comment really upset her."|"chatear/perturbar(verbo)"|"O comentário dele a chateou muito."
"to urge"|"The doctor urged him to quit smoking."|"insistir/recomendar com urgência(verbo)"|"O médico insistiu para que ele parasse de fumar."
"to use"|"Use a fork, not your hands."|"usar(verbo)"|"Use um garfo, não as mãos."
"to utilize"|"We should utilize the space more efficiently."|"utilizar(verbo)"|"Devemos utilizar o espaço de forma mais eficiente."
"to value"|"She values honesty above everything else."|"valorizar(verbo)"|"Ela valoriza a honestidade acima de tudo."
"to vanish"|"My keys vanished and I can't find them anywhere."|"sumir/desaparecer(verbo)"|"Minhas chaves sumiram e não consigo achá-las em lugar nenhum."
"to vary"|"Prices vary depending on the season."|"variar(verbo)"|"Os preços variam dependendo da época do ano."
"to view"|"You can view the photos on my phone."|"ver/visualizar(verbo)"|"Você pode ver as fotos no meu celular."
"to violate"|"He violated the school rules."|"violar(verbo)"|"Ele violou as regras da escola."
"to visit"|"We visited my grandma last weekend."|"visitar(verbo)"|"Nós visitamos minha vovó no fim de semana passado."
"to volunteer"|"She volunteers at the animal shelter on Sundays."|"ser voluntário(verbo)"|"Ela faz trabalho voluntário no abrigo de animais aos domingos."
"to vote"|"Did you vote in the last election?"|"votar(verbo)"|"Você votou na última eleição?"
"to wait"|"Wait here. I'll be right back."|"esperar(verbo)"|"Espera aqui. Já volto."
"to wake"|"I wake up at six every morning."|"acordar(verbo)"|"Eu acordo às seis toda manhã."
"to walk"|"Let's walk to the park."|"caminhar/ir a pé(verbo)"|"Vamos caminhar até o parque."
"to wander"|"We wandered around the city for hours."|"vagar/perambular(verbo)"|"Nós ficamos vagando pela cidade por horas."
"to want"|"I want a glass of water, please."|"querer(verbo)"|"Eu quero um copo de água, por favor."
"to warm"|"Warm up the soup before you eat it."|"esquentar/aquecer(verbo)"|"Esquenta a sopa antes de comer."
"to warn"|"She warned me about the icy road."|"avisar/alertar(verbo)"|"Ela me avisou sobre a estrada com gelo."
"to wash"|"Wash your hands before dinner."|"lavar(verbo)"|"Lava as mãos antes do jantar."
"to waste"|"Don't waste food."|"desperdiçar(verbo)"|"Não desperdice comida."
"to watch"|"We watched a movie last night."|"assistir(verbo)"|"Nós assistimos a um filme ontem à noite."
"to wave"|"She waved goodbye from the window."|"acenar(verbo)"|"Ela acenou tchau pela janela."
"to weaken"|"The illness weakened him a lot."|"enfraquecer(verbo)"|"A doença o enfraqueceu muito."
"to wear"|"I always wear a jacket in winter."|"usar/vestir(verbo)"|"Eu sempre uso jaqueta no inverno."
"to weave"|"She weaves baskets by hand."|"tecer/trançar(verbo)"|"Ela tece cestas à mão."
"to weigh"|"The baby weighs seven pounds."|"pesar(verbo)"|"O bebê pesa sete libras."
"to welcome"|"They welcomed us with open arms."|"receber/dar boas-vindas(verbo)"|"Eles nos receberam de braços abertos."
"to whip"|"Whip the cream until it's thick."|"bater/chicotear(verbo)"|"Bata o creme até engrossar."
"to whisper"|"He whispered something in her ear."|"sussurrar/cochichar(verbo)"|"Ele sussurrou algo no ouvido dela."
"to win"|"Our team won the game!"|"ganhar/vencer(verbo)"|"Nosso time ganhou o jogo!"
"to wind"|"Wind the thread around the spool."|"enrolar/bobinar(verbo)"|"Enrole o fio no carretel."
"to wipe"|"Wipe the table before we eat."|"limpar/enxugar(verbo)"|"Limpa a mesa antes de comermos."
"to wish"|"I wish I could travel more."|"desejar(verbo)"|"Eu queria poder viajar mais."
"to withdraw"|"He withdrew money from the ATM."|"sacar/retirar(verbo)"|"Ele sacou dinheiro no caixa eletrônico."
"to witness"|"She witnessed the accident from her car."|"testemunhar/presenciar(verbo)"|"Ela presenciou o acidente de dentro do carro."
"to wonder"|"I wonder what she's thinking."|"se perguntar/imaginar(verbo)"|"Eu fico imaginando o que ela está pensando."
"to work"|"He works at a hospital downtown."|"trabalhar(verbo)"|"Ele trabalha em um hospital no centro."
"to worry"|"Don't worry. Everything will be fine."|"se preocupar(verbo)"|"Não se preocupe. Vai ficar tudo bem."
"to wound"|"The soldier was wounded in battle."|"ferir/machucar(verbo)"|"O soldado foi ferido em combate."
"to wrap"|"She wrapped the gift in colorful paper."|"embrulhar(verbo)"|"Ela embrulhou o presente em papel colorido."
"to write"|"He writes in his journal every night."|"escrever(verbo)"|"Ele escreve no diário toda noite."
"to yell"|"Stop yelling. I can hear you fine."|"gritar/berrar(verbo)"|"Para de gritar. Estou te ouvindo bem."
"to yield"|"That field yields a lot of corn every year."|"produzir/render(verbo)"|"Aquele campo produz muito milho todo ano."
"tobacco"|"My grandfather used to grow tobacco."|"tabaco(substantivo)"|"Meu avô costumava cultivar tabaco."
"today"|"I have a dentist appointment today."|"hoje(advérbio)"|"Eu tenho consulta no dentista hoje."
"toe"|"I stubbed my toe on the furniture."|"dedo do pé(substantivo)"|"Eu bati o dedo do pé no móvel."
"together"|"Let's cook dinner together tonight."|"juntos(advérbio)"|"Vamos fazer o jantar juntos hoje à noite."
"toilet"|"The toilet in the bathroom is clogged."|"vaso sanitário/privada(substantivo)"|"O vaso sanitário do banheiro está entupido."
"tolerance"|"Tolerance is an important value to teach kids."|"tolerância(substantivo)"|"Tolerância é um valor importante para ensinar às crianças."
"toll"|"There's a toll on this highway."|"pedágio(substantivo)"|"Tem pedágio nessa rodovia."
"tomato"|"Add a sliced tomato to the salad."|"tomate(substantivo)"|"Acrescenta um tomate fatiado na salada."
"tomorrow"|"I have a big test tomorrow."|"amanhã(advérbio)"|"Eu tenho uma prova importante amanhã."
"tone"|"The tone of his voice made me nervous."|"tom(substantivo)"|"O tom de voz dele me deixou nervoso."
"tongue"|"I burned my tongue on the hot coffee."|"língua(substantivo)"|"Eu queimei a língua no café quente."
"tonight"|"Are you doing anything tonight?"|"hoje à noite(advérbio)"|"Você vai fazer alguma coisa hoje à noite?"
"too"|"I want some dessert too."|"também(advérbio)"|"Eu também quero uma sobremesa."
"tool"|"This is the right tool for the job."|"ferramenta(substantivo)"|"Esta é a ferramenta certa para o trabalho."
"tooth"|"My tooth hurts when I drink cold water."|"dente(substantivo)"|"Meu dente dói quando eu bebo água gelada."
"top"|"Put the box on the top shelf."|"topo/parte de cima(substantivo)"|"Coloque a caixa na prateleira de cima."
"top"|"She graduated at the top of her class."|"melhor/primeiro(adjetivo)"|"Ela se formou como a melhor da turma."
"top"|"There's a bird sitting on top of the fence."|"em cima de(preposição)"|"Tem um pássaro sentado em cima da cerca."
"topic"|"What's the topic of today's class?"|"assunto/tema(substantivo)"|"Qual é o tema da aula de hoje?"
"total"|"The total damage was over a thousand dollars."|"total(adjetivo)"|"O dano total foi de mais de mil dólares."
"total"|"What's the total for everything?"|"total/soma(substantivo)"|"Qual é o total de tudo?"
"totally"|"I totally forgot about the meeting."|"completamente(advérbio)"|"Eu esqueci completamente da reunião."
"touch"|"The touch of her hand was warm."|"toque(substantivo)"|"O toque da mão dela era quente."
"touchdown"|"He scored a touchdown in the final minute."|"touchdown(substantivo)"|"Ele marcou um touchdown no último minuto."
"tough"|"This meat is really tough."|"duro/difícil(adjetivo)"|"Essa carne está muito dura."
"tour"|"They took a tour of the city."|"passeio/tour(substantivo)"|"Eles fizeram um tour pela cidade."
"tourism"|"Tourism is the main industry here."|"turismo(substantivo)"|"O turismo é a principal indústria aqui."
"tourist"|"The square was full of tourists."|"turista(substantivo)"|"A praça estava cheia de turistas."
"tournament"|"Our team made it to the tournament finals."|"torneio(substantivo)"|"Nosso time chegou à final do torneio."
"toward"|"She walked toward the door."|"em direção a(preposição)"|"Ela caminhou em direção à porta."
"towards"|"He looked towards the window."|"em direção a(preposição)"|"Ele olhou em direção à janela."
"towel"|"Grab a towel before you get in the shower."|"toalha(substantivo)"|"Pegue uma toalha antes de entrar no chuveiro."
"tower"|"You can see the whole city from the tower."|"torre(substantivo)"|"Você consegue ver a cidade inteira da torre."
"town"|"She grew up in a small town."|"cidade pequena/cidade(substantivo)"|"Ela cresceu em uma cidade pequena."
"toxic"|"That relationship became really toxic."|"tóxico(adjetivo)"|"Esse relacionamento ficou muito tóxico."
"toy"|"The kids left their toys all over the floor."|"brinquedo(substantivo)"|"As crianças deixaram os brinquedos pelo chão."
"trace"|"The police found no trace of the suspect."|"rastro/pista(substantivo)"|"A polícia não encontrou nenhum rastro do suspeito."
"track"|"Keep track of your expenses this month."|"registro/controle(substantivo)"|"Controle seus gastos este mês."
"trade"|"The two countries have a strong trade agreement."|"comércio/troca(substantivo)"|"Os dois países têm um forte acordo comercial."
"trading"|"He works in stock trading."|"negociação/trading(substantivo)"|"Ele trabalha com negociação de ações."
"tradition"|"It's a family tradition to eat together on Sundays."|"tradição(substantivo)"|"É uma tradição de família almoçar juntos aos domingos."
"traditional"|"They served traditional food at the festival."|"tradicional(adjetivo)"|"Eles serviram comida tradicional no festival."
"traditionally"|"Traditionally, families gather for the holidays."|"tradicionalmente(advérbio)"|"Tradicionalmente, as famílias se reúnem nas festas."
"traffic"|"I was stuck in traffic for an hour."|"trânsito(substantivo)"|"Fiquei preso no trânsito por uma hora."
"tragedy"|"The accident was a real tragedy."|"tragédia(substantivo)"|"O acidente foi uma verdadeira tragédia."
"tragic"|"It was a tragic loss for the whole community."|"trágico(adjetivo)"|"Foi uma perda trágica para toda a comunidade."
"trail"|"We hiked a beautiful trail in the mountains."|"trilha(substantivo)"|"Fizemos uma trilha bonita nas montanhas."
"trailer"|"They lived in a trailer for a few months."|"trailer/reboque(substantivo)"|"Eles moraram em um trailer por alguns meses."
"train"|"The train leaves at seven in the morning."|"trem(substantivo)"|"O trem parte às sete da manhã."
"trainer"|"My trainer says I need to sleep more."|"treinador/personal trainer(substantivo)"|"Meu treinador diz que eu preciso dormir mais."
"training"|"The new employees are still in training."|"treinamento(substantivo)"|"Os novos funcionários ainda estão em treinamento."
"trait"|"Patience is one of her best traits."|"característica/traço(substantivo)"|"A paciência é uma das melhores características dela."
"transaction"|"The transaction was completed in seconds."|"transação(substantivo)"|"A transação foi concluída em segundos."
"transfer"|"I need to make a bank transfer today."|"transferência(substantivo)"|"Preciso fazer uma transferência bancária hoje."
"transformation"|"The renovation was a total transformation of the space."|"transformação(substantivo)"|"A reforma foi uma transformação total do espaço."
"transit"|"The package is currently in transit."|"trânsito/em transporte(substantivo)"|"O pacote está atualmente em trânsito."
"transition"|"The transition to remote work was hard at first."|"transição(substantivo)"|"A transição para o trabalho remoto foi difícil no começo."
"translation"|"The translation of the document took two days."|"tradução(substantivo)"|"A tradução do documento levou dois dias."
"transmission"|"The car has problems with the transmission."|"transmissão(substantivo)"|"O carro tem problemas na transmissão."
"transport"|"Public transport here is very reliable."|"transporte(substantivo)"|"O transporte público aqui é muito confiável."
"transportation"|"How do you get to work? What's your transportation?"|"meio de transporte(substantivo)"|"Como você vai ao trabalho? Qual é o seu meio de transporte?"
"trap"|"The mouse walked right into the trap."|"armadilha(substantivo)"|"O rato entrou direto na armadilha."
"trash"|"Can you take out the trash before you leave?"|"lixo(substantivo)"|"Você pode tirar o lixo antes de sair?"
"trauma"|"The accident caused lasting trauma."|"trauma(substantivo)"|"O acidente causou um trauma duradouro."
"travel"|"International travel can be exhausting."|"viagem(substantivo)"|"Viagem internacional pode ser esgotante."
"traveler"|"She's an experienced traveler."|"viajante(substantivo)"|"Ela é uma viajante experiente."
"tray"|"Put your dishes on the tray."|"bandeja(substantivo)"|"Coloque seus pratos na bandeja."
"treasure"|"The old box was full of treasure."|"tesouro(substantivo)"|"A caixa antiga estava cheia de tesouro."
"treatment"|"She's receiving treatment for her illness."|"tratamento(substantivo)"|"Ela está recebendo tratamento para a doença."
"treaty"|"The two countries signed a peace treaty."|"tratado(substantivo)"|"Os dois países assinaram um tratado de paz."
"tree"|"There's a big tree in our backyard."|"árvore(substantivo)"|"Tem uma árvore grande no nosso quintal."
"tremendous"|"The concert was a tremendous success."|"tremendo(adjetivo)"|"O show foi um tremendo sucesso."
"trend"|"That fashion trend is everywhere right now."|"tendência(substantivo)"|"Essa tendência de moda está em todo lugar agora."
"trial"|"The trial lasted three weeks."|"julgamento(substantivo)"|"O julgamento durou três semanas."
"tribal"|"They studied tribal customs in the region."|"tribal(adjetivo)"|"Eles estudaram costumes tribais na região."
"tribe"|"The tribe has lived here for centuries."|"tribo(substantivo)"|"A tribo vive aqui há séculos."
"trick"|"He learned a new card trick."|"truque(substantivo)"|"Ele aprendeu um novo truque de cartas."
"trip"|"We're planning a trip to New York."|"viagem(substantivo)"|"Estamos planejando uma viagem para Nova York."
"triumph"|"Winning the championship was a real triumph."|"triunfo(substantivo)"|"Ganhar o campeonato foi um verdadeiro triunfo."
"troop"|"A troop of soldiers marched through the street."|"tropa(substantivo)"|"Uma tropa de soldados marchou pela rua."
"tropical"|"I love tropical fruits like mango and papaya."|"tropical(adjetivo)"|"Eu adoro frutas tropicais como manga e mamão."
"trouble"|"He got into trouble at school."|"problema(substantivo)"|"Ele se meteu em problema na escola."
"troubled"|"She looked troubled after reading the message."|"perturbado(adjetivo)"|"Ela pareceu perturbada depois de ler a mensagem."
"truck"|"A big truck blocked the street."|"caminhão(substantivo)"|"Um caminhão grande bloqueou a rua."
"true"|"Is that story true?"|"verdadeiro(adjetivo)"|"Essa história é verdadeira?"
"truly"|"I'm truly sorry for what happened."|"verdadeiramente(advérbio)"|"Eu sinto muito de verdade pelo que aconteceu."
"trunk"|"He packed his clothes in a large trunk."|"baú(substantivo)"|"Ele guardou as roupas em um baú grande."
"trust"|"It takes time to build trust."|"confiança(substantivo)"|"Leva tempo para construir confiança."
"truth"|"Please tell me the truth."|"verdade(substantivo)"|"Por favor, me diga a verdade."
"tube"|"The toothpaste tube is almost empty."|"tubo(substantivo)"|"O tubo de pasta de dente está quase vazio."
"tumor"|"The doctor found a small tumor."|"tumor(substantivo)"|"O médico encontrou um tumor pequeno."
"tune"|"I can't get that tune out of my head."|"melodia(substantivo)"|"Não consigo tirar essa melodia da cabeça."
"tunnel"|"The train goes through a long tunnel."|"túnel(substantivo)"|"O trem passa por um túnel longo."
"turkey"|"We always eat turkey on Thanksgiving."|"peru(substantivo)"|"A gente sempre come peru no Dia de Ação de Graças."
"turn"|"It's your turn to wash the dishes."|"vez(substantivo)"|"É sua vez de lavar a louça."
"TV"|"They watch TV after dinner every night."|"televisão(substantivo)"|"Eles assistem televisão depois do jantar toda noite."
"twelve"|"There are twelve months in a year."|"doze(número)"|"Há doze meses em um ano."
"twentieth"|"Her birthday is on the twentieth of March."|"vigésimo(número)"|"O aniversário dela é no dia vinte de março."
"twenty"|"She's twenty years old."|"vinte(número)"|"Ela tem vinte anos."
"twice"|"I brush my teeth twice a day."|"duas vezes(advérbio)"|"Eu escovo os dentes duas vezes por dia."
"twin"|"She has a twin sister."|"gêmeo(substantivo)"|"Ela tem uma irmã gêmea."
"twist"|"The story had an unexpected twist at the end."|"reviravolta(substantivo)"|"A história teve uma reviravolta inesperada no final."
"two"|"I have two brothers."|"dois(número)"|"Eu tenho dois irmãos."
"two-thirds"|"Two-thirds of the students passed the test."|"dois terços(número)"|"Dois terços dos alunos passaram na prova."
"type"|"What type of music do you like?"|"tipo(substantivo)"|"Que tipo de música você gosta?"
"typical"|"This is a typical Brazilian breakfast."|"típico(adjetivo)"|"Esse é um café da manhã típico brasileiro."
"typically"|"She typically wakes up at six."|"geralmente(advérbio)"|"Ela geralmente acorda às seis."
"ugly"|"That building is really ugly."|"feio(adjetivo)"|"Aquele prédio é muito feio."
"uh"|"Uh, I'm not sure about that."|"ãh(interjeição)"|"Ãh, não tenho certeza sobre isso."
"ultimate"|"That was the ultimate test of patience."|"maior(adjetivo)"|"Esse foi o maior teste de paciência."
"ultimately"|"Ultimately, it was her decision."|"no fim das contas(advérbio)"|"No fim das contas, foi decisão dela."
"unable"|"He was unable to sleep last night."|"incapaz(adjetivo)"|"Ele não conseguiu dormir ontem à noite."
"uncertain"|"The future feels uncertain right now."|"incerto(adjetivo)"|"O futuro parece incerto agora."
"uncertainty"|"There's a lot of uncertainty about the new policy."|"incerteza(substantivo)"|"Há muita incerteza sobre a nova política."
"uncle"|"My uncle lives in Texas."|"tio(substantivo)"|"Meu tio mora no Texas."
"uncomfortable"|"This chair is really uncomfortable."|"desconfortável(adjetivo)"|"Essa cadeira é muito desconfortável."
"under"|"The cat is sleeping under the bed."|"embaixo de(preposição)"|"O gato está dormindo embaixo da cama."
"under"|"She dove under and came back up."|"por baixo(advérbio)"|"Ela mergulhou por baixo e voltou à superfície."
"undergraduate"|"She's an undergraduate at UCLA."|"estudante de graduação(substantivo)"|"Ela é estudante de graduação na UCLA."
"underlying"|"Stress is the underlying cause of his health problems."|"subjacente(adjetivo)"|"O estresse é a causa subjacente dos problemas de saúde dele."
"understanding"|"We need a better understanding of the situation."|"compreensão(substantivo)"|"Precisamos de uma melhor compreensão da situação."
"unemployment"|"Unemployment rose sharply during the recession."|"desemprego(substantivo)"|"O desemprego subiu muito durante a recessão."
"unexpected"|"The test results were completely unexpected."|"inesperado(adjetivo)"|"Os resultados do teste foram completamente inesperados."
"unfair"|"It's unfair that he got a raise and I didn't."|"injusto(adjetivo)"|"É injusto que ele tenha recebido aumento e eu não."
"unfortunately"|"Unfortunately, we missed the last bus."|"infelizmente(advérbio)"|"Infelizmente, perdemos o último ônibus."
"unhappy"|"She looked unhappy when she heard the news."|"infeliz(adjetivo)"|"Ela pareceu infeliz quando ouviu a notícia."
"uniform"|"All students must wear a uniform."|"uniforme(substantivo)"|"Todos os alunos devem usar uniforme."
"union"|"He joined the teachers' union last year."|"sindicato(substantivo)"|"Ele entrou para o sindicato dos professores no ano passado."
"unique"|"Every person's fingerprint is unique."|"único(adjetivo)"|"A impressão digital de cada pessoa é única."
"unit"|"The first unit of the course covers basic grammar."|"unidade(substantivo)"|"A primeira unidade do curso aborda gramática básica."
"United"|"They are from the United States."|"Unidos(adjetivo)"|"Eles são dos Estados Unidos."
"unity"|"The speech called for national unity."|"unidade(substantivo)"|"O discurso pediu unidade nacional."
"universal"|"Clean water is a universal human right."|"universal(adjetivo)"|"Água limpa é um direito humano universal."
"universe"|"Scientists are still exploring the universe."|"universo(substantivo)"|"Os cientistas ainda estão explorando o universo."
"university"|"She got accepted to a great university."|"universidade(substantivo)"|"Ela foi aceita em uma ótima universidade."
"unknown"|"The cause of the fire is still unknown."|"desconhecido(adjetivo)"|"A causa do incêndio ainda é desconhecida."
"unless"|"Don't leave unless I tell you to."|"a menos que(conjunção)"|"Não vá embora a menos que eu mande."
"unlike"|"Unlike her sister, she loves spicy food."|"ao contrário de(preposição)"|"Ao contrário da irmã, ela adora comida apimentada."
"unlike"|"Their personalities are completely unlike."|"diferentes(adjetivo)"|"As personalidades deles são completamente diferentes."
"unlikely"|"It's unlikely that school will be canceled."|"improvável(adjetivo)"|"É improvável que a aula seja cancelada."
"unprecedented"|"The storm caused unprecedented damage."|"sem precedentes(adjetivo)"|"A tempestade causou danos sem precedentes."
"until"|"We waited until the rain stopped."|"até que(conjunção)"|"Esperamos até que a chuva parasse."
"until"|"The store is open until nine."|"até(preposição)"|"A loja fica aberta até as nove."
"unusual"|"It's unusual for him to be late."|"incomum(adjetivo)"|"É incomum ele se atrasar."
"up"|"She stood up and left the room."|"para cima(advérbio)"|"Ela se levantou e saiu da sala."
"up"|"We walked up the stairs slowly."|"subindo(preposição)"|"Subimos as escadas devagar."
"upon"|"She knocked upon the old wooden door."|"em(preposição)"|"Ela bateu na velha porta de madeira."
"upper"|"The files are on the upper shelf."|"superior(adjetivo)"|"Os arquivos estão na prateleira superior."
"upset"|"He was really upset about losing the game."|"chateado(adjetivo)"|"Ele ficou muito chateado por ter perdido o jogo."
"upstairs"|"The bedrooms are upstairs."|"no andar de cima(advérbio)"|"Os quartos ficam no andar de cima."
"urban"|"They moved from a rural town to an urban area."|"urbano(adjetivo)"|"Eles se mudaram de uma cidade rural para uma área urbana."
"us"|"Can you help us?"|"nos/nós(pronome)"|"Você pode nos ajudar?"
"use"|"What's the use of complaining?"|"utilidade(substantivo)"|"Qual é a utilidade de reclamar?"
"used"|"I'm used to waking up early."|"acostumado(adjetivo)"|"Estou acostumado a acordar cedo."
"useful"|"This app is really useful for learning English."|"útil(adjetivo)"|"Esse aplicativo é muito útil para aprender inglês."
"user"|"The app has over a million users."|"usuário(substantivo)"|"O aplicativo tem mais de um milhão de usuários."
"usual"|"He ordered his usual coffee."|"habitual(adjetivo)"|"Ele pediu seu café de sempre."
"usually"|"I usually have breakfast at seven."|"geralmente(advérbio)"|"Geralmente tomo café da manhã às sete."
"utility"|"The utility bill was higher than expected."|"conta de serviços públicos(substantivo)"|"A conta de serviços públicos foi mais alta do que o esperado."
"vacation"|"We're going to Florida for vacation."|"férias(substantivo)"|"Vamos para a Flórida nas férias."
"vaccine"|"The nurse gave him the flu vaccine."|"vacina(substantivo)"|"A enfermeira deu a ele a vacina contra gripe."
"vacuum"|"She ran the vacuum through the whole house."|"aspirador(substantivo)"|"Ela passou o aspirador pela casa toda."
"valid"|"Your ticket is valid for 30 days."|"válido(adjetivo)"|"Seu bilhete é válido por 30 dias."
"validity"|"No one questioned the validity of his argument."|"validade(substantivo)"|"Ninguém questionou a validade do argumento dele."
"valley"|"The river runs through a narrow valley."|"vale(substantivo)"|"O rio corre por um vale estreito."
"valuable"|"That ring is very valuable."|"valioso(adjetivo)"|"Aquele anel é muito valioso."
"value"|"The value of the house has gone up."|"valor(substantivo)"|"O valor da casa subiu."
"van"|"They rented a van to move the furniture."|"van(substantivo)"|"Eles alugaram uma van para mudar os móveis."
"variable"|"Temperature is an important variable in this experiment."|"variável(substantivo)"|"A temperatura é uma variável importante nesse experimento."
"variation"|"There is some variation in price depending on the season."|"variação(substantivo)"|"Há uma variação no preço dependendo da temporada."
"variety"|"This store sells a wide variety of cheeses."|"variedade(substantivo)"|"Essa loja vende uma grande variedade de queijos."
"various"|"We talked about various topics at dinner."|"vários(adjetivo)"|"Falamos sobre vários assuntos no jantar."
"vast"|"The desert is vast and empty."|"vasto(adjetivo)"|"O deserto é vasto e vazio."
"vegetable"|"She added a vegetable to the soup."|"legume(substantivo)"|"Ela adicionou um legume à sopa."
"vehicle"|"The vehicle broke down on the highway."|"veículo(substantivo)"|"O veículo quebrou na rodovia."
"vendor"|"The vendor set up a stand on the corner."|"vendedor(substantivo)"|"O vendedor montou uma banca na esquina."
"venture"|"Starting a new business is always a risky venture."|"empreendimento(substantivo)"|"Abrir um negócio novo sempre é um empreendimento arriscado."
"verbal"|"The teacher gave a verbal warning to the student."|"verbal(adjetivo)"|"A professora deu um aviso verbal ao aluno."
"verdict"|"The jury reached a verdict after two days."|"veredicto(substantivo)"|"O júri chegou a um veredicto após dois dias."
"version"|"Have you updated to the latest version of the app?"|"versão(substantivo)"|"Você atualizou para a versão mais recente do aplicativo?"
"versus"|"It was the home team versus the visiting team."|"versus(preposição)"|"Foi o time da casa versus o time visitante."
"vertical"|"Draw a vertical line down the center of the page."|"vertical(adjetivo)"|"Trace uma linha vertical no centro da página."
"very"|"She was very tired after work."|"muito(advérbio)"|"Ela estava muito cansada depois do trabalho."
"very"|"That was the very moment everything changed."|"exato(adjetivo)"|"Aquele foi o momento exato em que tudo mudou."
"vessel"|"The vessel arrived at the port early in the morning."|"embarcação(substantivo)"|"A embarcação chegou ao porto de manhã cedo."
"veteran"|"He is a veteran of the war."|"veterano(substantivo)"|"Ele é um veterano de guerra."
"veteran"|"She is a veteran teacher with thirty years of experience."|"veterano(adjetivo)"|"Ela é uma professora veterana com trinta anos de experiência."
"via"|"We flew to New York via Miami."|"via(preposição)"|"Nós voamos para Nova York via Miami."
"victim"|"The victim was taken to the hospital immediately."|"vítima(substantivo)"|"A vítima foi levada ao hospital imediatamente."
"victory"|"The team celebrated their victory on the field."|"vitória(substantivo)"|"O time celebrou a vitória deles em campo."
"video"|"She posted a video of her cat online."|"vídeo(substantivo)"|"Ela postou um vídeo do gato dela na internet."
"view"|"The view from the top of the mountain was amazing."|"vista(substantivo)"|"A vista do topo da montanha era incrível."
"viewer"|"The show attracted millions of viewers."|"espectador(substantivo)"|"O programa atraiu milhões de espectadores."
"village"|"She grew up in a small village in the countryside."|"vila(substantivo)"|"Ela cresceu em uma pequena vila no interior."
"violation"|"Parking here is a violation of the rules."|"violação(substantivo)"|"Estacionar aqui é uma violação das regras."
"violence"|"The movie contains scenes of violence."|"violência(substantivo)"|"O filme contém cenas de violência."
"violent"|"The storm was violent and knocked down several trees."|"violento(adjetivo)"|"A tempestade foi violenta e derrubou várias árvores."
"virtual"|"The team held a virtual meeting last Friday."|"virtual(adjetivo)"|"A equipe fez uma reunião virtual na sexta passada."
"virtually"|"The project is virtually finished."|"praticamente(advérbio)"|"O projeto está praticamente concluído."
"virtue"|"Patience is a virtue that takes time to develop."|"virtude(substantivo)"|"A paciência é uma virtude que leva tempo para desenvolver."
"virus"|"My computer got a virus and lost all the files."|"vírus(substantivo)"|"Meu computador pegou um vírus e perdeu todos os arquivos."
"visible"|"The scar on his arm was clearly visible."|"visível(adjetivo)"|"A cicatriz no braço dele estava claramente visível."
"vision"|"She has a clear vision for the future of the company."|"visão(substantivo)"|"Ela tem uma visão clara para o futuro da empresa."
"visit"|"Our visit to the museum lasted three hours."|"visita(substantivo)"|"Nossa visita ao museu durou três horas."
"visitor"|"A visitor knocked on the door early in the morning."|"visitante(substantivo)"|"Um visitante bateu na porta de manhã cedo."
"visual"|"The presentation had strong visual elements."|"visual(adjetivo)"|"A apresentação tinha elementos visuais bem fortes."
"vital"|"Water is vital for all living things."|"vital(adjetivo)"|"A água é vital para todos os seres vivos."
"vitamin"|"Orange juice is a good source of vitamin C."|"vitamina(substantivo)"|"O suco de laranja é uma boa fonte de vitamina C."
"vocal"|"She was very vocal about her opinions at the meeting."|"vocal(adjetivo)"|"Ela foi bem vocal sobre as opiniões dela na reunião."
"voice"|"He lowered his voice so no one else could hear."|"voz(substantivo)"|"Ele baixou a voz para que ninguém mais ouvisse."
"volume"|"Can you turn down the volume? It's too loud."|"volume(substantivo)"|"Você pode baixar o volume? Está muito alto."
"voluntary"|"Participation in the program is voluntary."|"voluntário(adjetivo)"|"A participação no programa é voluntária."
"volunteer"|"She works as a volunteer at the local hospital."|"voluntário(substantivo)"|"Ela trabalha como voluntária no hospital local."
"vote"|"Every vote counts in a democracy."|"voto(substantivo)"|"Todo voto conta em uma democracia."
"voter"|"The voter waited in line for two hours."|"eleitor(substantivo)"|"O eleitor esperou na fila por duas horas."
"voting"|"Voting is a civic responsibility."|"votação(substantivo)"|"A votação é uma responsabilidade cívica."
"vs"|"It's comfort vs. style when choosing shoes."|"versus(preposição)"|"É conforto versus estilo na hora de escolher sapatos."
"vulnerable"|"Children are vulnerable to online dangers."|"vulnerável(adjetivo)"|"Crianças são vulneráveis aos perigos da internet."
"wage"|"His wage barely covers the rent."|"salário(substantivo)"|"O salário dele mal cobre o aluguel."
"wagon"|"The kids rode in a red wagon."|"carrinho de passeio(substantivo)"|"As crianças andaram em um carrinho vermelho."
"waist"|"This belt is too tight around my waist."|"cintura(substantivo)"|"Este cinto está muito apertado na minha cintura."
"wake"|"The boat left a wide wake behind it."|"rastro(substantivo)"|"O barco deixou um rastro largo atrás dele."
"walk"|"Let's go for a walk in the park."|"caminhada(substantivo)"|"Vamos dar uma caminhada no parque."
"walking"|"Walking to work saves me money."|"caminhada(substantivo)"|"Ir a pé para o trabalho me economiza dinheiro."
"wall"|"She hung a painting on the wall."|"parede(substantivo)"|"Ela pendurou um quadro na parede."
"war"|"The war lasted for many years."|"guerra(substantivo)"|"A guerra durou muitos anos."
"warehouse"|"The company stores its products in a large warehouse."|"armazém(substantivo)"|"A empresa guarda seus produtos em um grande armazém."
"warm"|"The soup is still warm."|"morno / quente(adjetivo)"|"A sopa ainda está quentinha."
"warmth"|"She felt the warmth of the fireplace on her face."|"calor(substantivo)"|"Ela sentiu o calor da lareira no rosto."
"warning"|"The weather warning came too late."|"aviso(substantivo)"|"O aviso meteorológico chegou tarde demais."
"warrior"|"He trained his whole life to become a warrior."|"guerreiro(substantivo)"|"Ele treinou a vida toda para se tornar um guerreiro."
"waste"|"Throwing away food is such a waste."|"desperdício(substantivo)"|"Jogar comida fora é um enorme desperdício."
"watch"|"My watch stopped working this morning."|"relógio(substantivo)"|"Meu relógio parou de funcionar esta manhã."
"water"|"Can I have a glass of water, please?"|"água(substantivo)"|"Posso pegar um copo de água, por favor?"
"wave"|"A big wave knocked him off his feet."|"onda(substantivo)"|"Uma onda grande o derrubou."
"way"|"Is there a faster way to get there?"|"caminho / jeito(substantivo)"|"Tem um jeito mais rápido de chegar lá?"
"way"|"This bag is way too heavy."|"muito / demais(advérbio)"|"Essa bolsa está pesada demais."
"we"|"We are going to the movies tonight."|"nós(pronome)"|"Nós vamos ao cinema hoje à noite."
"weak"|"He felt weak after three days without eating."|"fraco(adjetivo)"|"Ele se sentiu fraco depois de três dias sem comer."
"weakness"|"Admitting your weakness takes courage."|"fraqueza(substantivo)"|"Admitir sua fraqueza exige coragem."
"wealth"|"Education creates more lasting wealth than money alone."|"riqueza(substantivo)"|"A educação cria uma riqueza mais duradoura do que o dinheiro sozinho."
"wealthy"|"She grew up in a wealthy neighborhood."|"rico(adjetivo)"|"Ela cresceu em um bairro rico."
"weapon"|"The police found a weapon at the scene."|"arma(substantivo)"|"A polícia encontrou uma arma no local."
"weather"|"The weather is perfect for a barbecue."|"tempo / clima(substantivo)"|"O tempo está perfeito para um churrasco."
"web"|"I found the recipe on the web."|"internet / web(substantivo)"|"Encontrei a receita na internet."
"wedding"|"Their wedding was held on the beach."|"casamento(substantivo)"|"O casamento deles foi realizado na praia."
"weed"|"She spent the afternoon pulling weeds from the garden."|"erva daninha(substantivo)"|"Ela passou a tarde arrancando ervas daninhas do jardim."
"week"|"I have a dentist appointment next week."|"semana(substantivo)"|"Tenho consulta no dentista na semana que vem."
"weekend"|"What are you doing this weekend?"|"fim de semana(substantivo)"|"O que você vai fazer neste fim de semana?"
"weekly"|"We have a weekly meeting every Monday."|"semanal(adjetivo)"|"Temos uma reunião semanal toda segunda-feira."
"weight"|"He's been watching his weight lately."|"peso(substantivo)"|"Ele tem cuidado do peso ultimamente."
"weird"|"It feels weird being back in my old school."|"estranho(adjetivo)"|"É estranho voltar para minha antiga escola."
"welcome"|"You are always welcome at our house."|"bem-vindo(adjetivo)"|"Você é sempre bem-vindo em nossa casa."
"welfare"|"The government launched a new welfare program."|"assistência social(substantivo)"|"O governo lançou um novo programa de assistência social."
"well"|"She handled the situation really well."|"bem(advérbio)"|"Ela lidou com a situação muito bem."
"well"|"Well, I'm not sure what to say."|"bem(preposição)"|"Bem, não sei bem o que dizer."
"well-being"|"Exercise is essential for your overall well-being."|"bem-estar(substantivo)"|"O exercício é essencial para o seu bem-estar geral."
"well-known"|"It's a well-known restaurant downtown."|"conhecido / famoso(adjetivo)"|"É um restaurante famoso no centro da cidade."
"west"|"The sun sets in the west."|"oeste(substantivo)"|"O sol se põe no oeste."
"western"|"We watched a classic western movie last night."|"faroeste(adjetivo)"|"Assistimos a um clássico filme de faroeste ontem à noite."
"wet"|"Don't sit on the wet bench."|"molhado(adjetivo)"|"Não sente no banco molhado."
"whale"|"We saw a whale jump out of the water."|"baleia(substantivo)"|"Vimos uma baleia pular para fora da água."
"what"|"What size do you wear?"|"que / qual(determinante)"|"Que tamanho você usa?"
"whatever"|"Eat whatever you want — it's your birthday."|"qualquer coisa(determinante)"|"Coma o que quiser — é seu aniversário."
"wheat"|"This bread is made with whole wheat."|"trigo(substantivo)"|"Este pão é feito com trigo integral."
"wheel"|"The wheel on my cart is broken."|"roda(substantivo)"|"A roda do meu carrinho está quebrada."
"wheelchair"|"The hospital has wheelchairs available at the entrance."|"cadeira de rodas(substantivo)"|"O hospital tem cadeiras de rodas disponíveis na entrada."
"when"|"Call me when you get home."|"quando(conjunção)"|"Me liga quando você chegar em casa."
"when"|"When does the movie start?"|"quando(advérbio)"|"Quando o filme começa?"
"whenever"|"You can call me whenever you need help."|"sempre que(advérbio)"|"Você pode me ligar sempre que precisar de ajuda."
"where"|"I know a great place where we can eat."|"onde(conjunção)"|"Eu conheço um lugar ótimo onde podemos comer."
"where"|"Where did you park the car?"|"onde(advérbio)"|"Onde você estacionou o carro?"
"whereas"|"He loves coffee, whereas she prefers tea."|"enquanto que(conjunção)"|"Ele adora café, enquanto que ela prefere chá."
"wherever"|"I'll follow you wherever you go."|"onde quer que(advérbio)"|"Vou te seguir onde quer que você vá."
"whether"|"I'm not sure whether I should go or stay."|"se(conjunção)"|"Não tenho certeza se devo ir ou ficar."
"which"|"Which shirt should I wear today?"|"qual(determinante)"|"Qual camisa eu devo usar hoje?"
"while"|"She listened to music while she cooked dinner."|"enquanto(conjunção)"|"Ela ouviu música enquanto cozinhava o jantar."
"while"|"We talked for a while after class."|"tempo(substantivo)"|"Conversamos por um tempo depois da aula."
"white"|"She wore a white dress to the party."|"branco(adjetivo)"|"Ela usou um vestido branco na festa."
"white"|"The whites of his eyes were red."|"branco(substantivo)"|"O branco dos olhos dele estava vermelho."
"who"|"Who left the door open?"|"quem(pronome)"|"Quem deixou a porta aberta?"
"whoever"|"Whoever finishes first can leave early."|"quem quer que(pronome)"|"Quem quer que termine primeiro pode sair mais cedo."
"whole"|"I spent the whole day at the beach."|"inteiro(adjetivo)"|"Passei o dia inteiro na praia."
"whole"|"The whole of the city was affected by the flood."|"totalidade(substantivo)"|"A totalidade da cidade foi afetada pela enchente."
"whom"|"Whom did you invite to the party?"|"quem(pronome)"|"Quem você convidou para a festa?"
"whose"|"Whose jacket is this on the chair?"|"de quem(determinante)"|"De quem é essa jaqueta na cadeira?"
"why"|"Why are you so tired today?"|"por que(advérbio)"|"Por que você está tão cansado hoje?"
"wide"|"The hallway is wide enough for two people."|"largo(adjetivo)"|"O corredor é largo o suficiente para duas pessoas."
"widely"|"This technique is widely used in hospitals."|"amplamente(advérbio)"|"Essa técnica é amplamente usada em hospitais."
"widespread"|"There was widespread damage after the storm."|"generalizado(adjetivo)"|"Houve danos generalizados após a tempestade."
"widow"|"My grandmother became a widow at sixty."|"viúva(substantivo)"|"Minha avó ficou viúva aos sessenta anos."
"wife"|"His wife is a doctor at the city hospital."|"esposa(substantivo)"|"A esposa dele é médica no hospital da cidade."
"wild"|"The kids went wild when they saw the clown."|"agitado(adjetivo)"|"As crianças ficaram agitadas quando viram o palhaço."
"wilderness"|"They hiked through the wilderness for three days."|"natureza selvagem(substantivo)"|"Eles caminharam pela natureza selvagem por três dias."
"wildlife"|"The park is home to a wide variety of wildlife."|"fauna selvagem(substantivo)"|"O parque abriga uma grande variedade de fauna selvagem."
"will"|"She will call you back in a few minutes."|"vai/irá(verbo modal)"|"Ela vai te ligar de volta em alguns minutos."
"will"|"She has a very strong will."|"força de vontade(substantivo)"|"Ela tem uma força de vontade muito grande."
"willing"|"I'm willing to help if you need me."|"disposto(adjetivo)"|"Estou disposto a ajudar se você precisar."
"willingness"|"His willingness to learn impressed the teacher."|"disposição(substantivo)"|"A disposição dele para aprender impressionou a professora."
"win"|"Our team's win last night was amazing."|"vitória(substantivo)"|"A vitória do nosso time ontem à noite foi incrível."
"wind"|"The wind knocked over the trash cans outside."|"vento(substantivo)"|"O vento derrubou as lixeiras lá fora."
"window"|"Can you open the window? It's hot in here."|"janela(substantivo)"|"Você pode abrir a janela? Está quente aqui."
"wine"|"They ordered a bottle of red wine with dinner."|"vinho(substantivo)"|"Eles pediram uma garrafa de vinho tinto com o jantar."
"wing"|"The bird broke its wing and couldn't fly."|"asa(substantivo)"|"O pássaro quebrou a asa e não conseguia voar."
"winner"|"The winner of the contest got a gift card."|"vencedor(substantivo)"|"O vencedor do concurso ganhou um vale-presente."
"winter"|"Winter in New York can be really cold."|"inverno(substantivo)"|"O inverno em Nova York pode ser muito frio."
"wire"|"The electrician replaced the old wire in the wall."|"fio(substantivo)"|"O eletricista trocou o fio antigo na parede."
"wisdom"|"Her wisdom comes from years of experience."|"sabedoria(substantivo)"|"A sabedoria dela vem de anos de experiência."
"wise"|"It was wise of you to save money for emergencies."|"sensato(adjetivo)"|"Foi sensato da sua parte economizar dinheiro para emergências."
"wish"|"She made a wish before blowing out the candles."|"desejo(substantivo)"|"Ela fez um desejo antes de apagar as velas."
"with"|"She came to the party with her brother."|"com(preposição)"|"Ela foi à festa com o irmão."
"withdrawal"|"He made a cash withdrawal at the ATM."|"saque(substantivo)"|"Ele fez um saque em dinheiro no caixa eletrônico."
"within"|"The package will arrive within two business days."|"dentro de(preposição)"|"O pacote chegará dentro de dois dias úteis."
"within"|"The answer is within reach."|"dentro de, a(advérbio)"|"A resposta está ao alcance."
"without"|"I can't sleep without a pillow."|"sem(preposição)"|"Não consigo dormir sem travesseiro."
"witness"|"She was the only witness to the accident."|"testemunha(substantivo)"|"Ela foi a única testemunha do acidente."
"wolf"|"The wolf howled at the moon."|"lobo(substantivo)"|"O lobo uivou para a lua."
"woman"|"The woman at the front desk was very helpful."|"mulher(substantivo)"|"A mulher na recepção foi muito prestativa."
"wonder"|"The Grand Canyon is a natural wonder."|"maravilha(substantivo)"|"O Grand Canyon é uma maravilha natural."
"wonderful"|"We had a wonderful time at the party."|"maravilhoso(adjetivo)"|"Nós nos divertimos muito na festa."
"wood"|"The cabin is made of wood."|"madeira(substantivo)"|"A cabana é feita de madeira."
"wooden"|"There's a wooden chair in the corner."|"de madeira(adjetivo)"|"Tem uma cadeira de madeira no canto."
"word"|"I didn't understand a single word."|"palavra(substantivo)"|"Eu não entendi uma única palavra."
"work"|"I have a lot of work to do today."|"trabalho(substantivo)"|"Tenho muito trabalho para fazer hoje."
"worker"|"The workers arrived early in the morning."|"trabalhador(substantivo)"|"Os trabalhadores chegaram cedo de manhã."
"working"|"Do you have a working printer?"|"funcionando, em funcionamento(adjetivo)"|"Você tem uma impressora funcionando?"
"workout"|"She does a 30-minute workout every morning."|"treino(substantivo)"|"Ela faz um treino de 30 minutos toda manhã."
"workplace"|"The workplace should be safe for everyone."|"local de trabalho(substantivo)"|"O local de trabalho deve ser seguro para todos."
"works"|"His new song really works."|"obra, trabalho(substantivo)"|"A nova música dele realmente funciona."
"workshop"|"I signed up for a photography workshop."|"oficina, workshop(substantivo)"|"Me inscrevi em um workshop de fotografia."
"world"|"She wants to travel the world someday."|"mundo(substantivo)"|"Ela quer viajar pelo mundo algum dia."
"worldwide"|"The news spread worldwide overnight."|"pelo mundo todo, mundialmente(advérbio)"|"A notícia se espalhou pelo mundo todo de um dia para o outro."
"worldwide"|"It was a worldwide success."|"mundial(adjetivo)"|"Foi um sucesso mundial."
"worried"|"He looked worried when he got the call."|"preocupado(adjetivo)"|"Ele pareceu preocupado quando recebeu a ligação."
"worry"|"Stress and worry kept me up all night."|"preocupação(substantivo)"|"O estresse e a preocupação me mantiveram acordado a noite toda."
"worth"|"Is the museum worth visiting?"|"valer(preposição)"|"Vale a pena visitar o museu?"
"worth"|"The painting is worth a fortune."|"valor(substantivo)"|"A pintura vale uma fortuna."
"would"|"I would love a cup of coffee right now."|"auxiliar de desejo ou condição(verbo modal)"|"Eu adoraria uma xícara de café agora."
"wound"|"The wound on his arm was deep."|"ferida(substantivo)"|"A ferida no braço dele era funda."
"wow"|"Wow, that view is incredible!"|"uau(interjeição)"|"Uau, que vista incrível!"
"wrist"|"She broke her wrist playing volleyball."|"pulso(substantivo)"|"Ela quebrou o pulso jogando vôlei."
"writer"|"My favorite writer published a new book."|"escritor(substantivo)"|"Meu escritor favorito lançou um livro novo."
"writing"|"His writing is clear and easy to follow."|"escrita(substantivo)"|"A escrita dele é clara e fácil de acompanhar."
"written"|"The instructions are written in simple English."|"escrito(adjetivo)"|"As instruções estão escritas em inglês simples."
"wrong"|"I think you have the wrong address."|"errado(adjetivo)"|"Acho que você tem o endereço errado."
"wrong"|"I spelled her name wrong."|"errado, de forma errada(advérbio)"|"Eu escrevi o nome dela errado."
"yard"|"The kids are playing in the yard."|"quintal(substantivo)"|"As crianças estão brincando no quintal."
"yeah"|"Yeah, I'll be there at seven."|"é, sim(interjeição)"|"É, vou estar lá às sete."
"year"|"We moved here three years ago."|"ano(substantivo)"|"Nos mudamos para cá há três anos."
"yellow"|"She wore a bright yellow jacket."|"amarelo(adjetivo)"|"Ela usava uma jaqueta amarelo-vivo."
"yes"|"Yes, I already finished my homework."|"sim(interjeição)"|"Sim, eu já terminei minha lição de casa."
"yesterday"|"I ran into an old friend yesterday."|"ontem(advérbio)"|"Encontrei um velho amigo ontem."
"yet"|"I haven't eaten breakfast yet."|"ainda(advérbio)"|"Eu ainda não tomei café da manhã."
"yield"|"The farm's yield was lower this year."|"produção, rendimento(substantivo)"|"A produção da fazenda foi menor este ano."
"you"|"Can you help me with this bag?"|"você, vocês(pronome)"|"Você pode me ajudar com essa bolsa?"
"young"|"She's too young to watch that movie."|"jovem, novo(adjetivo)"|"Ela é jovem demais para assistir a esse filme."
"youngster"|"The youngsters at the camp made friends quickly."|"jovem, garoto(substantivo)"|"Os jovens no acampamento fizeram amizade rapidamente."
"your"|"Is this your umbrella?"|"seu, sua(artigo possessivo)"|"Esse guarda-chuva é seu?"
"yours"|"That seat is yours."|"seu, sua — o que é seu(pronome)"|"Esse lugar é seu."
"yourself"|"Did you hurt yourself?"|"você mesmo, se(pronome)"|"Você se machucou?"
"youth"|"She spent her youth in a small town."|"juventude(substantivo)"|"Ela passou a juventude em uma cidade pequena."
"zone"|"This is a no-parking zone."|"zona, área(substantivo)"|"Esta é uma área proibida para estacionar."