"illusion"|"The magician created an illusion of disappearing."|"A magician on stage vanishing in a puff of smoke while the audience watches in amazement, A simple children's painting style, naive art, cute, minimalist, colorful crayon drawing, clear definition"
"image"|"The campaign used a strong image to grab attention."|"A large colorful billboard poster on a city street stopping passersby in their tracks, A simple children's painting style, naive art, cute, minimalist, colorful crayon drawing, clear definition"
"imagination"|"Kids have a wild imagination."|"Two children sitting on a cloud imagining dragons castles and rockets floating around them, A simple children's painting style, naive art, cute, minimalist, colorful crayon drawing, clear definition"
"immediate"|"We need an immediate solution to this problem."|"A group of people gathered around a broken pipe with water flooding the floor urgently pointing, A simple children's painting style, naive art, cute, minimalist, colorful crayon drawing, clear definition"
"immediately"|"She immediately called 911 when she saw the accident."|"A woman on the sidewalk urgently calling on her phone while a car crash happens behind her, A simple children's painting style, naive art, cute, minimalist, colorful crayon drawing, clear definition"
"immigrant"|"Her grandfather came to the US as an immigrant from Italy."|"An old man with a suitcase stepping off a ship toward the Statue of Liberty waving a small Italian flag, A simple children's painting style, naive art, cute, minimalist, colorful crayon drawing, clear definition"
"immigration"|"Immigration policies have changed significantly in recent years."|"A family with luggage standing at an airport border checkpoint showing their passports to an officer, A simple children's painting style, naive art, cute, minimalist, colorful crayon drawing, clear definition"
"immune"|"Some people are naturally immune to certain viruses."|"A smiling person standing unaffected while cartoon viruses bounce harmlessly off a glowing shield around them, A simple children's painting style, naive art, cute, minimalist, colorful crayon drawing, clear definition"
"impact"|"The new law had a major impact on small businesses."|"A large falling gavel creating a shockwave that shakes tiny shop buildings on a street, A simple children's painting style, naive art, cute, minimalist, colorful crayon drawing, clear definition"
"implementation"|"The implementation of the new system took three months."|"Workers installing a large computer system in an office with a calendar showing three months crossed off, A simple children's painting style, naive art, cute, minimalist, colorful crayon drawing, clear definition"
"implication"|"The study has serious implications for public health."|"A scientist pointing at a chart with warning signs while doctors in the audience look concerned, A simple children's painting style, naive art, cute, minimalist, colorful crayon drawing, clear definition"
"import"|"The import of foreign goods increased last year."|"A cargo ship unloading many boxes labeled with foreign flags at a busy seaport dock, A simple children's painting style, naive art, cute, minimalist, colorful crayon drawing, clear definition"
"importance"|"She stressed the importance of eating breakfast."|"A woman pointing firmly at a table full of breakfast foods while a child listens attentively, A simple children's painting style, naive art, cute, minimalist, colorful crayon drawing, clear definition"
"important"|"It's important to drink water throughout the day."|"A child holding a water bottle with a big reminder note on the wall saying drink water, A simple children's painting style, naive art, cute, minimalist, colorful crayon drawing, clear definition"
"importantly"|"More importantly, you need to get enough sleep."|"A person in bed with an alarm clock and a glowing star above the pillow emphasizing good sleep, A simple children's painting style, naive art, cute, minimalist, colorful crayon drawing, clear definition"
"impossible"|"It's impossible to focus with all this noise."|"A student at a desk covering their ears while loud music jackhammers and shouting surround them, A simple children's painting style, naive art, cute, minimalist, colorful crayon drawing, clear definition"
"impression"|"He made a great impression at the job interview."|"A smiling man in a suit shaking hands confidently with an interviewer across a desk, A simple children's painting style, naive art, cute, minimalist, colorful crayon drawing, clear definition"
"impressive"|"Her performance was truly impressive."|"A girl on a stage bowing while a crowd stands and claps enthusiastically under bright spotlights, A simple children's painting style, naive art, cute, minimalist, colorful crayon drawing, clear definition"
"improved"|"The improved design is much easier to use."|"Two phones side by side with the newer sleeker one being used effortlessly by a happy person, A simple children's painting style, naive art, cute, minimalist, colorful crayon drawing, clear definition"
"improvement"|"There's been a clear improvement in his grades."|"A boy holding two report cards showing low grades before and high grades now with a big smile, A simple children's painting style, naive art, cute, minimalist, colorful crayon drawing, clear definition"
"impulse"|"She bought the shoes on impulse."|"A woman at a shoe store grabbing a pair of sparkly shoes off the shelf without thinking, A simple children's painting style, naive art, cute, minimalist, colorful crayon drawing, clear definition"
"in"|"The keys are in the drawer."|"A hand opening a wooden drawer to reveal a set of keys sitting inside it, A simple children's painting style, naive art, cute, minimalist, colorful crayon drawing, clear definition"
"in"|"Come in, the door is open."|"A person at an open front door waving a friend inside a cozy bright house, A simple children's painting style, naive art, cute, minimalist, colorful crayon drawing, clear definition"
"in"|"I'll call you in case anything changes."|"A person holding a phone with a speech bubble showing a ringing phone and a question mark, A simple children's painting style, naive art, cute, minimalist, colorful crayon drawing, clear definition"
"incentive"|"The bonus is a great incentive to work harder."|"A happy worker at a desk eyeing a big bonus check pinned to a board above their computer, A simple children's painting style, naive art, cute, minimalist, colorful crayon drawing, clear definition"
"incident"|"A strange incident happened at school today."|"Students and a teacher gathered in a school hallway looking surprised at something unusual on the floor, A simple children's painting style, naive art, cute, minimalist, colorful crayon drawing, clear definition"
"including"|"Everyone came, including the new students."|"A cheerful group of students at a party with two shy newcomers being welcomed into the circle, A simple children's painting style, naive art, cute, minimalist, colorful crayon drawing, clear definition"
"income"|"Her income isn't enough to cover the rent."|"A worried woman comparing a small stack of coins to a large rent bill on a table, A simple children's painting style, naive art, cute, minimalist, colorful crayon drawing, clear definition"
"increase"|"There was a big increase in prices this month."|"A shopkeeper pointing to a price tag on a shelf with a large upward arrow showing higher cost, A simple children's painting style, naive art, cute, minimalist, colorful crayon drawing, clear definition"
"increased"|"She noticed increased energy after changing her diet."|"A woman jumping energetically in a kitchen surrounded by fresh fruits and vegetables on the counter, A simple children's painting style, naive art, cute, minimalist, colorful crayon drawing, clear definition"
"increasing"|"There's increasing pressure on students to perform well."|"A student at a desk surrounded by growing stacks of books and papers piling up, A simple children's painting style, naive art, cute, minimalist, colorful crayon drawing, clear definition"
"increasingly"|"It's becoming increasingly difficult to find parking downtown."|"A frustrated driver circling a crowded downtown street with no parking spaces available, A simple children's painting style, naive art, cute, minimalist, colorful crayon drawing, clear definition"
"incredible"|"The view from the top was incredible."|"A person standing at a mountain peak with arms wide open looking at a breathtaking landscape below, A simple children's painting style, naive art, cute, minimalist, colorful crayon drawing, clear definition"
"incredibly"|"The movie was incredibly boring."|"A person slumped in a movie theater seat yawning with heavy drooping eyelids, A simple children's painting style, naive art, cute, minimalist, colorful crayon drawing, clear definition"
"indeed"|"It is indeed a very serious problem."|"Two adults standing together looking gravely at a large cracked wall with a warning sign, A simple children's painting style, naive art, cute, minimalist, colorful crayon drawing, clear definition"
"independence"|"She values her independence and lives alone."|"A happy woman sitting alone in a cozy apartment smiling while reading a book, A simple children's painting style, naive art, cute, minimalist, colorful crayon drawing, clear definition"
"independent"|"He's very independent and handles everything on his own."|"A man confidently fixing a shelf cooking and doing laundry all by himself at home, A simple children's painting style, naive art, cute, minimalist, colorful crayon drawing, clear definition"
"index"|"Look up the topic in the index at the back of the book."|"A child opening the last pages of a thick book pointing at an index list of words, A simple children's painting style, naive art, cute, minimalist, colorful crayon drawing, clear definition"
"Indian"|"Indian food is known for its bold spices."|"A table filled with colorful Indian dishes surrounded by vivid spice jars and bowls, A simple children's painting style, naive art, cute, minimalist, colorful crayon drawing, clear definition"
"Indian"|"She's an Indian who moved to the US for college."|"A young Indian woman with luggage smiling in front of an American university building, A simple children's painting style, naive art, cute, minimalist, colorful crayon drawing, clear definition"
"indication"|"There's no indication that the situation will improve soon."|"A person staring at a blank chart on a wall with a question mark and no upward arrow, A simple children's painting style, naive art, cute, minimalist, colorful crayon drawing, clear definition"
"indicator"|"Low energy can be an indicator of poor sleep."|"A tired person slouching at a desk with dark circles and a sleep chart showing poor rest, A simple children's painting style, naive art, cute, minimalist, colorful crayon drawing, clear definition"
"indigenous"|"The museum features indigenous art from the Amazon region."|"Colorful indigenous paintings and crafts displayed on museum walls with Amazon jungle motifs, A simple children's painting style, naive art, cute, minimalist, colorful crayon drawing, clear definition"
"individual"|"Each individual has the right to make their own choices."|"Several different people each standing alone on their own path making different choices, A simple children's painting style, naive art, cute, minimalist, colorful crayon drawing, clear definition"
"individual"|"Each individual student received personalized feedback."|"A teacher handing a different paper with comments to each student sitting at separate desks, A simple children's painting style, naive art, cute, minimalist, colorful crayon drawing, clear definition"
"industrial"|"The city grew quickly during the industrial revolution."|"A city skyline growing rapidly with tall factory smokestacks and busy workers in old times, A simple children's painting style, naive art, cute, minimalist, colorful crayon drawing, clear definition"
"industry"|"She built a career in the music industry."|"A woman standing confidently on a stage holding a microphone in a recording studio setting, A simple children's painting style, naive art, cute, minimalist, colorful crayon drawing, clear definition"
"inevitable"|"Change is inevitable in any growing company."|"A small company building transforming and expanding with workers adding new floors and signs, A simple children's painting style, naive art, cute, minimalist, colorful crayon drawing, clear definition"
"inevitably"|"If you don't rest, you'll inevitably get sick."|"An exhausted person ignoring a bed and then lying sick under blankets in the next scene, A simple children's painting style, naive art, cute, minimalist, colorful crayon drawing, clear definition"
"infant"|"The infant cried every two hours during the night."|"A tiny baby crying in a crib at night while a tired parent checks the clock again, A simple children's painting style, naive art, cute, minimalist, colorful crayon drawing, clear definition"
"infection"|"The doctor said it was a minor ear infection."|"A doctor examining a child's red ear with an otoscope in a bright clinic room, A simple children's painting style, naive art, cute, minimalist, colorful crayon drawing, clear definition"
"inflation"|"Inflation made groceries much more expensive this year."|"A shocked shopper looking at high price tags on grocery items at a supermarket shelf, A simple children's painting style, naive art, cute, minimalist, colorful crayon drawing, clear definition"
"influence"|"Her teacher had a huge influence on her career choice."|"A teacher pointing to career options on a board while a student listens with wide inspired eyes, A simple children's painting style, naive art, cute, minimalist, colorful crayon drawing, clear definition"
"influential"|"He became one of the most influential designers of his generation."|"A designer surrounded by admiring younger designers looking at his celebrated work on display, A simple children's painting style, naive art, cute, minimalist, colorful crayon drawing, clear definition"
"informal"|"The meeting was informal, so we just chatted over coffee."|"A small group of colleagues sitting casually around a table laughing and holding coffee cups, A simple children's painting style, naive art, cute, minimalist, colorful crayon drawing, clear definition"
"information"|"I need more information before I make a decision."|"A person sitting at a desk surrounded by open books and papers looking thoughtful before deciding, A simple children's painting style, naive art, cute, minimalist, colorful crayon drawing, clear definition"
"infrastructure"|"The city needs to invest in better infrastructure."|"A city with crumbling roads and broken bridges while workers hold blueprints for repairs, A simple children's painting style, naive art, cute, minimalist, colorful crayon drawing, clear definition"
"ingredient"|"What's the secret ingredient in this sauce?"|"A chef holding a small mysterious bottle over a bubbling pot with a curious expression, A simple children's painting style, naive art, cute, minimalist, colorful crayon drawing, clear definition"
"inherent"|"There are inherent risks in any surgical procedure."|"A surgeon in an operating room with a caution symbol visible above the operating table, A simple children's painting style, naive art, cute, minimalist, colorful crayon drawing, clear definition"
"initial"|"My initial reaction was complete surprise."|"A person opening a gift box with a huge surprised expression and wide open eyes and mouth, A simple children's painting style, naive art, cute, minimalist, colorful crayon drawing, clear definition"
"initially"|"Initially, I didn't like coffee, but now I love it."|"A person frowning at a coffee cup on the left, then smiling at it on the right, A simple children's painting style, naive art, cute, minimalist, colorful crayon drawing, clear definition"
"initiative"|"She took the initiative and called the client first."|"A confident woman at a desk picking up a phone to make a call first, A simple children's painting style, naive art, cute, minimalist, colorful crayon drawing, clear definition"
"injury"|"He got a knee injury during the game."|"A soccer player sitting on a field holding his injured knee during a game, A simple children's painting style, naive art, cute, minimalist, colorful crayon drawing, clear definition"
"inmate"|"The inmate was released after five years."|"A man in a prison uniform walking out through open jail gates into sunlight, A simple children's painting style, naive art, cute, minimalist, colorful crayon drawing, clear definition"
"inner"|"She kept her inner thoughts to herself."|"A girl with a thought bubble full of images visible only to her, hugging it close, A simple children's painting style, naive art, cute, minimalist, colorful crayon drawing, clear definition"
"innocent"|"The jury found her innocent."|"A woman standing in a courtroom smiling as a jury holds up a not guilty sign, A simple children's painting style, naive art, cute, minimalist, colorful crayon drawing, clear definition"
"innovation"|"This product is a real innovation in the market."|"A glowing new product on a store shelf surrounded by amazed shoppers pointing at it, A simple children's painting style, naive art, cute, minimalist, colorful crayon drawing, clear definition"
"innovative"|"They came up with an innovative solution to the problem."|"A team of people at a whiteboard with a bright lightbulb and a creative diagram, A simple children's painting style, naive art, cute, minimalist, colorful crayon drawing, clear definition"
"input"|"We need your input before we make a decision."|"A group around a table looking at one person speaking and sharing their idea, A simple children's painting style, naive art, cute, minimalist, colorful crayon drawing, clear definition"
"inquiry"|"She made an inquiry about the job opening."|"A woman at a reception desk asking about a job posting on the wall behind the clerk, A simple children's painting style, naive art, cute, minimalist, colorful crayon drawing, clear definition"
"insect"|"There's an insect on your arm."|"A child looking surprised at a small green insect sitting on their arm, A simple children's painting style, naive art, cute, minimalist, colorful crayon drawing, clear definition"
"inside"|"Put the keys inside the drawer."|"A hand placing a set of keys inside an open wooden drawer in a table, A simple children's painting style, naive art, cute, minimalist, colorful crayon drawing, clear definition"
"inside"|"It's raining. Let's go inside."|"Two children running through the rain toward an open front door of a cozy house, A simple children's painting style, naive art, cute, minimalist, colorful crayon drawing, clear definition"
"inside"|"The inside of the car was very clean."|"A view from inside a spotless tidy car showing clean seats and dashboard, A simple children's painting style, naive art, cute, minimalist, colorful crayon drawing, clear definition"
"insight"|"The book gave me great insight into human behavior."|"A person reading a book with lightbulbs and small people figures floating above the pages, A simple children's painting style, naive art, cute, minimalist, colorful crayon drawing, clear definition"
"inspection"|"The restaurant failed the health inspection."|"An inspector with a clipboard frowning and marking an X at a restaurant kitchen, A simple children's painting style, naive art, cute, minimalist, colorful crayon drawing, clear definition"
"inspector"|"The inspector checked every room in the building."|"A uniformed inspector with a clipboard walking through rooms of a building checking each one, A simple children's painting style, naive art, cute, minimalist, colorful crayon drawing, clear definition"
"inspiration"|"Nature is her main source of inspiration."|"A woman sitting outdoors in nature painting on a canvas surrounded by trees and flowers, A simple children's painting style, naive art, cute, minimalist, colorful crayon drawing, clear definition"
"installation"|"The installation of the new software took an hour."|"A person at a computer watching a software loading bar slowly filling on the screen, A simple children's painting style, naive art, cute, minimalist, colorful crayon drawing, clear definition"
"instance"|"In this instance, I think you're right."|"Two people talking at a table with one nodding in agreement pointing to a specific document, A simple children's painting style, naive art, cute, minimalist, colorful crayon drawing, clear definition"
"instant"|"I need an instant answer."|"A person urgently pointing at a clock demanding a quick reply from someone across a desk, A simple children's painting style, naive art, cute, minimalist, colorful crayon drawing, clear definition"
"instant"|"It was ready in an instant."|"A dish appearing on a table in a flash of light with a surprised happy chef nearby, A simple children's painting style, naive art, cute, minimalist, colorful crayon drawing, clear definition"
"instantly"|"She instantly recognized his voice."|"A woman on the phone with a big smile of recognition the moment she hears a voice, A simple children's painting style, naive art, cute, minimalist, colorful crayon drawing, clear definition"
"instead"|"I don't want coffee. I'll have tea instead."|"A person pushing away a coffee cup and reaching happily for a steaming cup of tea, A simple children's painting style, naive art, cute, minimalist, colorful crayon drawing, clear definition"
"instead"|"Instead of driving, we took the subway."|"Two people walking into a subway station with a car left parked outside behind them, A simple children's painting style, naive art, cute, minimalist, colorful crayon drawing, clear definition"
"instinct"|"Her instinct told her something was wrong."|"A woman pausing at a door with a worried expression and a gut feeling thought bubble, A simple children's painting style, naive art, cute, minimalist, colorful crayon drawing, clear definition"
"institution"|"The university is a respected institution in this city."|"A grand university building with students walking in front under a bright blue sky, A simple children's painting style, naive art, cute, minimalist, colorful crayon drawing, clear definition"
"institutional"|"The report revealed serious institutional problems."|"A person holding a report with red warning marks in front of a large official building, A simple children's painting style, naive art, cute, minimalist, colorful crayon drawing, clear definition"
"instruction"|"Read the instructions before using the device."|"A person carefully reading a folded instruction manual next to a new electronic device, A simple children's painting style, naive art, cute, minimalist, colorful crayon drawing, clear definition"
"instructional"|"She created an instructional video for beginners."|"A woman recording herself at a desk explaining steps shown on a whiteboard for beginners, A simple children's painting style, naive art, cute, minimalist, colorful crayon drawing, clear definition"
"instructor"|"The instructor explained the exercise clearly."|"A fitness instructor pointing at a whiteboard with exercise diagrams while students watch, A simple children's painting style, naive art, cute, minimalist, colorful crayon drawing, clear definition"
"instrument"|"He plays three instruments: guitar, piano, and drums."|"A boy playing guitar next to a piano and a drum set in a colorful music room, A simple children's painting style, naive art, cute, minimalist, colorful crayon drawing, clear definition"
"insurance"|"Do you have health insurance?"|"A smiling person handing a health insurance card to a doctor at a clinic reception desk, A simple children's painting style, naive art, cute, minimalist, colorful crayon drawing, clear definition"
"intact"|"The package arrived completely intact."|"A smiling delivery person holding an undamaged brown cardboard box at a front door, A simple children's painting style, naive art, cute, minimalist, colorful crayon drawing, clear definition"
"integrated"|"The new system is fully integrated with our app."|"A computer screen and a smartphone showing connected apps with glowing linking arrows between them, A simple children's painting style, naive art, cute, minimalist, colorful crayon drawing, clear definition"
"integration"|"The integration of the two teams took some time."|"Two groups of office workers gradually merging into one big smiling team around a table, A simple children's painting style, naive art, cute, minimalist, colorful crayon drawing, clear definition"
"integrity"|"He's known for his honesty and integrity."|"A man shaking hands firmly with a smile, a golden star and a heart glowing above him, A simple children's painting style, naive art, cute, minimalist, colorful crayon drawing, clear definition"
"intellectual"|"She enjoys intellectual conversations."|"Two women at a cafe table talking enthusiastically surrounded by floating books and light bulbs, A simple children's painting style, naive art, cute, minimalist, colorful crayon drawing, clear definition"
"intellectual"|"He's considered a leading intellectual in his field."|"A distinguished man at a podium with books and a diploma on the wall behind him, A simple children's painting style, naive art, cute, minimalist, colorful crayon drawing, clear definition"
"intelligence"|"The agency gathered intelligence on the suspect."|"A detective at a desk studying files and photos pinned to a board about a suspect, A simple children's painting style, naive art, cute, minimalist, colorful crayon drawing, clear definition"
"intelligent"|"She's one of the most intelligent students in the class."|"A girl at her school desk raising her hand confidently surrounded by impressed classmates, A simple children's painting style, naive art, cute, minimalist, colorful crayon drawing, clear definition"
"intense"|"The heat was so intense we had to go inside."|"Two children rushing indoors from a blazing sun with heat waves shimmering in the air, A simple children's painting style, naive art, cute, minimalist, colorful crayon drawing, clear definition"
"intensity"|"The intensity of the storm surprised everyone."|"People looking shocked through a window at a violent storm with heavy rain and lightning outside, A simple children's painting style, naive art, cute, minimalist, colorful crayon drawing, clear definition"
"intent"|"His intent was to help, not to cause problems."|"A man smiling and offering a helping hand to someone who has dropped their groceries, A simple children's painting style, naive art, cute, minimalist, colorful crayon drawing, clear definition"
"intention"|"I have no intention of quitting."|"A determined person standing firmly with arms crossed in front of a finish line banner, A simple children's painting style, naive art, cute, minimalist, colorful crayon drawing, clear definition"
"interaction"|"The interaction between the two characters is very funny."|"Two cartoon characters on a stage making each other laugh with exaggerated funny expressions, A simple children's painting style, naive art, cute, minimalist, colorful crayon drawing, clear definition"
"interest"|"She has a strong interest in photography."|"A girl holding a camera up eagerly with photos and photography books spread around her, A simple children's painting style, naive art, cute, minimalist, colorful crayon drawing, clear definition"
"interested"|"Are you interested in joining the project?"|"A person leaning forward with wide curious eyes while someone presents a project on a board, A simple children's painting style, naive art, cute, minimalist, colorful crayon drawing, clear definition"
"interesting"|"That's a really interesting idea."|"A person sharing an idea with a glowing light bulb above while a friend listens with wide amazed eyes, A simple children's painting style, naive art, cute, minimalist, colorful crayon drawing, clear definition"
"interior"|"The interior of the house needs painting."|"A person standing inside a house looking at bare unpainted walls holding a paint roller, A simple children's painting style, naive art, cute, minimalist, colorful crayon drawing, clear definition"
"interior"|"The interior of the car needs cleaning."|"A person leaning inside a messy car with a cloth cleaning the seats and dashboard, A simple children's painting style, naive art, cute, minimalist, colorful crayon drawing, clear definition"
"internal"|"She had some internal bleeding after the fall."|"A doctor pointing to an X-ray image on a screen showing the inside of a body after a fall, A simple children's painting style, naive art, cute, minimalist, colorful crayon drawing, clear definition"
"international"|"She got a job at an international company."|"A woman smiling at a desk in a modern office with flags from many countries on the wall, A simple children's painting style, naive art, cute, minimalist, colorful crayon drawing, clear definition"
"Internet"|"I pay most of my bills on the Internet."|"A person sitting at a laptop paying bills online with utility bill icons on the screen, A simple children's painting style, naive art, cute, minimalist, colorful crayon drawing, clear definition"
"interpretation"|"His interpretation of the song was beautiful."|"A man singing on a stage with eyes closed and hands on his heart moving the audience, A simple children's painting style, naive art, cute, minimalist, colorful crayon drawing, clear definition"
"interval"|"There's a ten-minute interval between the two sets."|"Concert audience chatting and stretching in a theater lobby during a break between two performances, A simple children's painting style, naive art, cute, minimalist, colorful crayon drawing, clear definition"
"intervention"|"The doctor said early intervention is key."|"A doctor talking to a patient early in a clinic visit with a calendar showing an early date, A simple children's painting style, naive art, cute, minimalist, colorful crayon drawing, clear definition"
"interview"|"She has a job interview tomorrow morning."|"A nervous woman in smart clothes sitting across from an interviewer at an office desk, A simple children's painting style, naive art, cute, minimalist, colorful crayon drawing, clear definition"
"intimate"|"They had an intimate dinner at home."|"A couple sharing a candlelit dinner at a small table set for two inside a cozy home, A simple children's painting style, naive art, cute, minimalist, colorful crayon drawing, clear definition"
"into"|"She walked into the room quietly."|"A woman tiptoeing carefully through an open doorway into a softly lit quiet room, A simple children's painting style, naive art, cute, minimalist, colorful crayon drawing, clear definition"
"introduction"|"The introduction of the book explains everything."|"A child opening a book to the first page titled Introduction, reading at a desk, A simple children's painting style, naive art, cute, minimalist, colorful crayon drawing, clear definition"
"invasion"|"The invasion caused widespread destruction."|"A army of soldiers marching into a town leaving broken buildings behind them, A simple children's painting style, naive art, cute, minimalist, colorful crayon drawing, clear definition"
"invention"|"The invention of the telephone changed everything."|"A happy inventor holding up the very first telephone in a cluttered workshop, A simple children's painting style, naive art, cute, minimalist, colorful crayon drawing, clear definition"
"inventory"|"We need to do a full inventory this weekend."|"Two workers counting boxes on warehouse shelves and writing on clipboards, A simple children's painting style, naive art, cute, minimalist, colorful crayon drawing, clear definition"
"investigation"|"The police opened an investigation into the case."|"A police officer at a desk opening a case file with a magnifying glass nearby, A simple children's painting style, naive art, cute, minimalist, colorful crayon drawing, clear definition"
"investigator"|"The investigator interviewed all the witnesses."|"A serious investigator sitting across from a witness at a table taking notes, A simple children's painting style, naive art, cute, minimalist, colorful crayon drawing, clear definition"
"investment"|"Buying that house was a smart investment."|"A smiling couple standing proudly in front of a house with a sold sign, A simple children's painting style, naive art, cute, minimalist, colorful crayon drawing, clear definition"
"investor"|"The investor put money into several startups."|"A businessperson handing bags of money to small startup teams at different desks, A simple children's painting style, naive art, cute, minimalist, colorful crayon drawing, clear definition"
"invisible"|"The stain is almost invisible on dark fabric."|"A person holding up a dark piece of cloth squinting to find a nearly invisible stain, A simple children's painting style, naive art, cute, minimalist, colorful crayon drawing, clear definition"
"invitation"|"Did you get the invitation to her wedding?"|"A person holding an elegant wedding invitation envelope with a big smile, A simple children's painting style, naive art, cute, minimalist, colorful crayon drawing, clear definition"
"involved"|"He's involved in a big project at work."|"A man surrounded by coworkers at a large table covered in project plans and charts, A simple children's painting style, naive art, cute, minimalist, colorful crayon drawing, clear definition"
"involvement"|"Her involvement in the community is inspiring."|"A woman organizing a community event with neighbors planting trees in a park, A simple children's painting style, naive art, cute, minimalist, colorful crayon drawing, clear definition"
"Iraqi"|"The Iraqi capital is Baghdad."|"A colorful illustrated map highlighting Iraq with Baghdad marked by a bright star, A simple children's painting style, naive art, cute, minimalist, colorful crayon drawing, clear definition"
"Irish"|"She has an Irish accent."|"A red-haired woman in Ireland speaking cheerfully with rolling green hills behind her, A simple children's painting style, naive art, cute, minimalist, colorful crayon drawing, clear definition"
"iron"|"Could you pass me the iron? My shirt is wrinkled."|"A person handing a clothes iron to someone holding a wrinkled shirt on an ironing board, A simple children's painting style, naive art, cute, minimalist, colorful crayon drawing, clear definition"
"ironically"|"Ironically, the fire station burned down."|"A fire station building on fire while firefighters stand outside looking surprised, A simple children's painting style, naive art, cute, minimalist, colorful crayon drawing, clear definition"
"irony"|"The irony is that he was afraid of dogs and adopted three."|"A frightened man surrounded by three happy dogs he just adopted sitting on his lap, A simple children's painting style, naive art, cute, minimalist, colorful crayon drawing, clear definition"
"Islam"|"Islam is one of the world's major religions."|"A beautiful mosque with a crescent moon and star symbol glowing under a colorful sky, A simple children's painting style, naive art, cute, minimalist, colorful crayon drawing, clear definition"
"Islamic"|"They visited an Islamic cultural center."|"Two tourists smiling outside a decorated Islamic cultural center with ornate arched doors, A simple children's painting style, naive art, cute, minimalist, colorful crayon drawing, clear definition"
"island"|"We spent a week on a small island."|"Two happy people relaxing on a tiny tropical island surrounded by bright blue water, A simple children's painting style, naive art, cute, minimalist, colorful crayon drawing, clear definition"
"isolated"|"The cabin is isolated from the nearest town."|"A small wooden cabin alone in the middle of a vast forest far from any town, A simple children's painting style, naive art, cute, minimalist, colorful crayon drawing, clear definition"
"isolation"|"Long isolation can affect your mental health."|"A sad person sitting alone in an empty room with windows showing a sunny world outside, A simple children's painting style, naive art, cute, minimalist, colorful crayon drawing, clear definition"
"Israeli"|"The Israeli team won the match."|"A soccer team in blue and white jerseys celebrating a victory on a sports field, A simple children's painting style, naive art, cute, minimalist, colorful crayon drawing, clear definition"
"Israeli"|"Two Israelis were at the conference."|"Two people wearing name badges standing together at a conference room presentation table, A simple children's painting style, naive art, cute, minimalist, colorful crayon drawing, clear definition"
"issue"|"Money is the main issue in their relationship."|"A couple sitting at a table looking stressed with empty wallets and unpaid bills between them, A simple children's painting style, naive art, cute, minimalist, colorful crayon drawing, clear definition"
"it"|"It is raining outside."|"A rainy window with heavy raindrops streaming down the glass and dark clouds outside, A simple children's painting style, naive art, cute, minimalist, colorful crayon drawing, clear definition"
"Italian"|"She loves Italian food, especially pasta."|"A happy woman twirling a fork full of pasta at a table with Italian food around her, A simple children's painting style, naive art, cute, minimalist, colorful crayon drawing, clear definition"
"item"|"There's one more item on the shopping list."|"A person looking at a shopping list with one last item circled inside a grocery store, A simple children's painting style, naive art, cute, minimalist, colorful crayon drawing, clear definition"
"its"|"The dog wagged its tail."|"A happy dog wagging its fluffy tail enthusiastically while standing on a green lawn, A simple children's painting style, naive art, cute, minimalist, colorful crayon drawing, clear definition"
"itself"|"The cat cleaned itself after eating."|"A cat sitting beside an empty food bowl carefully licking its paw to clean itself, A simple children's painting style, naive art, cute, minimalist, colorful crayon drawing, clear definition"
"jacket"|"Don't forget your jacket — it's cold outside."|"A child grabbing a jacket from a hook near a door while snow falls outside, A simple children's painting style, naive art, cute, minimalist, colorful crayon drawing, clear definition"
"jail"|"He spent two years in jail."|"A sad man sitting inside a jail cell with iron bars and a small window, A simple children's painting style, naive art, cute, minimalist, colorful crayon drawing, clear definition"
"Japanese"|"She's studying Japanese cooking techniques."|"A woman reading a cookbook with Japanese symbols while preparing food in a kitchen, A simple children's painting style, naive art, cute, minimalist, colorful crayon drawing, clear definition"
"Japanese"|"Two Japanese were sitting next to us on the flight."|"Two smiling Japanese passengers sitting in airplane seats next to another passenger, A simple children's painting style, naive art, cute, minimalist, colorful crayon drawing, clear definition"
"jar"|"There's a jar of peanut butter in the cabinet."|"A glass jar of peanut butter sitting inside an open kitchen cabinet, A simple children's painting style, naive art, cute, minimalist, colorful crayon drawing, clear definition"
"jaw"|"She broke her jaw in the accident."|"A woman at a hospital with a bandaged jaw looking sad after an accident, A simple children's painting style, naive art, cute, minimalist, colorful crayon drawing, clear definition"
"jazz"|"They listened to jazz at a small bar downtown."|"Two people sitting at a cozy bar listening to a jazz musician playing trumpet on stage, A simple children's painting style, naive art, cute, minimalist, colorful crayon drawing, clear definition"
"jeans"|"He always wears jeans to work on Fridays."|"A smiling man in blue jeans walking into an office building on a sunny Friday, A simple children's painting style, naive art, cute, minimalist, colorful crayon drawing, clear definition"
"jet"|"They took a private jet to Los Angeles."|"Two people boarding a sleek white private jet on a sunny airport runway, A simple children's painting style, naive art, cute, minimalist, colorful crayon drawing, clear definition"
"Jew"|"Her grandmother was a Jew who survived the war."|"An elderly grandmother showing a family photo to her grandchild in a warm living room, A simple children's painting style, naive art, cute, minimalist, colorful crayon drawing, clear definition"
"jewelry"|"She wore gold jewelry to the wedding."|"A smiling woman wearing gold necklace and earrings at a festive wedding ceremony, A simple children's painting style, naive art, cute, minimalist, colorful crayon drawing, clear definition"
"Jewish"|"My neighbor celebrates Jewish holidays."|"A neighbor lighting a menorah in a window during a festive Jewish holiday celebration, A simple children's painting style, naive art, cute, minimalist, colorful crayon drawing, clear definition"
"job"|"She finally got a job at the hospital."|"A happy woman in scrubs arriving at a hospital entrance on her first day of work, A simple children's painting style, naive art, cute, minimalist, colorful crayon drawing, clear definition"
"joint"|"It was a joint decision between the two teams."|"Two teams of people gathered around a table shaking hands after deciding together, A simple children's painting style, naive art, cute, minimalist, colorful crayon drawing, clear definition"
"joke"|"That joke made everyone laugh."|"A person telling a joke while a group of friends burst out laughing together, A simple children's painting style, naive art, cute, minimalist, colorful crayon drawing, clear definition"
"journal"|"She writes in her journal every night."|"A girl sitting in bed writing in a journal by lamplight at night, A simple children's painting style, naive art, cute, minimalist, colorful crayon drawing, clear definition"
"journalism"|"He studied journalism at college."|"A young man in a college classroom taking notes while a journalism professor lectures, A simple children's painting style, naive art, cute, minimalist, colorful crayon drawing, clear definition"
"journalist"|"The journalist interviewed the mayor."|"A journalist holding a microphone and notepad interviewing a mayor outside city hall, A simple children's painting style, naive art, cute, minimalist, colorful crayon drawing, clear definition"
"journey"|"The journey took three days by train."|"A train traveling through countryside scenery with a calendar showing three days marked, A simple children's painting style, naive art, cute, minimalist, colorful crayon drawing, clear definition"
"joy"|"Her face was full of joy."|"A girl with a wide beaming smile and bright sparkling eyes radiating pure happiness, A simple children's painting style, naive art, cute, minimalist, colorful crayon drawing, clear definition"
"judge"|"The judge read the verdict aloud."|"A judge in black robes standing at a courtroom bench reading a paper aloud, A simple children's painting style, naive art, cute, minimalist, colorful crayon drawing, clear definition"
"judgment"|"That was a poor judgment on his part."|"A man looking regretful while watching a bad outcome result from his wrong decision, A simple children's painting style, naive art, cute, minimalist, colorful crayon drawing, clear definition"
"judicial"|"The judicial system needs reform."|"A courthouse building with scales of justice symbol and people gathered outside discussing change, A simple children's painting style, naive art, cute, minimalist, colorful crayon drawing, clear definition"
"juice"|"Can I have a glass of orange juice?"|"A child reaching across a breakfast table asking for a tall glass of orange juice, A simple children's painting style, naive art, cute, minimalist, colorful crayon drawing, clear definition"
"jump"|"The jump scared everyone in the room."|"A person leaping suddenly while everyone else in the room flinches with startled expressions, A simple children's painting style, naive art, cute, minimalist, colorful crayon drawing, clear definition"
"jungle"|"They hiked through the jungle for hours."|"Two explorers with backpacks hiking through a dense green tropical jungle, A simple children's painting style, naive art, cute, minimalist, colorful crayon drawing, clear definition"
"junior"|"He is a junior employee at the company."|"A young man in a suit carrying a stack of files at his first office job, A simple children's painting style, naive art, cute, minimalist, colorful crayon drawing, clear definition"
"jurisdiction"|"This crime falls under federal jurisdiction."|"A federal agent in uniform standing outside a courthouse holding official government documents, A simple children's painting style, naive art, cute, minimalist, colorful crayon drawing, clear definition"
"juror"|"One juror was dismissed from the case."|"A person in a suit standing up and leaving a jury box inside a courtroom, A simple children's painting style, naive art, cute, minimalist, colorful crayon drawing, clear definition"
"jury"|"The jury reached a verdict after two days."|"A group of jurors seated in a jury box as one stands to announce their verdict, A simple children's painting style, naive art, cute, minimalist, colorful crayon drawing, clear definition"
"just"|"She just got home from work."|"A tired woman in work clothes opening her front door and stepping inside, A simple children's painting style, naive art, cute, minimalist, colorful crayon drawing, clear definition"
"just"|"It's not just to punish someone without proof."|"A sad person behind bars while a judge shakes his head holding no evidence, A simple children's painting style, naive art, cute, minimalist, colorful crayon drawing, clear definition"
"justice"|"Everyone deserves justice."|"A judge holding balanced scales in a bright courtroom with diverse people watching, A simple children's painting style, naive art, cute, minimalist, colorful crayon drawing, clear definition"
"key"|"Good sleep is key to staying healthy."|"A glowing golden key placed next to a person sleeping peacefully in bed, A simple children's painting style, naive art, cute, minimalist, colorful crayon drawing, clear definition"
"key"|"I left my key inside the car."|"A person looking through a car window at a key sitting on the seat inside, A simple children's painting style, naive art, cute, minimalist, colorful crayon drawing, clear definition"
"kid"|"Their kid starts school next week."|"A small child wearing a backpack standing in front of a colorful school building, A simple children's painting style, naive art, cute, minimalist, colorful crayon drawing, clear definition"
"killer"|"Police are searching for the killer."|"Two police officers with flashlights searching a dark street looking for a suspect, A simple children's painting style, naive art, cute, minimalist, colorful crayon drawing, clear definition"
"killing"|"The killing shocked the whole community."|"A crowd of shocked townspeople gathered together in a town square looking distressed, A simple children's painting style, naive art, cute, minimalist, colorful crayon drawing, clear definition"
"kind"|"What kind of music do you like?"|"A person surrounded by floating icons of different music genres looking thoughtfully curious, A simple children's painting style, naive art, cute, minimalist, colorful crayon drawing, clear definition"
"kind"|"She spoke kind of quietly."|"A girl leaning toward a friend whispering softly with a small shy smile, A simple children's painting style, naive art, cute, minimalist, colorful crayon drawing, clear definition"
"king"|"The king ruled the country for forty years."|"A crowned king sitting on a throne holding a scepter in a grand castle hall, A simple children's painting style, naive art, cute, minimalist, colorful crayon drawing, clear definition"
"kingdom"|"The kingdom was known for its wealth."|"A grand castle surrounded by gold coins and lush green fields under a bright sky, A simple children's painting style, naive art, cute, minimalist, colorful crayon drawing, clear definition"
"kiss"|"She gave her daughter a kiss before bed."|"A mother leaning down to kiss her daughter on the forehead near a cozy bed, A simple children's painting style, naive art, cute, minimalist, colorful crayon drawing, clear definition"
"kit"|"There's a first aid kit in the bathroom."|"A white first aid kit with a red cross sitting on a bathroom shelf, A simple children's painting style, naive art, cute, minimalist, colorful crayon drawing, clear definition"
"kitchen"|"The smell from the kitchen is amazing."|"Wavy smell lines drifting from a pot on a stove through an open kitchen doorway, A simple children's painting style, naive art, cute, minimalist, colorful crayon drawing, clear definition"
"knee"|"He hurt his knee playing soccer."|"A boy sitting on a soccer field holding his knee with a pained expression, A simple children's painting style, naive art, cute, minimalist, colorful crayon drawing, clear definition"
"knife"|"Be careful with that knife."|"A child reaching toward a large kitchen knife while an adult holds out a warning hand, A simple children's painting style, naive art, cute, minimalist, colorful crayon drawing, clear definition"
"knowledge"|"She has a deep knowledge of history."|"A woman standing confidently beside tall stacks of history books with a glowing brain, A simple children's painting style, naive art, cute, minimalist, colorful crayon drawing, clear definition"
"known"|"He is known for his honesty."|"A smiling man shaking hands with many people who all give him thumbs up, A simple children's painting style, naive art, cute, minimalist, colorful crayon drawing, clear definition"
"Korean"|"She is learning Korean food recipes."|"A woman reading a recipe book with Korean dishes and ingredients spread on a table, A simple children's painting style, naive art, cute, minimalist, colorful crayon drawing, clear definition"
"lab"|"The students ran tests in the lab."|"Students in goggles and lab coats running experiments at a table full of colorful flasks, A simple children's painting style, naive art, cute, minimalist, colorful crayon drawing, clear definition"
"label"|"Check the label before you wash it."|"A person holding up a shirt and reading the small label tag on the inside collar, A simple children's painting style, naive art, cute, minimalist, colorful crayon drawing, clear definition"
"labor"|"Building the bridge required months of labor."|"Workers in hard hats lifting beams and hammering bolts on a large bridge under construction, A simple children's painting style, naive art, cute, minimalist, colorful crayon drawing, clear definition"
"laboratory"|"Scientists work long hours in the laboratory."|"Two scientists in white coats examining glowing test tubes inside a bright laboratory at night, A simple children's painting style, naive art, cute, minimalist, colorful crayon drawing, clear definition"
"lack"|"The project failed due to a lack of funding."|"A wilting project poster on a wall next to an empty piggy bank with no coins, A simple children's painting style, naive art, cute, minimalist, colorful crayon drawing, clear definition"
"ladder"|"He climbed the ladder to reach the roof."|"A man climbing a tall wooden ladder leaning against the side of a house toward the roof, A simple children's painting style, naive art, cute, minimalist, colorful crayon drawing, clear definition"
"lady"|"A kind lady helped me find the exit."|"A smiling woman pointing toward an exit sign while a grateful person stands beside her, A simple children's painting style, naive art, cute, minimalist, colorful crayon drawing, clear definition"
"lake"|"We went swimming in the lake."|"Two children splashing and swimming happily in a calm blue lake surrounded by green trees, A simple children's painting style, naive art, cute, minimalist, colorful crayon drawing, clear definition"
"lamp"|"Turn off the lamp before you sleep."|"A child reaching to switch off a glowing bedside lamp while lying in a cozy bed, A simple children's painting style, naive art, cute, minimalist, colorful crayon drawing, clear definition"
"land"|"The plane is about to land."|"A passenger airplane descending toward a runway with wheels down and airport buildings below, A simple children's painting style, naive art, cute, minimalist, colorful crayon drawing, clear definition"
"landing"|"The plane made a smooth landing."|"A large airplane touching down smoothly on a runway with a clear blue sky, A simple children's painting style, naive art, cute, minimalist, colorful crayon drawing, clear definition"
"landmark"|"The Statue of Liberty is a famous landmark."|"The Statue of Liberty standing tall on its island with tourists looking up at it, A simple children's painting style, naive art, cute, minimalist, colorful crayon drawing, clear definition"
"landscape"|"The mountain landscape was breathtaking."|"A wide view of tall green mountains with snowy peaks under a bright blue sky, A simple children's painting style, naive art, cute, minimalist, colorful crayon drawing, clear definition"
"lane"|"Stay in your lane on the highway."|"A car driving inside a marked lane on a wide highway with dashed lines visible, A simple children's painting style, naive art, cute, minimalist, colorful crayon drawing, clear definition"
"language"|"She speaks three languages fluently."|"A smiling woman with three speech bubbles showing different country flags around her, A simple children's painting style, naive art, cute, minimalist, colorful crayon drawing, clear definition"
"lap"|"The cat curled up on her lap."|"A woman sitting on a couch with a fluffy cat curled up sleeping on her lap, A simple children's painting style, naive art, cute, minimalist, colorful crayon drawing, clear definition"
"large"|"They live in a large house."|"A family standing in front of a very large two-story house with a big yard, A simple children's painting style, naive art, cute, minimalist, colorful crayon drawing, clear definition"
"largely"|"The project was largely successful."|"A team of smiling people celebrating in front of a presentation board showing a completed project, A simple children's painting style, naive art, cute, minimalist, colorful crayon drawing, clear definition"
"laser"|"The doctor used a laser to remove the scar."|"A doctor pointing a glowing laser beam at a patient's arm in a medical clinic, A simple children's painting style, naive art, cute, minimalist, colorful crayon drawing, clear definition"
"last"|"December is the last month of the year."|"A calendar showing December highlighted at the very end of a twelve-month year, A simple children's painting style, naive art, cute, minimalist, colorful crayon drawing, clear definition"
"last"|"She arrived last at the party."|"A woman walking through a party door while everyone else is already inside celebrating, A simple children's painting style, naive art, cute, minimalist, colorful crayon drawing, clear definition"
"late"|"He was late for the meeting."|"A man running with a briefcase toward a conference room where people wait inside, A simple children's painting style, naive art, cute, minimalist, colorful crayon drawing, clear definition"
"late"|"She arrived late to class."|"A girl rushing through a classroom door while the teacher and students are already seated, A simple children's painting style, naive art, cute, minimalist, colorful crayon drawing, clear definition"
"lately"|"I haven't been sleeping well lately."|"A person lying awake in bed at night staring at the ceiling with tired eyes, A simple children's painting style, naive art, cute, minimalist, colorful crayon drawing, clear definition"
"later"|"I'll call you later."|"A person holding a phone and waving goodbye with a clock showing a later hour nearby, A simple children's painting style, naive art, cute, minimalist, colorful crayon drawing, clear definition"
"later"|"We can discuss this at a later time."|"Two people at a table pointing to a future date on a wall calendar together, A simple children's painting style, naive art, cute, minimalist, colorful crayon drawing, clear definition"
"Latin"|"She studied Latin American history in college."|"A young woman reading a book with a map of Latin America on the cover in a library, A simple children's painting style, naive art, cute, minimalist, colorful crayon drawing, clear definition"
"latter"|"I prefer the latter option."|"A person pointing to the second of two options written on a chalkboard choosing it, A simple children's painting style, naive art, cute, minimalist, colorful crayon drawing, clear definition"
"laugh"|"His laugh filled the whole room."|"A boy laughing loudly with his mouth wide open while people around him smile, A simple children's painting style, naive art, cute, minimalist, colorful crayon drawing, clear definition"
"laughter"|"Laughter is the best medicine."|"A group of people laughing together with a bright glowing heart above them all, A simple children's painting style, naive art, cute, minimalist, colorful crayon drawing, clear definition"
"launch"|"The product launch was a huge success."|"A crowd of excited people at a stage where a new product is being unveiled with confetti, A simple children's painting style, naive art, cute, minimalist, colorful crayon drawing, clear definition"
"laundry"|"I need to do the laundry today."|"A person loading a pile of dirty clothes into a washing machine in a laundry room, A simple children's painting style, naive art, cute, minimalist, colorful crayon drawing, clear definition"
"law"|"There's a law against texting while driving."|"A driver holding a phone with a big red X sign and a police officer watching nearby, A simple children's painting style, naive art, cute, minimalist, colorful crayon drawing, clear definition"
"lawmaker"|"The lawmaker proposed a new bill."|"A suited person standing at a podium holding up a document labeled bill in a grand hall, A simple children's painting style, naive art, cute, minimalist, colorful crayon drawing, clear definition"
"lawn"|"He mows the lawn every Saturday."|"A man pushing a red lawnmower across a green grassy yard on a sunny Saturday, A simple children's painting style, naive art, cute, minimalist, colorful crayon drawing, clear definition"
"lawsuit"|"She filed a lawsuit against the company."|"A woman handing legal papers to a judge inside a courtroom with a company logo visible, A simple children's painting style, naive art, cute, minimalist, colorful crayon drawing, clear definition"
"lawyer"|"I need to talk to a lawyer."|"A person sitting across a desk from a lawyer in a suit surrounded by law books, A simple children's painting style, naive art, cute, minimalist, colorful crayon drawing, clear definition"
"layer"|"Add another layer of cheese on top."|"A hand sprinkling a thick layer of melted cheese over a dish already covered in cheese, A simple children's painting style, naive art, cute, minimalist, colorful crayon drawing, clear definition"
"lead"|"She took the lead in the project."|"A confident woman standing at the front of a team pointing at a project plan on a board, A simple children's painting style, naive art, cute, minimalist, colorful crayon drawing, clear definition"
"leader"|"She is a strong leader."|"A tall confident woman standing in front of a group of people following her forward, A simple children's painting style, naive art, cute, minimalist, colorful crayon drawing, clear definition"
"leadership"|"Good leadership can change a company."|"A confident leader standing at the front of a group of workers in an office, A simple children's painting style, naive art, cute, minimalist, colorful crayon drawing, clear definition"
"leading"|"He is one of the leading scientists in the field."|"A scientist in a lab coat standing at the front of a group of researchers holding trophies, A simple children's painting style, naive art, cute, minimalist, colorful crayon drawing, clear definition"
"leaf"|"A red leaf fell from the tree."|"A single bright red leaf falling from a tall tree toward the ground, A simple children's painting style, naive art, cute, minimalist, colorful crayon drawing, clear definition"
"league"|"His team won the league this year."|"A soccer team holding a large trophy on a field with a league banner above them, A simple children's painting style, naive art, cute, minimalist, colorful crayon drawing, clear definition"
"learning"|"Learning a new skill takes time."|"A child sitting at a desk concentrating while practicing writing or drawing step by step, A simple children's painting style, naive art, cute, minimalist, colorful crayon drawing, clear definition"
"least"|"I like this one the least."|"A child frowning and pointing at one toy while smiling at two others on a shelf, A simple children's painting style, naive art, cute, minimalist, colorful crayon drawing, clear definition"
"leather"|"His leather jacket looks great."|"A smiling man wearing a shiny brown leather jacket standing proudly, A simple children's painting style, naive art, cute, minimalist, colorful crayon drawing, clear definition"
"leave"|"How many days of leave do you have left?"|"A worker at a desk looking at a calendar counting remaining vacation days marked on it, A simple children's painting style, naive art, cute, minimalist, colorful crayon drawing, clear definition"
"lecture"|"The professor gave a long lecture."|"A professor standing at a chalkboard speaking to a full classroom of attentive students, A simple children's painting style, naive art, cute, minimalist, colorful crayon drawing, clear definition"
"left"|"Turn at the next left corner."|"A person driving a car turning left at a street corner with an arrow sign, A simple children's painting style, naive art, cute, minimalist, colorful crayon drawing, clear definition"
"leg"|"He broke his leg playing soccer."|"A boy sitting on a soccer field holding his injured leg with a cast on it, A simple children's painting style, naive art, cute, minimalist, colorful crayon drawing, clear definition"
"legacy"|"Her legacy will be remembered for years."|"A statue of a woman in a town square with people gathered around looking up admiringly, A simple children's painting style, naive art, cute, minimalist, colorful crayon drawing, clear definition"
"legal"|"Is it legal to park here?"|"A driver standing beside a parked car looking at a parking sign with a question mark, A simple children's painting style, naive art, cute, minimalist, colorful crayon drawing, clear definition"
"legally"|"You are legally required to wear a seatbelt."|"A driver in a car buckling a seatbelt with a law book and checkmark visible nearby, A simple children's painting style, naive art, cute, minimalist, colorful crayon drawing, clear definition"
"legend"|"He became a legend in the sport."|"A celebrated athlete on a podium surrounded by cheering fans holding a golden trophy, A simple children's painting style, naive art, cute, minimalist, colorful crayon drawing, clear definition"
"legislation"|"New legislation was passed last week."|"Politicians in a chamber raising hands to vote on a large official document on a podium, A simple children's painting style, naive art, cute, minimalist, colorful crayon drawing, clear definition"
"legislative"|"The legislative process can be slow."|"A long winding road leading to a government building with many steps and hurdles along the way, A simple children's painting style, naive art, cute, minimalist, colorful crayon drawing, clear definition"
"legislator"|"The legislator voted against the bill."|"A suited legislator at a voting desk pressing a red no button in a parliament chamber, A simple children's painting style, naive art, cute, minimalist, colorful crayon drawing, clear definition"
"legislature"|"The legislature meets every month."|"A group of officials sitting in a semicircle chamber around a central podium for a monthly meeting, A simple children's painting style, naive art, cute, minimalist, colorful crayon drawing, clear definition"
"legitimate"|"That's a legitimate concern."|"A person raising their hand at a meeting table while others nod in agreement around them, A simple children's painting style, naive art, cute, minimalist, colorful crayon drawing, clear definition"
"lemon"|"Can I have a slice of lemon in my water?"|"A hand dropping a bright yellow lemon slice into a clear glass of water, A simple children's painting style, naive art, cute, minimalist, colorful crayon drawing, clear definition"
"length"|"What's the length of the table?"|"A person holding a measuring tape along the full length of a long wooden table, A simple children's painting style, naive art, cute, minimalist, colorful crayon drawing, clear definition"
"lens"|"I cracked the lens on my glasses."|"A pair of eyeglasses lying on a table with a visible crack across one lens, A simple children's painting style, naive art, cute, minimalist, colorful crayon drawing, clear definition"
"less"|"I've been sleeping less lately."|"A tired person lying in bed with eyes open and a clock on the nightstand showing few hours slept, A simple children's painting style, naive art, cute, minimalist, colorful crayon drawing, clear definition"
"less"|"We have less time than I thought."|"Two people looking anxiously at a clock on the wall with very little time remaining on it, A simple children's painting style, naive art, cute, minimalist, colorful crayon drawing, clear definition"
"lesson"|"The piano lesson lasts one hour."|"A child sitting at a piano with a teacher beside them and a clock showing one hour on the wall, A simple children's painting style, naive art, cute, minimalist, colorful crayon drawing, clear definition"
"letter"|"She got a letter in the mail today."|"A smiling woman standing at her mailbox holding an envelope she just received, A simple children's painting style, naive art, cute, minimalist, colorful crayon drawing, clear definition"
"level"|"The water level is rising."|"A river with a marked gauge showing water rising higher and higher up the pole, A simple children's painting style, naive art, cute, minimalist, colorful crayon drawing, clear definition"
"level"|"Make sure the shelf is level before you screw it in."|"A person holding a spirit level tool against a wall shelf checking it is perfectly horizontal, A simple children's painting style, naive art, cute, minimalist, colorful crayon drawing, clear definition"
"liability"|"The company denied any liability for the accident."|"A suited businessperson crossing their arms in front of a crashed car with a no sign overlay, A simple children's painting style, naive art, cute, minimalist, colorful crayon drawing, clear definition"
"liberal"|"She has very liberal views on education."|"A smiling woman at a chalkboard surrounded by children learning freely in an open colorful classroom, A simple children's painting style, naive art, cute, minimalist, colorful crayon drawing, clear definition"
"liberal"|"He's always been a liberal."|"A man holding a sign with a dove and rainbow at a peaceful outdoor rally with crowd, A simple children's painting style, naive art, cute, minimalist, colorful crayon drawing, clear definition"
"liberty"|"Freedom of speech is a fundamental liberty."|"A person standing on a soapbox speaking to a crowd in an open sunny town square, A simple children's painting style, naive art, cute, minimalist, colorful crayon drawing, clear definition"
"library"|"I returned the books to the library."|"A child placing a stack of books on a library front desk with shelves behind, A simple children's painting style, naive art, cute, minimalist, colorful crayon drawing, clear definition"
"license"|"He lost his driver's license after the accident."|"A sad man holding a torn drivers license next to a dented car on a road, A simple children's painting style, naive art, cute, minimalist, colorful crayon drawing, clear definition"
"lid"|"Can you put the lid back on the pot?"|"A child placing a round lid back onto a steaming pot on a kitchen stove, A simple children's painting style, naive art, cute, minimalist, colorful crayon drawing, clear definition"
"lie"|"Everything he told her was a lie."|"A boy with a long Pinocchio nose talking to a surprised girl in a living room, A simple children's painting style, naive art, cute, minimalist, colorful crayon drawing, clear definition"
"life"|"She dedicated her life to helping others."|"A smiling woman surrounded by people she is helping in a warm sunny community setting, A simple children's painting style, naive art, cute, minimalist, colorful crayon drawing, clear definition"
"lifestyle"|"Moving to the countryside changed his lifestyle completely."|"A man happily gardening outside a cozy rural cottage surrounded by green fields and animals, A simple children's painting style, naive art, cute, minimalist, colorful crayon drawing, clear definition"
"lifetime"|"This is a once-in-a-lifetime opportunity."|"A person standing at a glowing golden door marked with a star and exclamation point, A simple children's painting style, naive art, cute, minimalist, colorful crayon drawing, clear definition"
"light"|"The light in this room is too dim."|"A person squinting in a dark living room under a very dim flickering ceiling lamp, A simple children's painting style, naive art, cute, minimalist, colorful crayon drawing, clear definition"
"light"|"This bag is surprisingly light."|"A child easily lifting a large bag with one finger and looking very surprised and happy, A simple children's painting style, naive art, cute, minimalist, colorful crayon drawing, clear definition"
"light"|"We arrived light on supplies."|"A group of hikers arriving at a campsite with nearly empty small backpacks looking worried, A simple children's painting style, naive art, cute, minimalist, colorful crayon drawing, clear definition"
"lighting"|"The lighting at the restaurant was very romantic."|"A couple dining at a table under warm soft candle and fairy lights in a cozy restaurant, A simple children's painting style, naive art, cute, minimalist, colorful crayon drawing, clear definition"
"lightly"|"She tapped him lightly on the shoulder."|"A smiling girl gently touching a boys shoulder with one finger outdoors on a sunny day, A simple children's painting style, naive art, cute, minimalist, colorful crayon drawing, clear definition"
"lightning"|"We saw lightning in the distance."|"Two children watching bright lightning bolts striking a dark cloudy sky far on the horizon, A simple children's painting style, naive art, cute, minimalist, colorful crayon drawing, clear definition"
"like"|"She looks just like her mother."|"A girl and her mother standing side by side with identical faces and hair smiling, A simple children's painting style, naive art, cute, minimalist, colorful crayon drawing, clear definition"
"like"|"It feels like it's going to rain."|"A person looking up at dark heavy clouds while wind blows leaves across a street, A simple children's painting style, naive art, cute, minimalist, colorful crayon drawing, clear definition"
"like"|"They have like interests in music."|"Two friends sitting together happily listening to the same music with headphones and guitars nearby, A simple children's painting style, naive art, cute, minimalist, colorful crayon drawing, clear definition"
"like"|"I never felt like this before."|"A person floating in the air with a dreamy surprised expression and stars swirling around, A simple children's painting style, naive art, cute, minimalist, colorful crayon drawing, clear definition"
"likelihood"|"There's a high likelihood of rain tomorrow."|"A weather forecast board showing dark clouds and heavy rain with a very high percentage displayed, A simple children's painting style, naive art, cute, minimalist, colorful crayon drawing, clear definition"
"likely"|"She's the most likely candidate for the job."|"A confident woman standing out among job applicants with a glowing star above her head, A simple children's painting style, naive art, cute, minimalist, colorful crayon drawing, clear definition"
"likely"|"He'll most likely be late."|"A man running down a street toward a clock showing he is already past the meeting time, A simple children's painting style, naive art, cute, minimalist, colorful crayon drawing, clear definition"
"likewise"|"She smiled, and he did likewise."|"A girl and a boy facing each other both wearing identical big smiles in a sunny park, A simple children's painting style, naive art, cute, minimalist, colorful crayon drawing, clear definition"
"limb"|"The surgeon had to remove the injured limb."|"A doctor in a hospital carefully examining a bandaged arm of a patient lying in bed, A simple children's painting style, naive art, cute, minimalist, colorful crayon drawing, clear definition"
"limit"|"There's a speed limit of 30 here."|"A round red and white speed limit sign showing 30 on a quiet neighborhood road, A simple children's painting style, naive art, cute, minimalist, colorful crayon drawing, clear definition"
"limitation"|"Everyone has their limitations."|"Several different people each standing before a wall they cannot climb representing personal obstacles, A simple children's painting style, naive art, cute, minimalist, colorful crayon drawing, clear definition"
"limited"|"We have a limited amount of time."|"A person staring at a large hourglass that is almost empty with a worried expression, A simple children's painting style, naive art, cute, minimalist, colorful crayon drawing, clear definition"
"line"|"There's a long line at the checkout."|"Many people standing in a long winding queue at a supermarket checkout counter, A simple children's painting style, naive art, cute, minimalist, colorful crayon drawing, clear definition"
"link"|"Is there a link between stress and illness?"|"A chain connecting two images one showing a stressed person and one showing a sick person in bed, A simple children's painting style, naive art, cute, minimalist, colorful crayon drawing, clear definition"
"lion"|"A lion roared in the distance."|"A large lion standing on a rocky hill roaring loudly toward a vast open savanna, A simple children's painting style, naive art, cute, minimalist, colorful crayon drawing, clear definition"
"lip"|"She bit her lip nervously."|"A girl with wide worried eyes gently biting her lower lip with her teeth, A simple children's painting style, naive art, cute, minimalist, colorful crayon drawing, clear definition"
"liquid"|"Drink plenty of liquid when you're sick."|"A sick child in bed holding a tall glass of water and juice on a nightstand nearby, A simple children's painting style, naive art, cute, minimalist, colorful crayon drawing, clear definition"
"liquid"|"The chocolate became liquid in the heat."|"A chocolate bar melting into a brown liquid puddle under a bright hot sun, A simple children's painting style, naive art, cute, minimalist, colorful crayon drawing, clear definition"
"list"|"I made a shopping list before going to the store."|"A person holding a handwritten shopping list with items checked off at a grocery store, A simple children's painting style, naive art, cute, minimalist, colorful crayon drawing, clear definition"
"listener"|"She's a great listener."|"A girl leaning forward attentively with a warm smile while a friend talks to her, A simple children's painting style, naive art, cute, minimalist, colorful crayon drawing, clear definition"
"literally"|"The whole city literally shut down during the storm."|"Empty city streets with closed shops and no people during a heavy rainstorm with dark clouds, A simple children's painting style, naive art, cute, minimalist, colorful crayon drawing, clear definition"
"literary"|"She has a deep literary knowledge."|"A woman surrounded by tall stacks of classic books reading carefully at a cozy desk, A simple children's painting style, naive art, cute, minimalist, colorful crayon drawing, clear definition"
"literature"|"He studied English literature in college."|"A young man at a university desk reading a thick literature textbook surrounded by classic novels, A simple children's painting style, naive art, cute, minimalist, colorful crayon drawing, clear definition"
"little"|"There's very little food left in the fridge."|"An open refrigerator showing nearly empty shelves with only one small item inside, A simple children's painting style, naive art, cute, minimalist, colorful crayon drawing, clear definition"
"little"|"She speaks little English, but she's learning fast."|"A girl holding a small English phrase book while talking carefully with a happy expression, A simple children's painting style, naive art, cute, minimalist, colorful crayon drawing, clear definition"
"little"|"We have little time before the meeting starts."|"Two people rushing toward a conference room door while a wall clock shows almost no time left, A simple children's painting style, naive art, cute, minimalist, colorful crayon drawing, clear definition"
"live"|"The concert is live tonight."|"A band performing on a bright stage with a glowing live sign and cheering crowd, A simple children's painting style, naive art, cute, minimalist, colorful crayon drawing, clear definition"
"liver"|"The doctor said my liver is healthy."|"A smiling doctor pointing to a diagram of a healthy liver on a clinic wall, A simple children's painting style, naive art, cute, minimalist, colorful crayon drawing, clear definition"
"living"|"She makes a living as a freelance designer."|"A woman working happily at a computer with design sketches and a paycheck on her desk, A simple children's painting style, naive art, cute, minimalist, colorful crayon drawing, clear definition"
"living"|"My living room is small but cozy."|"A small cozy living room with a sofa soft rug warm lamp and a few plants, A simple children's painting style, naive art, cute, minimalist, colorful crayon drawing, clear definition"
"load"|"That's a heavy load to carry by yourself."|"A person struggling to carry a huge heavy box alone on a sidewalk bending forward, A simple children's painting style, naive art, cute, minimalist, colorful crayon drawing, clear definition"
"loan"|"He took out a loan to buy his first car."|"A man signing papers at a bank desk with a shiny new car visible through the window, A simple children's painting style, naive art, cute, minimalist, colorful crayon drawing, clear definition"
"lobby"|"Let's meet in the hotel lobby at noon."|"Two friends waving at each other inside a grand hotel lobby with tall ceilings and a front desk, A simple children's painting style, naive art, cute, minimalist, colorful crayon drawing, clear definition"
"local"|"I prefer to shop at local stores."|"A smiling person carrying a basket while shopping at a small friendly neighborhood store, A simple children's painting style, naive art, cute, minimalist, colorful crayon drawing, clear definition"
"location"|"The restaurant has a great location downtown."|"A cheerful restaurant with a bright sign sitting on a busy downtown street corner, A simple children's painting style, naive art, cute, minimalist, colorful crayon drawing, clear definition"
"lock"|"Make sure you check the lock before you leave."|"A person checking a door lock carefully before stepping outside with a bag in hand, A simple children's painting style, naive art, cute, minimalist, colorful crayon drawing, clear definition"
"log"|"They found a hollow log near the river."|"Two children discovering a large hollow log lying on the ground beside a flowing river, A simple children's painting style, naive art, cute, minimalist, colorful crayon drawing, clear definition"
"logic"|"There's no logic in what he said."|"A confused man standing beside a tangled messy diagram with a big question mark above his head, A simple children's painting style, naive art, cute, minimalist, colorful crayon drawing, clear definition"
"logical"|"That's the most logical solution to the problem."|"A person pointing confidently at a clean clear solution written on a whiteboard with a checkmark, A simple children's painting style, naive art, cute, minimalist, colorful crayon drawing, clear definition"
"lonely"|"She felt lonely after moving to a new city."|"A girl sitting alone by a window looking out at an unfamiliar city street with a sad expression, A simple children's painting style, naive art, cute, minimalist, colorful crayon drawing, clear definition"
"long"|"It was a long day at work."|"A tired worker slumping at a desk late at night with a dark window and empty coffee cup, A simple children's painting style, naive art, cute, minimalist, colorful crayon drawing, clear definition"
"long"|"Have you been waiting long?"|"A person sitting on a bench looking at their watch with a long line of people behind them, A simple children's painting style, naive art, cute, minimalist, colorful crayon drawing, clear definition"
"long"|"You can borrow it as long as you return it."|"A child handing a book to a friend with a pointing gesture toward a bookshelf nearby, A simple children's painting style, naive art, cute, minimalist, colorful crayon drawing, clear definition"
"long-term"|"They made a long-term plan for the business."|"Two business people drawing a long timeline on a whiteboard with goals marked years into the future, A simple children's painting style, naive art, cute, minimalist, colorful crayon drawing, clear definition"
"longtime"|"She's a longtime friend of the family."|"Two women hugging warmly at a family dinner table, old photos on the wall behind them, A simple children's painting style, naive art, cute, minimalist, colorful crayon drawing, clear definition"
"look"|"The look on his face said everything."|"A boy with a wide-eyed shocked expression on his face staring forward, A simple children's painting style, naive art, cute, minimalist, colorful crayon drawing, clear definition"
"loop"|"The road makes a loop around the lake."|"A winding road forming a full circle loop around a small blue lake, A simple children's painting style, naive art, cute, minimalist, colorful crayon drawing, clear definition"
"loose"|"This shirt is too loose on me."|"A child wearing an oversized baggy shirt that hangs off their shoulders, A simple children's painting style, naive art, cute, minimalist, colorful crayon drawing, clear definition"
"loss"|"The team dealt with their first loss of the season."|"A sad soccer team sitting on a bench with heads down after losing a game, A simple children's painting style, naive art, cute, minimalist, colorful crayon drawing, clear definition"
"lost"|"He looked completely lost in the new neighborhood."|"A confused man standing at a street corner holding a map in an unfamiliar neighborhood, A simple children's painting style, naive art, cute, minimalist, colorful crayon drawing, clear definition"
"lot"|"There's a lot of food left from the party."|"A table overflowing with leftover food and snacks after a birthday party, A simple children's painting style, naive art, cute, minimalist, colorful crayon drawing, clear definition"
"lots"|"Lots of people showed up to the event."|"A large colorful crowd of many people gathered together at an outdoor event, A simple children's painting style, naive art, cute, minimalist, colorful crayon drawing, clear definition"
"loud"|"The music next door is too loud."|"A person covering their ears as loud music blasts through a wall from a neighbor, A simple children's painting style, naive art, cute, minimalist, colorful crayon drawing, clear definition"
"loud"|"He laughed loud enough for everyone to hear."|"A boy laughing with his mouth wide open while people nearby turn to look, A simple children's painting style, naive art, cute, minimalist, colorful crayon drawing, clear definition"
"love"|"She has a deep love for animals."|"A smiling girl hugging a dog and a cat tightly with hearts floating around her, A simple children's painting style, naive art, cute, minimalist, colorful crayon drawing, clear definition"
"lovely"|"What a lovely day to go for a walk."|"A happy person strolling through a sunny park with flowers blooming and blue sky above, A simple children's painting style, naive art, cute, minimalist, colorful crayon drawing, clear definition"
"lover"|"He's always been a lover of good music."|"A man sitting in an armchair with eyes closed joyfully listening to music on headphones, A simple children's painting style, naive art, cute, minimalist, colorful crayon drawing, clear definition"
"low"|"The battery is low on my phone."|"A smartphone screen showing a nearly empty red battery icon, A simple children's painting style, naive art, cute, minimalist, colorful crayon drawing, clear definition"
"low"|"She spoke low so no one else could hear."|"A woman leaning close to whisper quietly into another persons ear in a quiet room, A simple children's painting style, naive art, cute, minimalist, colorful crayon drawing, clear definition"
"loyal"|"He's been a loyal employee for over ten years."|"A smiling man shaking hands with his boss in an office with a ten year award on the wall, A simple children's painting style, naive art, cute, minimalist, colorful crayon drawing, clear definition"
"loyalty"|"Her loyalty to her friends never wavered."|"A girl standing beside her friend with a protective arm around her shoulders, A simple children's painting style, naive art, cute, minimalist, colorful crayon drawing, clear definition"
"luck"|"We'll need a lot of luck to win this game."|"A sports team huddling together crossing their fingers before a big game, A simple children's painting style, naive art, cute, minimalist, colorful crayon drawing, clear definition"
"lucky"|"You're lucky you found a parking spot here."|"A happy driver pulling into the very last empty parking spot in a full lot, A simple children's painting style, naive art, cute, minimalist, colorful crayon drawing, clear definition"
"lunch"|"We had sandwiches for lunch."|"Two people sitting at a table eating sandwiches together at lunchtime, A simple children's painting style, naive art, cute, minimalist, colorful crayon drawing, clear definition"
"lung"|"Smoking seriously damages your lungs."|"A pair of human lungs with dark spots next to a cigarette with a red warning symbol, A simple children's painting style, naive art, cute, minimalist, colorful crayon drawing, clear definition"
"machine"|"The washing machine broke down this morning."|"A washing machine with water leaking out of it and a frustrated woman standing nearby, A simple children's painting style, naive art, cute, minimalist, colorful crayon drawing, clear definition"
"mad"|"She was mad at him for forgetting their anniversary."|"An angry woman with arms crossed glaring at a sheepish man holding a forgotten calendar, A simple children's painting style, naive art, cute, minimalist, colorful crayon drawing, clear definition"
"magazine"|"I picked up a magazine while waiting at the doctor's."|"A person sitting in a waiting room chair reading a colorful magazine, A simple children's painting style, naive art, cute, minimalist, colorful crayon drawing, clear definition"
"magic"|"The show had a magic atmosphere that night."|"A nighttime outdoor concert stage glowing with sparkling lights and a spellbound cheering crowd, A simple children's painting style, naive art, cute, minimalist, colorful crayon drawing, clear definition"
"magic"|"The kids were amazed by the magician's magic."|"A magician pulling a rabbit out of a hat while wide-eyed children watch in amazement, A simple children's painting style, naive art, cute, minimalist, colorful crayon drawing, clear definition"
"magnetic"|"He has a magnetic personality that draws people in."|"A smiling man standing at the center of a circle of people all leaning toward him, A simple children's painting style, naive art, cute, minimalist, colorful crayon drawing, clear definition"
"magnitude"|"They didn't understand the magnitude of the problem."|"A group of people looking up in shock at an enormous towering problem represented as a giant cracked wall, A simple children's painting style, naive art, cute, minimalist, colorful crayon drawing, clear definition"
"mail"|"There's some mail for you on the table."|"A small pile of envelopes and letters sitting on a wooden table near a front door, A simple children's painting style, naive art, cute, minimalist, colorful crayon drawing, clear definition"
"main"|"What's the main reason you want to change jobs?"|"A person pointing to a large number one on a whiteboard with question marks around it, A simple children's painting style, naive art, cute, minimalist, colorful crayon drawing, clear definition"
"mainly"|"I mainly use my phone to listen to music."|"A person holding a phone with headphones on, music notes floating around, A simple children's painting style, naive art, cute, minimalist, colorful crayon drawing, clear definition"
"mainstream"|"Pop music is very mainstream these days."|"A crowd of cheerful people all listening to the same pop music on a big stage, A simple children's painting style, naive art, cute, minimalist, colorful crayon drawing, clear definition"
"maintenance"|"The elevator is out of service for maintenance."|"A worker in overalls fixing an elevator with tools, an out of service sign on the doors, A simple children's painting style, naive art, cute, minimalist, colorful crayon drawing, clear definition"
"major"|"Moving to a new city was a major change in my life."|"A person carrying big boxes moving into a new apartment in a new city, A simple children's painting style, naive art, cute, minimalist, colorful crayon drawing, clear definition"
"major"|"She chose history as her major."|"A smiling college student pointing at a history book in front of a university building, A simple children's painting style, naive art, cute, minimalist, colorful crayon drawing, clear definition"
"majority"|"The majority of students passed the test."|"A classroom of happy students holding graded test papers, most showing good marks, A simple children's painting style, naive art, cute, minimalist, colorful crayon drawing, clear definition"
"maker"|"He's a furniture maker who works with wood."|"A craftsman sanding a wooden chair in a workshop surrounded by wood shavings, A simple children's painting style, naive art, cute, minimalist, colorful crayon drawing, clear definition"
"makeup"|"She puts on makeup before leaving the house."|"A woman applying lipstick in front of a mirror near her front door, A simple children's painting style, naive art, cute, minimalist, colorful crayon drawing, clear definition"
"male"|"The male lion has a large mane."|"A proud male lion with a big fluffy mane standing on a grassy savanna, A simple children's painting style, naive art, cute, minimalist, colorful crayon drawing, clear definition"
"male"|"The nurse asked if the patient was a male or female."|"A nurse with a clipboard talking to a patient lying in a hospital bed, A simple children's painting style, naive art, cute, minimalist, colorful crayon drawing, clear definition"
"mall"|"We spent the afternoon at the mall."|"Two friends walking through a bright shopping mall with colorful store signs and bags, A simple children's painting style, naive art, cute, minimalist, colorful crayon drawing, clear definition"
"man"|"A tall man was standing at the door."|"A very tall man standing in front of a closed door looking forward, A simple children's painting style, naive art, cute, minimalist, colorful crayon drawing, clear definition"
"management"|"The management decided to cut costs."|"A group of serious suited people sitting around a table in a boardroom meeting, A simple children's painting style, naive art, cute, minimalist, colorful crayon drawing, clear definition"
"manager"|"I need to speak with the manager."|"A customer talking to a manager in a shirt and tie standing behind a store counter, A simple children's painting style, naive art, cute, minimalist, colorful crayon drawing, clear definition"
"managing"|"She has a managing role at the company."|"A confident woman at a desk leading a team meeting in a bright office, A simple children's painting style, naive art, cute, minimalist, colorful crayon drawing, clear definition"
"mandate"|"The new law was a government mandate."|"An official in a suit signing a large document with a government seal on it, A simple children's painting style, naive art, cute, minimalist, colorful crayon drawing, clear definition"
"manner"|"He spoke in a very calm manner."|"A relaxed man speaking gently to a friend sitting together on a park bench, A simple children's painting style, naive art, cute, minimalist, colorful crayon drawing, clear definition"
"mansion"|"The old mansion at the end of the street was abandoned."|"A large old dark mansion at the end of a quiet street with overgrown plants, A simple children's painting style, naive art, cute, minimalist, colorful crayon drawing, clear definition"
"manual"|"I lost the manual for the washing machine."|"A person looking confused beside a washing machine holding an open empty drawer, A simple children's painting style, naive art, cute, minimalist, colorful crayon drawing, clear definition"
"manufacturer"|"The manufacturer offers a two-year warranty."|"A factory worker handing a warranty certificate to a smiling customer at a counter, A simple children's painting style, naive art, cute, minimalist, colorful crayon drawing, clear definition"
"manufacturing"|"The city relies heavily on manufacturing jobs."|"A city skyline with large factories and workers in helmets on an assembly line, A simple children's painting style, naive art, cute, minimalist, colorful crayon drawing, clear definition"
"many"|"How many people are coming to the party?"|"A person at a door looking surprised at a large crowd of guests arriving for a party, A simple children's painting style, naive art, cute, minimalist, colorful crayon drawing, clear definition"
"map"|"We looked at the map to find the hotel."|"Two travelers unfolding a large paper map on a street looking for a hotel, A simple children's painting style, naive art, cute, minimalist, colorful crayon drawing, clear definition"
"marble"|"The kitchen counter is made of marble."|"A bright kitchen with a shiny white and grey marble countertop, A simple children's painting style, naive art, cute, minimalist, colorful crayon drawing, clear definition"
"margin"|"She wrote notes in the margin of her notebook."|"A student writing small pencil notes in the side margin of an open notebook, A simple children's painting style, naive art, cute, minimalist, colorful crayon drawing, clear definition"
"marine"|"He studied marine biology in college."|"A student at a desk surrounded by books about fish and ocean life in a classroom, A simple children's painting style, naive art, cute, minimalist, colorful crayon drawing, clear definition"
"mark"|"There's a red mark on your shirt."|"A person pointing at a bright red stain mark on the front of a white shirt, A simple children's painting style, naive art, cute, minimalist, colorful crayon drawing, clear definition"
"marker"|"Can I borrow a marker to label these boxes?"|"A person holding a thick marker writing a label on a brown cardboard box, A simple children's painting style, naive art, cute, minimalist, colorful crayon drawing, clear definition"
"market"|"We buy fresh vegetables at the local market."|"Two people choosing fresh colorful vegetables at an outdoor market stall, A simple children's painting style, naive art, cute, minimalist, colorful crayon drawing, clear definition"
"marketing"|"She works in marketing for a tech company."|"A woman at a desk with a laptop and charts working in a modern tech office, A simple children's painting style, naive art, cute, minimalist, colorful crayon drawing, clear definition"
"marketplace"|"You can sell handmade items on the online marketplace."|"A person listing handmade crafts on a laptop screen showing an online marketplace, A simple children's painting style, naive art, cute, minimalist, colorful crayon drawing, clear definition"
"marriage"|"Their marriage lasted over forty years."|"An elderly couple holding hands and smiling beside a large number forty, A simple children's painting style, naive art, cute, minimalist, colorful crayon drawing, clear definition"
"married"|"They got married last summer."|"A couple in wedding clothes standing under a floral arch on a bright summer day, A simple children's painting style, naive art, cute, minimalist, colorful crayon drawing, clear definition"
"mask"|"Everyone had to wear a mask inside the hospital."|"Several people wearing face masks walking through a hospital corridor, A simple children's painting style, naive art, cute, minimalist, colorful crayon drawing, clear definition"
"mass"|"The mass of the package was too heavy to carry."|"A person struggling to lift a very large heavy package on a scale, A simple children's painting style, naive art, cute, minimalist, colorful crayon drawing, clear definition"
"mass"|"The storm caused mass destruction across the region."|"A fierce storm with dark clouds causing widespread destruction across many houses and trees, A simple children's painting style, naive art, cute, minimalist, colorful crayon drawing, clear definition"
"massive"|"That's a massive dog — what breed is it?"|"A tiny person standing next to an enormously huge tall dog on a sidewalk, A simple children's painting style, naive art, cute, minimalist, colorful crayon drawing, clear definition"
"master"|"He's a master at fixing old cars."|"A confident man expertly repairing a vintage old car in a garage workshop, A simple children's painting style, naive art, cute, minimalist, colorful crayon drawing, clear definition"
"match"|"We watched the soccer match together."|"Two friends sitting on a sofa watching an exciting soccer match on television, A simple children's painting style, naive art, cute, minimalist, colorful crayon drawing, clear definition"
"mate"|"He's been my best mate since kindergarten."|"Two boys smiling arm in arm standing in front of a kindergarten school building, A simple children's painting style, naive art, cute, minimalist, colorful crayon drawing, clear definition"
"material"|"The jacket is made from a waterproof material."|"A child in a shiny waterproof jacket standing dry in the pouring rain, A simple children's painting style, naive art, cute, minimalist, colorful crayon drawing, clear definition"
"math"|"My daughter is really good at math."|"A smiling girl confidently solving math equations on a chalkboard at school, A simple children's painting style, naive art, cute, minimalist, colorful crayon drawing, clear definition"
"mathematics"|"He got a degree in mathematics."|"A proud young man in graduation cap holding a diploma with math symbols around him, A simple children's painting style, naive art, cute, minimalist, colorful crayon drawing, clear definition"
"matter"|"It's a personal matter — I'd rather not talk about it."|"A person crossing their arms and looking away from someone trying to talk, A simple children's painting style, naive art, cute, minimalist, colorful crayon drawing, clear definition"
"matter"|"No matter what happens, I'll be here."|"A loyal friend standing steady and calm beside another person through rain and sunshine, A simple children's painting style, naive art, cute, minimalist, colorful crayon drawing, clear definition"
"maximum"|"The maximum speed on this road is 60 mph."|"A car driving on a road beside a speed limit sign clearly showing 60 mph, A simple children's painting style, naive art, cute, minimalist, colorful crayon drawing, clear definition"
"may"|"You may leave the room when you're done."|"A teacher nodding and gesturing toward the door as a student finishes their work, A simple children's painting style, naive art, cute, minimalist, colorful crayon drawing, clear definition"
"maybe"|"Maybe we should try the other restaurant."|"Two friends standing between two restaurants looking uncertain and pointing at each other, A simple children's painting style, naive art, cute, minimalist, colorful crayon drawing, clear definition"
"mayor"|"The mayor gave a speech at the opening ceremony."|"A mayor in a formal suit speaking at a podium during a ribbon-cutting ceremony, A simple children's painting style, naive art, cute, minimalist, colorful crayon drawing, clear definition"
"me"|"Can you hear me?"|"A person cupping their hands around their mouth calling out to someone far away, A simple children's painting style, naive art, cute, minimalist, colorful crayon drawing, clear definition"
"meal"|"We have three meals a day."|"A family sitting at a table with breakfast lunch and dinner spread across it, A simple children's painting style, naive art, cute, minimalist, colorful crayon drawing, clear definition"
"mean"|"I don't understand your mean."|"A puzzled person staring at a speech bubble filled with question marks and unknown words, A simple children's painting style, naive art, cute, minimalist, colorful crayon drawing, clear definition"
"mean"|"Don't be so mean to your sister."|"A frowning boy pointing angrily at his sad little sister who is close to tears, A simple children's painting style, naive art, cute, minimalist, colorful crayon drawing, clear definition"
"meaning"|"What's the meaning of this word?"|"A child pointing at a word in a dictionary with a big question mark above their head, A simple children's painting style, naive art, cute, minimalist, colorful crayon drawing, clear definition"
"meaningful"|"She gave him a meaningful look."|"A woman giving a deep serious expressive gaze directly at a man across a table, A simple children's painting style, naive art, cute, minimalist, colorful crayon drawing, clear definition"
"meantime"|"In the meantime, let's grab some coffee."|"Two people sitting at a cafe with coffee cups while waiting for something to happen, A simple children's painting style, naive art, cute, minimalist, colorful crayon drawing, clear definition"
"meanwhile"|"She cooked dinner. Meanwhile, he set the table."|"A split scene showing a woman cooking at a stove while a man sets the dinner table, A simple children's painting style, naive art, cute, minimalist, colorful crayon drawing, clear definition"
"measure"|"We need to take a measure of the room."|"A person stretching a measuring tape across the width of an empty room, A simple children's painting style, naive art, cute, minimalist, colorful crayon drawing, clear definition"
"measurement"|"The measurement of the window is 1.2 meters."|"A person holding a tape measure against a window showing 1.2 meters marked clearly, A simple children's painting style, naive art, cute, minimalist, colorful crayon drawing, clear definition"
"meat"|"I don't eat red meat."|"A person shaking their head and pushing away a plate of red meat at a dinner table, A simple children's painting style, naive art, cute, minimalist, colorful crayon drawing, clear definition"
"mechanic"|"The mechanic fixed my car in an hour."|"A mechanic in overalls smiling beside a repaired car in a garage, A simple children's painting style, naive art, cute, minimalist, colorful crayon drawing, clear definition"
"mechanical"|"We had a mechanical problem on the highway."|"A car stopped on a highway with smoke coming from the engine, A simple children's painting style, naive art, cute, minimalist, colorful crayon drawing, clear definition"
"mechanism"|"The locking mechanism is broken."|"A close-up of a broken door lock mechanism with visible cracked parts, A simple children's painting style, naive art, cute, minimalist, colorful crayon drawing, clear definition"
"medal"|"She won a gold medal at the Olympics."|"A happy athlete standing on a podium holding up a shiny gold medal, A simple children's painting style, naive art, cute, minimalist, colorful crayon drawing, clear definition"
"media"|"The media covered the story all week."|"Reporters with cameras and microphones surrounding a news story all week, A simple children's painting style, naive art, cute, minimalist, colorful crayon drawing, clear definition"
"medical"|"He needs medical attention right away."|"A doctor rushing to help a patient on a hospital bed urgently, A simple children's painting style, naive art, cute, minimalist, colorful crayon drawing, clear definition"
"medication"|"Take this medication twice a day."|"A person holding a pill bottle and taking a tablet with a glass of water, A simple children's painting style, naive art, cute, minimalist, colorful crayon drawing, clear definition"
"medicine"|"Is there any medicine for a sore throat?"|"A pharmacist handing a bottle of medicine to a person holding their throat, A simple children's painting style, naive art, cute, minimalist, colorful crayon drawing, clear definition"
"medium"|"Television is a powerful medium."|"A large glowing television screen broadcasting news to a watching family, A simple children's painting style, naive art, cute, minimalist, colorful crayon drawing, clear definition"
"medium"|"I'd like a medium coffee, please."|"A smiling barista handing a medium-sized cup of coffee across a counter, A simple children's painting style, naive art, cute, minimalist, colorful crayon drawing, clear definition"
"meeting"|"The meeting starts at nine."|"People sitting around a table in an office as a clock shows nine, A simple children's painting style, naive art, cute, minimalist, colorful crayon drawing, clear definition"
"member"|"She's a member of the gym."|"A smiling woman scanning her membership card at a gym entrance, A simple children's painting style, naive art, cute, minimalist, colorful crayon drawing, clear definition"
"membership"|"I canceled my membership last month."|"A person clicking a cancel button on a membership card on a computer screen, A simple children's painting style, naive art, cute, minimalist, colorful crayon drawing, clear definition"
"memory"|"I have a great memory for names."|"A person smiling and remembering many name tags floating around their head, A simple children's painting style, naive art, cute, minimalist, colorful crayon drawing, clear definition"
"mental"|"Exercise is good for your mental health."|"A happy person jogging outdoors with a glowing brain symbol above their head, A simple children's painting style, naive art, cute, minimalist, colorful crayon drawing, clear definition"
"mentally"|"She was mentally exhausted after the exam."|"A tired girl slumped at a desk with finished exam papers scattered around her, A simple children's painting style, naive art, cute, minimalist, colorful crayon drawing, clear definition"
"mention"|"There was no mention of the accident in the news."|"A news anchor on television with a crossed-out accident scene beside the screen, A simple children's painting style, naive art, cute, minimalist, colorful crayon drawing, clear definition"
"mentor"|"My mentor helped me get my first job."|"An older person guiding a young adult shaking hands at a job interview, A simple children's painting style, naive art, cute, minimalist, colorful crayon drawing, clear definition"
"menu"|"Can I see the menu, please?"|"A customer at a restaurant table reaching out to receive a large menu from a waiter, A simple children's painting style, naive art, cute, minimalist, colorful crayon drawing, clear definition"
"merchant"|"The merchant sold spices at the market."|"A merchant standing behind a colorful market stall filled with jars of spices, A simple children's painting style, naive art, cute, minimalist, colorful crayon drawing, clear definition"
"mere"|"It cost a mere ten dollars."|"A person holding up a small price tag showing ten dollars with a surprised smile, A simple children's painting style, naive art, cute, minimalist, colorful crayon drawing, clear definition"
"merely"|"I was merely trying to help."|"A person with open hands and a gentle expression offering help to someone, A simple children's painting style, naive art, cute, minimalist, colorful crayon drawing, clear definition"
"merit"|"The idea has a lot of merit."|"A person presenting an idea on a board with gold stars and approval marks around it, A simple children's painting style, naive art, cute, minimalist, colorful crayon drawing, clear definition"
"mess"|"Your room is a total mess."|"A bedroom with clothes toys and objects scattered chaotically all over the floor, A simple children's painting style, naive art, cute, minimalist, colorful crayon drawing, clear definition"
"message"|"Did you get my message?"|"A person holding a phone looking at a received text message on the screen, A simple children's painting style, naive art, cute, minimalist, colorful crayon drawing, clear definition"
"metal"|"The fence is made of metal."|"A shiny metal fence standing in a yard under a bright blue sky, A simple children's painting style, naive art, cute, minimalist, colorful crayon drawing, clear definition"
"metaphor"|"Life is a journey is a common metaphor."|"A person walking along a road shaped like the word life under a bright sun, A simple children's painting style, naive art, cute, minimalist, colorful crayon drawing, clear definition"
"meter"|"The pool is fifty meters long."|"A long swimming pool with a measuring tape stretched across showing fifty meters, A simple children's painting style, naive art, cute, minimalist, colorful crayon drawing, clear definition"
"method"|"This method saves a lot of time."|"A person following a clear step-by-step chart on a board finishing tasks quickly, A simple children's painting style, naive art, cute, minimalist, colorful crayon drawing, clear definition"
"metropolitan"|"São Paulo is a major metropolitan area."|"A wide aerial view of a vast busy city with tall buildings and busy streets, A simple children's painting style, naive art, cute, minimalist, colorful crayon drawing, clear definition"
"Mexican"|"I love Mexican food."|"A happy person eating tacos, enchiladas, and colorful Mexican dishes at a table, A simple children's painting style, naive art, cute, minimalist, colorful crayon drawing, clear definition"
"middle"|"She sat in the middle seat."|"A girl sitting in the center seat of a row of three chairs, A simple children's painting style, naive art, cute, minimalist, colorful crayon drawing, clear definition"
"middle"|"There's a fountain in the middle of the square."|"A stone fountain standing in the exact center of a town square, A simple children's painting style, naive art, cute, minimalist, colorful crayon drawing, clear definition"
"middle-class"|"They live in a middle-class neighborhood."|"A family standing in front of a modest tidy house on a quiet suburban street, A simple children's painting style, naive art, cute, minimalist, colorful crayon drawing, clear definition"
"midnight"|"The party went on past midnight."|"People dancing at a party with a clock on the wall showing past midnight, A simple children's painting style, naive art, cute, minimalist, colorful crayon drawing, clear definition"
"midst"|"In the midst of the chaos, she stayed calm."|"A calm woman sitting still surrounded by swirling chaotic activity and rushing people, A simple children's painting style, naive art, cute, minimalist, colorful crayon drawing, clear definition"
"might"|"It might rain this afternoon."|"A person looking up at dark clouds gathering in the afternoon sky holding an umbrella, A simple children's painting style, naive art, cute, minimalist, colorful crayon drawing, clear definition"
"migration"|"Bird migration happens every fall."|"A large flock of birds flying south together through an orange autumn sky, A simple children's painting style, naive art, cute, minimalist, colorful crayon drawing, clear definition"
"mild"|"The weather is mild this time of year."|"A person in light clothing enjoying a pleasant sunny day outdoors with a gentle breeze, A simple children's painting style, naive art, cute, minimalist, colorful crayon drawing, clear definition"
"military"|"His father had a long military career."|"An older soldier in uniform proudly wearing many medals on his chest, A simple children's painting style, naive art, cute, minimalist, colorful crayon drawing, clear definition"
"military"|"My brother joined the military after high school."|"A young man in army uniform waving goodbye to his family outside a base, A simple children's painting style, naive art, cute, minimalist, colorful crayon drawing, clear definition"
"milk"|"I drink a glass of milk every morning."|"A child holding a tall glass of white milk at a breakfast table in the morning, A simple children's painting style, naive art, cute, minimalist, colorful crayon drawing, clear definition"
"mill"|"There's an old mill by the river."|"An old stone windmill with turning blades sitting beside a flowing river, A simple children's painting style, naive art, cute, minimalist, colorful crayon drawing, clear definition"
"million"|"Over a million people live in that city."|"A vast crowded city skyline with countless tiny people filling the streets below, A simple children's painting style, naive art, cute, minimalist, colorful crayon drawing, clear definition"
"mind"|"She has a brilliant mind."|"A girl with glowing light bulbs and gears visible inside a transparent head, A simple children's painting style, naive art, cute, minimalist, colorful crayon drawing, clear definition"
"mine"|"That seat is mine."|"A child pointing firmly at a single chair with a proud and confident expression, A simple children's painting style, naive art, cute, minimalist, colorful crayon drawing, clear definition"
"mine"|"Gold was discovered in the mine."|"A miner inside a dark tunnel holding a lantern next to a gleaming gold deposit, A simple children's painting style, naive art, cute, minimalist, colorful crayon drawing, clear definition"
"mineral"|"This water is rich in minerals."|"A glass of sparkling water with colorful mineral crystals floating visibly inside it, A simple children's painting style, naive art, cute, minimalist, colorful crayon drawing, clear definition"
"minimal"|"The damage was minimal."|"A car with only a tiny scratch on its bumper while the rest looks perfectly fine, A simple children's painting style, naive art, cute, minimalist, colorful crayon drawing, clear definition"
"minimum"|"What's the minimum age to drive here?"|"A sign showing a minimum age requirement next to a person sitting in a car, A simple children's painting style, naive art, cute, minimalist, colorful crayon drawing, clear definition"
"minimum"|"Keep expenses to a minimum."|"A person looking at a very small receipt with a tiny coin purse on a table, A simple children's painting style, naive art, cute, minimalist, colorful crayon drawing, clear definition"
"minister"|"The minister gave a speech on education."|"A suited minister standing at a podium giving a speech with school symbols behind him, A simple children's painting style, naive art, cute, minimalist, colorful crayon drawing, clear definition"
"ministry"|"She works for the Ministry of Health."|"A woman in professional clothes entering a large official building labeled Ministry of Health, A simple children's painting style, naive art, cute, minimalist, colorful crayon drawing, clear definition"
"minor"|"That's just a minor problem."|"A person looking at a tiny crack in a wall with a relaxed unbothered expression, A simple children's painting style, naive art, cute, minimalist, colorful crayon drawing, clear definition"
"minority"|"The proposal was rejected by a minority."|"A small group of people raising hands against a large majority group in a meeting room, A simple children's painting style, naive art, cute, minimalist, colorful crayon drawing, clear definition"
"minute"|"I'll be ready in a minute."|"A person holding up one finger next to a clock showing one minute remaining, A simple children's painting style, naive art, cute, minimalist, colorful crayon drawing, clear definition"
"miracle"|"It's a miracle no one got hurt."|"People standing unharmed and amazed next to a crushed car with shining light around them, A simple children's painting style, naive art, cute, minimalist, colorful crayon drawing, clear definition"
"mirror"|"She looked at herself in the mirror."|"A girl standing in front of a large round mirror looking at her own reflection, A simple children's painting style, naive art, cute, minimalist, colorful crayon drawing, clear definition"
"missile"|"The military launched a missile."|"A soldier pressing a launch button as a missile shoots upward into the sky from a base, A simple children's painting style, naive art, cute, minimalist, colorful crayon drawing, clear definition"
"missing"|"My keys are missing again."|"A person searching through pockets and bags with an empty key hook visible on the wall, A simple children's painting style, naive art, cute, minimalist, colorful crayon drawing, clear definition"
"mission"|"The team completed their mission."|"A team of people cheering and hugging after successfully completing a mission together, A simple children's painting style, naive art, cute, minimalist, colorful crayon drawing, clear definition"
"missionary"|"He spent years as a missionary in Africa."|"A man in simple clothes standing in an African village speaking kindly to local residents, A simple children's painting style, naive art, cute, minimalist, colorful crayon drawing, clear definition"
"mistake"|"Everyone makes mistakes."|"Several different people each looking at a paper with a big red X marked on it, A simple children's painting style, naive art, cute, minimalist, colorful crayon drawing, clear definition"
"mix"|"Pour the mix into a baking pan."|"A person pouring thick batter mix from a bowl into a rectangular baking pan, A simple children's painting style, naive art, cute, minimalist, colorful crayon drawing, clear definition"
"mixed"|"I have mixed feelings about it."|"A person with a face showing both a smile and a frown at the same time, looking uncertain, A simple children's painting style, naive art, cute, minimalist, colorful crayon drawing, clear definition"
"mixture"|"Add a mixture of salt and pepper."|"A hand sprinkling a mixture of salt and pepper from a small bowl into a cooking pot, A simple children's painting style, naive art, cute, minimalist, colorful crayon drawing, clear definition"
"mm-hmm"|"— Did you understand? — Mm-hmm."|"Two children talking, one nodding with closed eyes and a small smile saying mm-hmm, A simple children's painting style, naive art, cute, minimalist, colorful crayon drawing, clear definition"
"mobile"|"Do you have a mobile phone?"|"A person holding a colorful mobile phone up in their hand with a questioning expression, A simple children's painting style, naive art, cute, minimalist, colorful crayon drawing, clear definition"
"mode"|"Switch the phone to silent mode."|"A hand pressing a button on a phone showing a crossed-out speaker icon for silent mode, A simple children's painting style, naive art, cute, minimalist, colorful crayon drawing, clear definition"
"model"|"She bought the latest model."|"A woman in a store happily holding a brand new shiny phone labeled as the latest model, A simple children's painting style, naive art, cute, minimalist, colorful crayon drawing, clear definition"
"moderate"|"Exercise at a moderate pace."|"A person jogging at a steady relaxed moderate pace along a sunny park path, A simple children's painting style, naive art, cute, minimalist, colorful crayon drawing, clear definition"
"modern"|"They live in a modern apartment."|"A couple standing outside a sleek glass and concrete modern apartment building in a city, A simple children's painting style, naive art, cute, minimalist, colorful crayon drawing, clear definition"
"modest"|"He's very modest about his achievements."|"A man shrugging shyly while friends point to his many trophies and medals on a shelf, A simple children's painting style, naive art, cute, minimalist, colorful crayon drawing, clear definition"
"molecule"|"Water is made of two hydrogen atoms and one oxygen molecule."|"A large diagram of a water molecule with two small hydrogen balls and one big oxygen ball, A simple children's painting style, naive art, cute, minimalist, colorful crayon drawing, clear definition"
"mom"|"My mom makes the best soup."|"A smiling mom stirring a big steaming pot of soup in a cozy kitchen, A simple children's painting style, naive art, cute, minimalist, colorful crayon drawing, clear definition"
"moment"|"Wait just a moment, please."|"A person holding up one finger politely asking someone to wait just a moment, A simple children's painting style, naive art, cute, minimalist, colorful crayon drawing, clear definition"
"momentum"|"The campaign is gaining momentum."|"A large colorful campaign banner with a crowd of people marching forward with growing energy, A simple children's painting style, naive art, cute, minimalist, colorful crayon drawing, clear definition"
"money"|"I don't have enough money right now."|"A person turning out empty pockets with a sad face and a nearly empty wallet, A simple children's painting style, naive art, cute, minimalist, colorful crayon drawing, clear definition"
"monitor"|"The doctor will monitor your progress."|"A doctor in a white coat watching a patient on a screen showing health progress charts, A simple children's painting style, naive art, cute, minimalist, colorful crayon drawing, clear definition"
"monkey"|"The monkey climbed the tree."|"A brown monkey with a long tail happily climbing up a tall green tree, A simple children's painting style, naive art, cute, minimalist, colorful crayon drawing, clear definition"
"monster"|"My little brother is afraid of monsters."|"A small boy hiding under his bed blanket trembling while a big fuzzy monster shadow looms, A simple children's painting style, naive art, cute, minimalist, colorful crayon drawing, clear definition"
"month"|"We're moving next month."|"A family carrying boxes out of a house with a calendar on the wall showing the next month, A simple children's painting style, naive art, cute, minimalist, colorful crayon drawing, clear definition"
"monthly"|"I pay a monthly fee for the service."|"A person sitting at a desk paying a bill with a calendar showing a monthly recurring payment, A simple children's painting style, naive art, cute, minimalist, colorful crayon drawing, clear definition"
"monument"|"They took photos in front of the monument."|"Two tourists smiling and taking photos in front of a tall stone monument on a sunny day, A simple children's painting style, naive art, cute, minimalist, colorful crayon drawing, clear definition"
"mood"|"I'm not in the mood to talk right now."|"A person sitting alone with arms crossed and a grumpy face waving away someone trying to talk, A simple children's painting style, naive art, cute, minimalist, colorful crayon drawing, clear definition"
"moon"|"The moon was full last night."|"A big bright full moon glowing in a dark night sky over rooftops and trees, A simple children's painting style, naive art, cute, minimalist, colorful crayon drawing, clear definition"
"moral"|"The story has a strong moral message."|"A child reading a book with a glowing heart and a lightbulb above it representing a moral message, A simple children's painting style, naive art, cute, minimalist, colorful crayon drawing, clear definition"
"more"|"Could you speak more slowly?"|"A person leaning in with a hand to their ear asking a speaker to slow down and speak more slowly, A simple children's painting style, naive art, cute, minimalist, colorful crayon drawing, clear definition"
"more"|"I'd like more coffee, please."|"A smiling person at a cafe holding out an empty cup asking for more coffee to be poured, A simple children's painting style, naive art, cute, minimalist, colorful crayon drawing, clear definition"
"moreover"|"The hotel is cheap; moreover, it's close to the beach."|"A cheerful hotel with a low price tag sign and a sunny beach visible just steps away, A simple children's painting style, naive art, cute, minimalist, colorful crayon drawing, clear definition"
"morning"|"I have coffee every morning before work."|"A person drinking a steaming cup of coffee at a kitchen table in early morning light, A simple children's painting style, naive art, cute, minimalist, colorful crayon drawing, clear definition"
"mortality"|"Doctors study mortality rates to improve public health."|"Two doctors in white coats examining a chart with statistics on a hospital wall, A simple children's painting style, naive art, cute, minimalist, colorful crayon drawing, clear definition"
"mortgage"|"They paid off their mortgage after twenty years."|"A happy couple holding a paid-off document in front of their house with a sold sign, A simple children's painting style, naive art, cute, minimalist, colorful crayon drawing, clear definition"
"most"|"She finished the most quickly of all the students."|"A girl raising her hand first at a desk while other students are still writing their tests, A simple children's painting style, naive art, cute, minimalist, colorful crayon drawing, clear definition"
"most"|"Most people prefer coffee over tea."|"A large group of people holding coffee cups with only one person holding a teacup, A simple children's painting style, naive art, cute, minimalist, colorful crayon drawing, clear definition"
"mostly"|"The weather here is mostly sunny in the summer."|"A bright summer sky with a large sun and just one small cloud in the corner, A simple children's painting style, naive art, cute, minimalist, colorful crayon drawing, clear definition"
"mother"|"Her mother taught her how to cook."|"A mother standing beside her daughter at a kitchen stove showing her how to stir a pot, A simple children's painting style, naive art, cute, minimalist, colorful crayon drawing, clear definition"
"motion"|"The slow motion replay showed the exact moment of the goal."|"A TV screen showing a soccer ball entering the net frozen in slow motion replay, A simple children's painting style, naive art, cute, minimalist, colorful crayon drawing, clear definition"
"motivation"|"He lost his motivation after failing the exam twice."|"A sad boy sitting at a desk staring at two failed exam papers with low scores, A simple children's painting style, naive art, cute, minimalist, colorful crayon drawing, clear definition"
"motive"|"The police couldn't find a clear motive for the crime."|"Two puzzled police officers scratching their heads over an empty evidence board with a question mark, A simple children's painting style, naive art, cute, minimalist, colorful crayon drawing, clear definition"
"motor"|"The motor stopped working in the middle of the lake."|"A small boat stranded in the middle of a blue lake with a broken motor at the back, A simple children's painting style, naive art, cute, minimalist, colorful crayon drawing, clear definition"
"mountain"|"They hiked to the top of the mountain before sunrise."|"Two hikers with backpacks standing on a mountain peak under a dark pre-dawn sky, A simple children's painting style, naive art, cute, minimalist, colorful crayon drawing, clear definition"
"mouse"|"The mouse ran behind the refrigerator."|"A small brown mouse darting behind a white refrigerator in a kitchen, A simple children's painting style, naive art, cute, minimalist, colorful crayon drawing, clear definition"
"mouth"|"Don't talk with your mouth full."|"A child at a dinner table talking with a mouth full of food and crumbs flying out, A simple children's painting style, naive art, cute, minimalist, colorful crayon drawing, clear definition"
"move"|"That was a smart move in the negotiation."|"Two businesspeople at a table shaking hands after one makes a clever gesture with chess pieces nearby, A simple children's painting style, naive art, cute, minimalist, colorful crayon drawing, clear definition"
"movement"|"The civil rights movement changed American history."|"A diverse crowd of people marching together holding signs on a wide city street, A simple children's painting style, naive art, cute, minimalist, colorful crayon drawing, clear definition"
"movie"|"We watched a really good movie last night."|"Two people sitting on a couch smiling at a glowing television screen in a dark living room, A simple children's painting style, naive art, cute, minimalist, colorful crayon drawing, clear definition"
"Mr."|"Mr. Davis called while you were out."|"A person returning home to find a note on the door reading Mr. Davis called, A simple children's painting style, naive art, cute, minimalist, colorful crayon drawing, clear definition"
"Mrs."|"Mrs. Johnson brought cookies to the office."|"A smiling woman carrying a tray of cookies through an office door greeted by coworkers, A simple children's painting style, naive art, cute, minimalist, colorful crayon drawing, clear definition"
"Ms."|"Ms. Rivera will lead the meeting today."|"A confident woman standing at the head of a conference table with colleagues seated around it, A simple children's painting style, naive art, cute, minimalist, colorful crayon drawing, clear definition"
"much"|"I don't have much time before my flight."|"A person rushing through an airport with a rolling suitcase glancing at a large clock, A simple children's painting style, naive art, cute, minimalist, colorful crayon drawing, clear definition"
"much"|"The new version works much better than the old one."|"Two computers side by side one old and broken one new and bright with a big checkmark, A simple children's painting style, naive art, cute, minimalist, colorful crayon drawing, clear definition"
"mud"|"The kids came home covered in mud."|"Two laughing children standing at a front door completely covered head to toe in brown mud, A simple children's painting style, naive art, cute, minimalist, colorful crayon drawing, clear definition"
"multiple"|"She applied to multiple universities at the same time."|"A girl sitting at a desk surrounded by many different university application envelopes being sealed, A simple children's painting style, naive art, cute, minimalist, colorful crayon drawing, clear definition"
"municipal"|"The municipal pool is open on weekends."|"Children and families swimming in a large outdoor public pool with a city building nearby, A simple children's painting style, naive art, cute, minimalist, colorful crayon drawing, clear definition"
"murder"|"The murder was investigated for months before an arrest was made."|"A detective examining a crime scene with a magnifying glass and a calendar with many months crossed off, A simple children's painting style, naive art, cute, minimalist, colorful crayon drawing, clear definition"
"muscle"|"He pulled a muscle during practice."|"A young athlete grimacing and grabbing his leg in pain on a sports field during practice, A simple children's painting style, naive art, cute, minimalist, colorful crayon drawing, clear definition"
"museum"|"The kids loved the dinosaur exhibit at the museum."|"Excited children looking up in awe at a large dinosaur skeleton inside a museum hall, A simple children's painting style, naive art, cute, minimalist, colorful crayon drawing, clear definition"
"mushroom"|"She added mushroom to the pasta sauce."|"A woman dropping sliced mushrooms into a bubbling red pasta sauce in a pan on the stove, A simple children's painting style, naive art, cute, minimalist, colorful crayon drawing, clear definition"
"music"|"He plays music every evening to relax."|"A man sitting in a cozy armchair playing an acoustic guitar in a warm evening living room, A simple children's painting style, naive art, cute, minimalist, colorful crayon drawing, clear definition"
"musical"|"She has always been very musical, even as a child."|"A young girl happily playing piano and singing with musical notes floating around her, A simple children's painting style, naive art, cute, minimalist, colorful crayon drawing, clear definition"
"musician"|"The musician played for hours without stopping."|"A musician sitting on a stool playing guitar on a stage under a spotlight for hours, A simple children's painting style, naive art, cute, minimalist, colorful crayon drawing, clear definition"
"Muslim"|"Her Muslim colleagues fasted during Ramadan."|"A group of colleagues at an office table, one woman in hijab declining food during Ramadan, A simple children's painting style, naive art, cute, minimalist, colorful crayon drawing, clear definition"
"Muslim"|"A Muslim from her neighborhood opened a new restaurant."|"A man in traditional Muslim attire proudly standing at the entrance of his new restaurant, A simple children's painting style, naive art, cute, minimalist, colorful crayon drawing, clear definition"
"must"|"You must wear a seatbelt in the car."|"A person inside a car buckling a seatbelt with a bold reminder sign visible, A simple children's painting style, naive art, cute, minimalist, colorful crayon drawing, clear definition"
"mutual"|"They ended the contract by mutual agreement."|"Two smiling people shaking hands across a table with a contract and pen between them, A simple children's painting style, naive art, cute, minimalist, colorful crayon drawing, clear definition"
"my"|"I left my keys on the kitchen counter."|"A set of keys resting on a kitchen counter next to a fruit bowl, A simple children's painting style, naive art, cute, minimalist, colorful crayon drawing, clear definition"
"myself"|"I made dinner myself tonight."|"A person standing alone in a kitchen proudly serving a home-cooked dinner they prepared, A simple children's painting style, naive art, cute, minimalist, colorful crayon drawing, clear definition"
"mysterious"|"There was a mysterious noise coming from the basement."|"A person at the top of basement stairs looking worried at a dark door with question marks, A simple children's painting style, naive art, cute, minimalist, colorful crayon drawing, clear definition"
"mystery"|"Nobody could solve the mystery of the missing money."|"Several confused people staring at an empty open safe with a big question mark above it, A simple children's painting style, naive art, cute, minimalist, colorful crayon drawing, clear definition"
"myth"|"It's a common myth that you need eight glasses of water a day."|"A person holding eight glasses of water with a large red X crossing out the idea, A simple children's painting style, naive art, cute, minimalist, colorful crayon drawing, clear definition"
"n't"|"She doesn't want to go out tonight."|"A girl sitting on a couch under a blanket shaking her head at an open front door at night, A simple children's painting style, naive art, cute, minimalist, colorful crayon drawing, clear definition"
"nail"|"He hit his thumb with the hammer instead of the nail."|"A man wincing in pain holding his thumb after missing a nail with a hammer, A simple children's painting style, naive art, cute, minimalist, colorful crayon drawing, clear definition"
"naked"|"The baby ran naked through the living room."|"A laughing baby running with no clothes through a bright cheerful living room, A simple children's painting style, naive art, cute, minimalist, colorful crayon drawing, clear definition"
"name"|"What's the name of that restaurant on Fifth Avenue?"|"Two friends on a city sidewalk pointing at a restaurant sign trying to read its name, A simple children's painting style, naive art, cute, minimalist, colorful crayon drawing, clear definition"
"narrative"|"The documentary had a compelling narrative about survival."|"A person watching a documentary on TV showing a dramatic survival story with text on screen, A simple children's painting style, naive art, cute, minimalist, colorful crayon drawing, clear definition"
"narrow"|"The road was too narrow for two cars to pass."|"Two small cars facing each other stuck on a very narrow road between tall walls, A simple children's painting style, naive art, cute, minimalist, colorful crayon drawing, clear definition"
"nasty"|"That was a nasty fall — are you okay?"|"A person lying on the ground after a bad fall with a worried friend kneeling beside them, A simple children's painting style, naive art, cute, minimalist, colorful crayon drawing, clear definition"
"nation"|"The entire nation watched the election results."|"People across many different homes all watching the same election results on their televisions, A simple children's painting style, naive art, cute, minimalist, colorful crayon drawing, clear definition"
"national"|"It's a national holiday, so the banks are closed."|"A bank with a closed sign on the door and people celebrating a holiday in the street outside, A simple children's painting style, naive art, cute, minimalist, colorful crayon drawing, clear definition"
"nationwide"|"The storm caused damage nationwide."|"A map of a country covered in storm clouds and lightning bolts showing widespread damage everywhere, A simple children's painting style, naive art, cute, minimalist, colorful crayon drawing, clear definition"
"native"|"She is a native Spanish speaker."|"A smiling girl with a speech bubble showing the Spanish flag representing her native language, A simple children's painting style, naive art, cute, minimalist, colorful crayon drawing, clear definition"
"natural"|"She has a natural talent for music."|"A young girl effortlessly playing violin beautifully with a glowing star above her head, A simple children's painting style, naive art, cute, minimalist, colorful crayon drawing, clear definition"
"naturally"|"He naturally woke up early."|"A man waking up cheerfully in bed at sunrise with no alarm clock on the nightstand, A simple children's painting style, naive art, cute, minimalist, colorful crayon drawing, clear definition"
"nature"|"We spent the day in nature."|"A family walking happily through a green forest with trees flowers and a bright blue sky, A simple children's painting style, naive art, cute, minimalist, colorful crayon drawing, clear definition"
"naval"|"He joined the naval academy."|"A young man in a naval uniform standing proudly in front of a large academy building by the sea, A simple children's painting style, naive art, cute, minimalist, colorful crayon drawing, clear definition"
"near"|"She sat near the window."|"A woman sitting in a chair very close to a large sunny window inside a cozy room, A simple children's painting style, naive art, cute, minimalist, colorful crayon drawing, clear definition"
"near"|"The school is very near."|"A child walking a very short distance down the street to a school building just steps away, A simple children's painting style, naive art, cute, minimalist, colorful crayon drawing, clear definition"
"near"|"Don't come near!"|"A person holding out both hands with a startled expression warning someone not to approach them, A simple children's painting style, naive art, cute, minimalist, colorful crayon drawing, clear definition"
"nearby"|"There is a nearby hospital."|"A person pointing down the street toward a hospital building visible just around the corner, A simple children's painting style, naive art, cute, minimalist, colorful crayon drawing, clear definition"
"nearby"|"My mom lives nearby."|"A woman waving from her front door to her daughter walking just down the street, A simple children's painting style, naive art, cute, minimalist, colorful crayon drawing, clear definition"
"nearly"|"I nearly missed the bus."|"A person running and reaching out to a bus just closing its doors at a stop, A simple children's painting style, naive art, cute, minimalist, colorful crayon drawing, clear definition"
"neat"|"His room is always neat."|"A tidy boys bedroom with made bed folded clothes and organized shelves, A simple children's painting style, naive art, cute, minimalist, colorful crayon drawing, clear definition"
"necessarily"|"More expensive doesn't necessarily mean better."|"Two price tags side by side one very high one low with equal quality stars above each, A simple children's painting style, naive art, cute, minimalist, colorful crayon drawing, clear definition"
"necessary"|"Is it necessary to bring a ID?"|"A person at a front desk holding up an ID card while a sign says required, A simple children's painting style, naive art, cute, minimalist, colorful crayon drawing, clear definition"
"necessity"|"Water is a basic necessity."|"A glass of water glowing brightly at the center surrounded by basic life icons like food and shelter, A simple children's painting style, naive art, cute, minimalist, colorful crayon drawing, clear definition"
"neck"|"My neck hurts from sleeping wrong."|"A person sitting up in bed holding their neck in pain with a twisted pillow nearby, A simple children's painting style, naive art, cute, minimalist, colorful crayon drawing, clear definition"
"need"|"There is a need for more teachers."|"A classroom with one tired teacher facing a huge crowd of many children, A simple children's painting style, naive art, cute, minimalist, colorful crayon drawing, clear definition"
"needle"|"She threaded the needle carefully."|"A woman carefully pushing a thread through the eye of a large sewing needle, A simple children's painting style, naive art, cute, minimalist, colorful crayon drawing, clear definition"
"negative"|"Try not to have a negative attitude."|"A frowning person with a dark cloud above their head surrounded by cheerful sunny people, A simple children's painting style, naive art, cute, minimalist, colorful crayon drawing, clear definition"
"negotiation"|"The negotiation took three hours."|"Two people sitting across a table talking with a clock on the wall showing three hours passed, A simple children's painting style, naive art, cute, minimalist, colorful crayon drawing, clear definition"
"neighbor"|"My neighbor is very friendly."|"A smiling person waving hello over a garden fence to their next-door neighbor, A simple children's painting style, naive art, cute, minimalist, colorful crayon drawing, clear definition"
"neighborhood"|"This is a safe neighborhood."|"A peaceful street with colorful houses children playing and a friendly police officer waving, A simple children's painting style, naive art, cute, minimalist, colorful crayon drawing, clear definition"
"neighboring"|"The neighboring town has a big market."|"A road sign pointing to a nearby town with a large busy market visible just beyond it, A simple children's painting style, naive art, cute, minimalist, colorful crayon drawing, clear definition"
"neither"|"Neither of us wanted to leave."|"Two children standing at a park gate both crossing their arms not wanting to go home, A simple children's painting style, naive art, cute, minimalist, colorful crayon drawing, clear definition"
"neither"|"Neither option sounds good."|"A person frowning at two plates of unappetizing food with an X above each plate, A simple children's painting style, naive art, cute, minimalist, colorful crayon drawing, clear definition"
"nerve"|"It takes nerve to speak in public."|"A small nervous child standing tall on a stage speaking bravely into a microphone before a big crowd, A simple children's painting style, naive art, cute, minimalist, colorful crayon drawing, clear definition"
"nervous"|"I was nervous before the presentation."|"A person with shaky hands and sweat drops standing outside a door labeled presentation, A simple children's painting style, naive art, cute, minimalist, colorful crayon drawing, clear definition"
"nest"|"There is a bird's nest in the tree."|"A round birds nest with small eggs sitting in the branches of a leafy green tree, A simple children's painting style, naive art, cute, minimalist, colorful crayon drawing, clear definition"
"net"|"The fishing net was full."|"A fisherman pulling a bulging net full of fish out of bright blue water, A simple children's painting style, naive art, cute, minimalist, colorful crayon drawing, clear definition"
"net"|"What is the net price after the discount?"|"A price tag with a big discount crossed out and a smaller final net price circled below, A simple children's painting style, naive art, cute, minimalist, colorful crayon drawing, clear definition"
"network"|"She has a strong professional network."|"A woman at the center of a web of connected smiling people icons representing her contacts, A simple children's painting style, naive art, cute, minimalist, colorful crayon drawing, clear definition"
"neutral"|"Try to stay neutral during the argument."|"Two people arguing on either side while a calm person stands calmly in the middle with hands raised, A simple children's painting style, naive art, cute, minimalist, colorful crayon drawing, clear definition"
"never"|"I have never been to Japan."|"A person looking dreamily at a poster of Japan with a thought bubble showing a crossed-out airplane, A simple children's painting style, naive art, cute, minimalist, colorful crayon drawing, clear definition"
"nevertheless"|"It was raining; nevertheless, we went out."|"Two children in raincoats walking happily outside under heavy rain with umbrellas, A simple children's painting style, naive art, cute, minimalist, colorful crayon drawing, clear definition"
"new"|"I got a new phone yesterday."|"A happy person holding a shiny brand new phone still in its open box, A simple children's painting style, naive art, cute, minimalist, colorful crayon drawing, clear definition"
"newly"|"They are newly married."|"A couple in wedding clothes walking out of a church with confetti falling around them, A simple children's painting style, naive art, cute, minimalist, colorful crayon drawing, clear definition"
"news"|"Did you watch the news today?"|"A person sitting on a sofa watching a television showing a news anchor at a desk, A simple children's painting style, naive art, cute, minimalist, colorful crayon drawing, clear definition"
"newspaper"|"He reads the newspaper every morning."|"A man sitting at a kitchen table drinking coffee and reading an open newspaper in the morning, A simple children's painting style, naive art, cute, minimalist, colorful crayon drawing, clear definition"
"next"|"I get off at the next stop."|"A person standing up on a bus reaching for the stop button as the next bus stop appears outside, A simple children's painting style, naive art, cute, minimalist, colorful crayon drawing, clear definition"
"next"|"She sat next to me."|"A girl sitting right beside a boy on a park bench, shoulders nearly touching, A simple children's painting style, naive art, cute, minimalist, colorful crayon drawing, clear definition"
"nice"|"That was a really nice dinner."|"A happy family smiling around a beautifully set dinner table with candles and food, A simple children's painting style, naive art, cute, minimalist, colorful crayon drawing, clear definition"
"night"|"I can't sleep at night."|"A person lying wide awake in bed staring at the ceiling under a dark starry night sky, A simple children's painting style, naive art, cute, minimalist, colorful crayon drawing, clear definition"
"nightmare"|"I had a nightmare last night."|"A child sitting up in bed looking scared with a dark scary dream cloud above their head, A simple children's painting style, naive art, cute, minimalist, colorful crayon drawing, clear definition"
"nine"|"I have nine cousins."|"A child standing with nine other children around them all smiling together outdoors, A simple children's painting style, naive art, cute, minimalist, colorful crayon drawing, clear definition"
"no"|"There is no milk left."|"A person holding an empty milk carton upside down over an empty glass on a kitchen counter, A simple children's painting style, naive art, cute, minimalist, colorful crayon drawing, clear definition"
"no"|"No, I don't want any."|"A child crossing arms and shaking head refusing a plate of food offered by an adult, A simple children's painting style, naive art, cute, minimalist, colorful crayon drawing, clear definition"
"no"|"No smoking inside the building."|"A red no smoking sign on the glass door of an office building entrance, A simple children's painting style, naive art, cute, minimalist, colorful crayon drawing, clear definition"
"no"|"No, you can't take mine."|"A child holding their toy tightly away from another child who is reaching for it, A simple children's painting style, naive art, cute, minimalist, colorful crayon drawing, clear definition"
"no"|"I have no idea what happened."|"A confused person standing with hands raised and a big question mark floating above their head, A simple children's painting style, naive art, cute, minimalist, colorful crayon drawing, clear definition"
"nobody"|"Nobody knows where she went."|"A group of people shrugging their shoulders looking puzzled at an empty chair in a room, A simple children's painting style, naive art, cute, minimalist, colorful crayon drawing, clear definition"
"noise"|"The noise from the street kept me awake."|"A person in bed covering ears with pillow while loud street sounds float through the window, A simple children's painting style, naive art, cute, minimalist, colorful crayon drawing, clear definition"
"nomination"|"Her nomination surprised everyone on the team."|"A woman looking surprised as teammates around a table react with wide eyes and open mouths, A simple children's painting style, naive art, cute, minimalist, colorful crayon drawing, clear definition"
"nominee"|"The nominee gave a short speech."|"A person standing at a podium speaking to a small seated audience in a bright room, A simple children's painting style, naive art, cute, minimalist, colorful crayon drawing, clear definition"
"none"|"I looked for milk, but there was none left."|"A person opening an empty refrigerator searching for milk with bare shelves inside, A simple children's painting style, naive art, cute, minimalist, colorful crayon drawing, clear definition"
"nonetheless"|"It was raining. We went out nonetheless."|"Two people walking outside under umbrellas smiling despite heavy rain pouring down around them, A simple children's painting style, naive art, cute, minimalist, colorful crayon drawing, clear definition"
"nonprofit"|"She works for a nonprofit organization."|"A smiling woman at a desk in an office with a charity donation box and volunteer posters on the wall, A simple children's painting style, naive art, cute, minimalist, colorful crayon drawing, clear definition"
"noon"|"We usually eat lunch at noon."|"A family sitting down to eat lunch together with a clock on the wall showing twelve o clock, A simple children's painting style, naive art, cute, minimalist, colorful crayon drawing, clear definition"
"nor"|"He doesn't smoke, nor does he drink."|"A man smiling and pushing away both a cigarette and a glass of wine on a table, A simple children's painting style, naive art, cute, minimalist, colorful crayon drawing, clear definition"
"norm"|"Working overtime became the norm there."|"Several office workers still at their desks under bright lights with a dark window showing nighttime outside, A simple children's painting style, naive art, cute, minimalist, colorful crayon drawing, clear definition"
"normal"|"This is a normal part of growing up."|"A child falling off a bicycle and getting back up with a small scraped knee smiling, A simple children's painting style, naive art, cute, minimalist, colorful crayon drawing, clear definition"
"normally"|"I normally wake up at seven."|"A person cheerfully getting out of bed with an alarm clock showing seven o clock on the nightstand, A simple children's painting style, naive art, cute, minimalist, colorful crayon drawing, clear definition"
"north"|"They drove north for three hours."|"A car driving on a straight road with a signpost pointing north under a bright sky, A simple children's painting style, naive art, cute, minimalist, colorful crayon drawing, clear definition"
"northeast"|"The storm is moving toward the northeast."|"A weather map showing a dark storm cloud with an arrow moving toward the northeast corner, A simple children's painting style, naive art, cute, minimalist, colorful crayon drawing, clear definition"
"northern"|"It gets very cold in the northern states."|"A snowy frozen landscape with bare trees and a map outline showing northern states highlighted in blue, A simple children's painting style, naive art, cute, minimalist, colorful crayon drawing, clear definition"
"northwest"|"Portland is in the northwest of the country."|"A simple map of the country with a small city marker glowing in the northwest corner, A simple children's painting style, naive art, cute, minimalist, colorful crayon drawing, clear definition"
"nose"|"She blew her nose and felt better."|"A girl holding a tissue to her nose and blowing with a relieved smile on her face, A simple children's painting style, naive art, cute, minimalist, colorful crayon drawing, clear definition"
"not"|"I'm not ready yet."|"A child still in pajamas holding up one hand as a parent stands by the door ready to leave, A simple children's painting style, naive art, cute, minimalist, colorful crayon drawing, clear definition"
"not"|"Not that I care, but what did he say?"|"Two friends leaning close together whispering with curious expressions in a casual indoor setting, A simple children's painting style, naive art, cute, minimalist, colorful crayon drawing, clear definition"
"note"|"Leave him a note on the fridge."|"A small handwritten note stuck with a magnet on the front of a kitchen refrigerator door, A simple children's painting style, naive art, cute, minimalist, colorful crayon drawing, clear definition"
"notebook"|"She wrote everything down in her notebook."|"A girl sitting at a desk writing carefully in an open notebook with a pen, A simple children's painting style, naive art, cute, minimalist, colorful crayon drawing, clear definition"
"nothing"|"There's nothing in the fridge."|"A child opening a refrigerator door and staring at completely empty shelves inside, A simple children's painting style, naive art, cute, minimalist, colorful crayon drawing, clear definition"
"notice"|"Did you see the notice on the door?"|"A person pointing at a paper notice pinned to a closed wooden door, A simple children's painting style, naive art, cute, minimalist, colorful crayon drawing, clear definition"
"notion"|"I had no notion of how hard it would be."|"A confused boy scratching his head in front of a very tall steep mountain, A simple children's painting style, naive art, cute, minimalist, colorful crayon drawing, clear definition"
"novel"|"I read that novel in two days."|"A boy lying on a couch reading a thick book with two calendar days marked off, A simple children's painting style, naive art, cute, minimalist, colorful crayon drawing, clear definition"
"now"|"I need to leave now."|"A woman grabbing her coat and bag rushing urgently toward an open front door, A simple children's painting style, naive art, cute, minimalist, colorful crayon drawing, clear definition"
"now"|"Now that you're here, we can start."|"A group of children sitting around a table smiling as one last friend arrives to join them, A simple children's painting style, naive art, cute, minimalist, colorful crayon drawing, clear definition"
"nowhere"|"My keys are nowhere to be found."|"A frustrated boy searching under a couch cushion and on shelves for missing keys, A simple children's painting style, naive art, cute, minimalist, colorful crayon drawing, clear definition"
"nuclear"|"The city is near a nuclear power plant."|"A small colorful city with houses next to a large nuclear power plant with cooling towers, A simple children's painting style, naive art, cute, minimalist, colorful crayon drawing, clear definition"
"number"|"What's your phone number?"|"A boy holding a phone asking a girl who points to a number written on a notepad, A simple children's painting style, naive art, cute, minimalist, colorful crayon drawing, clear definition"
"numerous"|"She received numerous complaints."|"A woman at a desk looking overwhelmed by a huge pile of complaint letters stacked high, A simple children's painting style, naive art, cute, minimalist, colorful crayon drawing, clear definition"
"nurse"|"The nurse checked my blood pressure."|"A nurse in white uniform wrapping a blood pressure cuff around a seated patients arm, A simple children's painting style, naive art, cute, minimalist, colorful crayon drawing, clear definition"
"nut"|"He grabbed a handful of nuts from the bowl."|"A smiling boy reaching his hand into a bowl full of mixed nuts on a table, A simple children's painting style, naive art, cute, minimalist, colorful crayon drawing, clear definition"
"nutrient"|"Spinach is packed with nutrients."|"A bunch of fresh green spinach leaves glowing with small colorful sparkles around them, A simple children's painting style, naive art, cute, minimalist, colorful crayon drawing, clear definition"
"o'clock"|"The meeting starts at nine o'clock."|"People gathering around a conference table as a wall clock shows exactly nine o clock, A simple children's painting style, naive art, cute, minimalist, colorful crayon drawing, clear definition"
"oak"|"There's a huge oak tree in the backyard."|"A massive wide oak tree with thick trunk and broad leafy branches standing in a backyard, A simple children's painting style, naive art, cute, minimalist, colorful crayon drawing, clear definition"
"object"|"There's a strange object under the table."|"A child kneeling down and peering under a table at a mysterious glowing strange object, A simple children's painting style, naive art, cute, minimalist, colorful crayon drawing, clear definition"
"objection"|"The lawyer raised an objection."|"A lawyer in a courtroom standing up with one hand raised firmly toward the judge, A simple children's painting style, naive art, cute, minimalist, colorful crayon drawing, clear definition"
"objective"|"Our main objective is to reduce costs."|"A team around a whiteboard with an arrow pointing down toward a dollar sign target, A simple children's painting style, naive art, cute, minimalist, colorful crayon drawing, clear definition"
"obligation"|"You have an obligation to tell the truth."|"A child standing before a judge pointing solemnly at a sign that reads tell the truth, A simple children's painting style, naive art, cute, minimalist, colorful crayon drawing, clear definition"
"observation"|"After careful observation, she found the problem."|"A woman leaning close with a magnifying glass carefully examining a broken machine part, A simple children's painting style, naive art, cute, minimalist, colorful crayon drawing, clear definition"
"observer"|"An independent observer watched the election."|"A person with a clipboard and badge standing apart watching people drop votes into a ballot box, A simple children's painting style, naive art, cute, minimalist, colorful crayon drawing, clear definition"
"obstacle"|"Fear is the biggest obstacle to success."|"A small figure standing frozen before a giant dark wall blocking a bright sunny path ahead, A simple children's painting style, naive art, cute, minimalist, colorful crayon drawing, clear definition"
"obvious"|"The answer is obvious once you see it."|"A child staring at a simple puzzle with a bright lightbulb appearing above their head, A simple children's painting style, naive art, cute, minimalist, colorful crayon drawing, clear definition"
"obviously"|"She was obviously upset about something."|"A girl sitting at a table with arms crossed frowning clearly with tears on her cheeks, A simple children's painting style, naive art, cute, minimalist, colorful crayon drawing, clear definition"
"occasion"|"We only drink wine on special occasions."|"A family dressed up clinking wine glasses together around a decorated celebration dinner table, A simple children's painting style, naive art, cute, minimalist, colorful crayon drawing, clear definition"
"occasional"|"He makes occasional trips to New York."|"A man pulling a suitcase toward an airplane with a New York skyline in the background, A simple children's painting style, naive art, cute, minimalist, colorful crayon drawing, clear definition"
"occasionally"|"I occasionally work on weekends."|"A person sitting at a laptop on a sunny weekend with a calendar showing Saturday on the wall, A simple children's painting style, naive art, cute, minimalist, colorful crayon drawing, clear definition"
"occupation"|"Please state your name and occupation."|"A person at a front desk filling out a form with name and occupation fields visible, A simple children's painting style, naive art, cute, minimalist, colorful crayon drawing, clear definition"
"ocean"|"They swam in the ocean all afternoon."|"Two children splashing and swimming happily in wide blue ocean waves under a bright sun, A simple children's painting style, naive art, cute, minimalist, colorful crayon drawing, clear definition"
"odd"|"That's an odd place to leave your keys."|"A bunch of keys sitting inside a refrigerator next to food, looking out of place, A simple children's painting style, naive art, cute, minimalist, colorful crayon drawing, clear definition"
"odds"|"The odds of winning the lottery are very low."|"A person holding a lottery ticket next to a giant stack of losing tickets and one tiny trophy, A simple children's painting style, naive art, cute, minimalist, colorful crayon drawing, clear definition"
"of"|"She's a friend of mine."|"Two smiling girls standing together waving, one pointing to the other with a happy expression, A simple children's painting style, naive art, cute, minimalist, colorful crayon drawing, clear definition"
"off"|"Turn the lights off before you leave."|"A person flipping a light switch down as a room goes dark before walking out the door, A simple children's painting style, naive art, cute, minimalist, colorful crayon drawing, clear definition"
"off"|"She jumped off the bridge into the water."|"A girl leaping off a wooden bridge into a sparkling blue river below, A simple children's painting style, naive art, cute, minimalist, colorful crayon drawing, clear definition"
"offender"|"The offender was sentenced to two years in prison."|"A judge pointing at a guilty person standing before a courtroom, prison bars visible in background, A simple children's painting style, naive art, cute, minimalist, colorful crayon drawing, clear definition"
"offense"|"Running a red light is a traffic offense."|"A car speeding through a bright red traffic light while a police officer watches and writes a ticket, A simple children's painting style, naive art, cute, minimalist, colorful crayon drawing, clear definition"
"offensive"|"His comment was really offensive."|"A man saying something from a speech bubble while a woman nearby looks shocked and upset, A simple children's painting style, naive art, cute, minimalist, colorful crayon drawing, clear definition"
"offer"|"She got a job offer from a big company."|"A smiling woman holding an envelope labeled job offer in front of a tall office building, A simple children's painting style, naive art, cute, minimalist, colorful crayon drawing, clear definition"
"offering"|"The restaurant has a seasonal offering of pumpkin soup."|"A waiter presenting a steaming bowl of orange pumpkin soup at a restaurant table with autumn leaves around, A simple children's painting style, naive art, cute, minimalist, colorful crayon drawing, clear definition"
"office"|"His office is on the third floor."|"A man at a desk with a computer inside a room on the third floor of a building, windows showing the floor number, A simple children's painting style, naive art, cute, minimalist, colorful crayon drawing, clear definition"
"officer"|"The officer asked to see her license."|"A police officer in uniform holding out a hand toward a woman who is showing her drivers license, A simple children's painting style, naive art, cute, minimalist, colorful crayon drawing, clear definition"
"official"|"She is a government official."|"A woman in a formal suit standing in front of a government building holding official documents, A simple children's painting style, naive art, cute, minimalist, colorful crayon drawing, clear definition"
"official"|"We're still waiting for the official results."|"A group of people gathered around a blank scoreboard waiting anxiously for numbers to appear, A simple children's painting style, naive art, cute, minimalist, colorful crayon drawing, clear definition"
"officially"|"The store is officially open as of today."|"A smiling shopkeeper cutting a ribbon in front of a bright new store with an open sign on the door, A simple children's painting style, naive art, cute, minimalist, colorful crayon drawing, clear definition"
"often"|"How often do you go to the gym?"|"A person in workout clothes carrying a gym bag walking through gym doors with a calendar showing many checkmarks, A simple children's painting style, naive art, cute, minimalist, colorful crayon drawing, clear definition"
"oh"|"Oh, I forgot my wallet at home."|"A person at a store counter patting empty pockets with a surprised open mouth and a wallet left behind on a table at home, A simple children's painting style, naive art, cute, minimalist, colorful crayon drawing, clear definition"
"oil"|"Add a little oil to the pan before cooking."|"A hand pouring a thin stream of golden oil from a bottle into a frying pan on a stove, A simple children's painting style, naive art, cute, minimalist, colorful crayon drawing, clear definition"
"ok"|"He said ok and sat down."|"A boy giving a thumbs up with a smile then sitting down in a chair, A simple children's painting style, naive art, cute, minimalist, colorful crayon drawing, clear definition"
"OK"|"Is everything OK with you?"|"A friend placing a hand on another persons shoulder asking with a gentle concerned smile if they are alright, A simple children's painting style, naive art, cute, minimalist, colorful crayon drawing, clear definition"
"okay"|"She nodded and said okay."|"A girl nodding her head with a calm smile agreeing to something a friend is saying, A simple children's painting style, naive art, cute, minimalist, colorful crayon drawing, clear definition"
"okay"|"The food was okay, but nothing special."|"A person at a restaurant table with a plate of food giving a so-so hand gesture, looking neither pleased nor disappointed, A simple children's painting style, naive art, cute, minimalist, colorful crayon drawing, clear definition"
"old"|"My grandfather is 82 years old."|"A cheerful elderly man with white hair and wrinkles sitting in a chair holding a birthday cake with many candles, A simple children's painting style, naive art, cute, minimalist, colorful crayon drawing, clear definition"
"old-fashioned"|"That hairstyle looks a bit old-fashioned now."|"A person with a very outdated puffy hairstyle looking in a mirror while modern people nearby look at them with surprise, A simple children's painting style, naive art, cute, minimalist, colorful crayon drawing, clear definition"
"Olympic"|"She has always dreamed of winning an Olympic medal."|"A girl on a podium holding up a gold medal with Olympic rings visible on a banner behind her, A simple children's painting style, naive art, cute, minimalist, colorful crayon drawing, clear definition"
"Olympics"|"The Olympics are held every four years."|"A colorful stadium full of cheering fans with Olympic rings on a big banner and athletes marching below, A simple children's painting style, naive art, cute, minimalist, colorful crayon drawing, clear definition"
"on"|"Your phone is on the table."|"A smartphone sitting flat on top of a wooden table in a bright room, A simple children's painting style, naive art, cute, minimalist, colorful crayon drawing, clear definition"
"on"|"Leave the TV on while I shower."|"A glowing television playing cartoons in a living room while a person walks toward a bathroom with steam coming out, A simple children's painting style, naive art, cute, minimalist, colorful crayon drawing, clear definition"
"once"|"I only went there once."|"A person standing in front of a landmark with a single checkmark on a small notebook, showing only one visit, A simple children's painting style, naive art, cute, minimalist, colorful crayon drawing, clear definition"
"once"|"Once you try it, you'll love it."|"A child hesitantly taking a first bite of a new food and suddenly lighting up with a huge happy smile, A simple children's painting style, naive art, cute, minimalist, colorful crayon drawing, clear definition"
"one"|"She has one brother and two sisters."|"A girl standing with one boy and two girls labeled as her siblings, A simple children's painting style, naive art, cute, minimalist, colorful crayon drawing, clear definition"
"one"|"One of my coworkers brought cake today."|"A smiling office worker carrying a decorated cake into a workplace with colleagues around, A simple children's painting style, naive art, cute, minimalist, colorful crayon drawing, clear definition"
"one"|"This is the one I was talking about."|"A child pointing at a single red apple on a table while talking to a friend, A simple children's painting style, naive art, cute, minimalist, colorful crayon drawing, clear definition"
"one-third"|"One-third of the students failed the test."|"A classroom of students with one-third of them holding papers marked with a red X, A simple children's painting style, naive art, cute, minimalist, colorful crayon drawing, clear definition"
"ongoing"|"The investigation is still ongoing."|"A detective at a desk surrounded by open files and a board with clues still pinned up, A simple children's painting style, naive art, cute, minimalist, colorful crayon drawing, clear definition"
"onion"|"I always cry when I cut onions."|"A person crying with tears while chopping a large onion on a kitchen cutting board, A simple children's painting style, naive art, cute, minimalist, colorful crayon drawing, clear definition"
"online"|"I found an online course about photography."|"A person at a laptop smiling at a photography course webpage with camera images on screen, A simple children's painting style, naive art, cute, minimalist, colorful crayon drawing, clear definition"
"online"|"She shops online almost every week."|"A woman sitting on a sofa with a laptop browsing a shopping website with items in a cart, A simple children's painting style, naive art, cute, minimalist, colorful crayon drawing, clear definition"
"only"|"I only have ten minutes before my meeting."|"A person looking anxiously at a wall clock showing ten minutes before a meeting room door, A simple children's painting style, naive art, cute, minimalist, colorful crayon drawing, clear definition"
"only"|"That's the only key to the apartment."|"A single key lying alone on a table in front of an apartment door, A simple children's painting style, naive art, cute, minimalist, colorful crayon drawing, clear definition"
"onto"|"The cat jumped onto the counter."|"A fluffy cat leaping through the air and landing on a kitchen counter, A simple children's painting style, naive art, cute, minimalist, colorful crayon drawing, clear definition"
"open"|"Is the pharmacy open on Sundays?"|"A pharmacy storefront with a bright open sign lit up on a sunny Sunday morning, A simple children's painting style, naive art, cute, minimalist, colorful crayon drawing, clear definition"
"opening"|"The opening of the new park attracted a big crowd."|"A large cheerful crowd gathered at the ribbon-cutting ceremony of a colorful new park, A simple children's painting style, naive art, cute, minimalist, colorful crayon drawing, clear definition"
"openly"|"She talked openly about her struggles."|"A woman sitting in a circle of attentive friends speaking with open confident gestures, A simple children's painting style, naive art, cute, minimalist, colorful crayon drawing, clear definition"
"opera"|"Have you ever been to the opera?"|"A grand theater interior with a singer performing on a lit stage before a formal audience, A simple children's painting style, naive art, cute, minimalist, colorful crayon drawing, clear definition"
"operating"|"The factory is now operating at full capacity."|"A busy factory floor with all machines running and workers actively moving around, A simple children's painting style, naive art, cute, minimalist, colorful crayon drawing, clear definition"
"operation"|"The operation lasted about three hours."|"Surgeons in scrubs and masks working around a patient on an operating table under bright lights, A simple children's painting style, naive art, cute, minimalist, colorful crayon drawing, clear definition"
"operator"|"A phone operator helped me reschedule my appointment."|"A smiling woman wearing a telephone headset sitting at a desk helping a caller, A simple children's painting style, naive art, cute, minimalist, colorful crayon drawing, clear definition"
"opinion"|"In my opinion, the movie was too long."|"A person leaving a cinema yawning and giving a thumbs down after a very long movie, A simple children's painting style, naive art, cute, minimalist, colorful crayon drawing, clear definition"
"opponent"|"She shook hands with her opponent after the match."|"Two tennis players shaking hands warmly at the net after a match, A simple children's painting style, naive art, cute, minimalist, colorful crayon drawing, clear definition"
"opportunity"|"This is a great opportunity to learn something new."|"A happy person opening a large bright door revealing books and a glowing path beyond, A simple children's painting style, naive art, cute, minimalist, colorful crayon drawing, clear definition"
"opposed"|"I'm opposed to working on weekends."|"A person crossing their arms and frowning in front of a calendar showing Saturday and Sunday, A simple children's painting style, naive art, cute, minimalist, colorful crayon drawing, clear definition"
"opposite"|"The coffee shop is on the opposite side of the street."|"A person pointing across a wide street toward a cozy coffee shop on the far sidewalk, A simple children's painting style, naive art, cute, minimalist, colorful crayon drawing, clear definition"
"opposition"|"There was strong opposition to the new rule."|"A crowd of people holding protest signs in front of a building with a new rules poster, A simple children's painting style, naive art, cute, minimalist, colorful crayon drawing, clear definition"
"optimistic"|"She's optimistic about getting the job."|"A smiling woman holding a job application envelope while imagining herself at a bright new desk, A simple children's painting style, naive art, cute, minimalist, colorful crayon drawing, clear definition"
"option"|"You have two options: stay or leave."|"A person standing at a fork in a road with one sign saying stay and one saying leave, A simple children's painting style, naive art, cute, minimalist, colorful crayon drawing, clear definition"
"or"|"Do you want coffee or tea?"|"A person looking thoughtfully at a cup of coffee and a cup of tea placed side by side, A simple children's painting style, naive art, cute, minimalist, colorful crayon drawing, clear definition"
"oral"|"The oral exam is next Monday."|"A nervous student standing before a teacher and speaking aloud in a bright classroom, A simple children's painting style, naive art, cute, minimalist, colorful crayon drawing, clear definition"
"orange"|"She painted the wall orange."|"A woman with a paintbrush covering a wall with bright orange paint in a cheerful room, A simple children's painting style, naive art, cute, minimalist, colorful crayon drawing, clear definition"
"orange"|"I had an orange for breakfast."|"A person sitting at a breakfast table peeling a bright orange fruit beside a glass of juice, A simple children's painting style, naive art, cute, minimalist, colorful crayon drawing, clear definition"
"orbit"|"The satellite is in orbit around Earth."|"A small silver satellite circling a large blue and green Earth in dark space, A simple children's painting style, naive art, cute, minimalist, colorful crayon drawing, clear definition"
"order"|"I'd like to place an order, please."|"A smiling customer at a restaurant table talking to a waiter holding a notepad, A simple children's painting style, naive art, cute, minimalist, colorful crayon drawing, clear definition"
"ordinary"|"It was just an ordinary Tuesday."|"A person sitting at a plain desk doing routine work on a calm unremarkable weekday, A simple children's painting style, naive art, cute, minimalist, colorful crayon drawing, clear definition"
"organ"|"The heart is a vital organ."|"A bright red heart glowing inside a human chest with arteries visible around it, A simple children's painting style, naive art, cute, minimalist, colorful crayon drawing, clear definition"
"organic"|"She only buys organic vegetables."|"A woman at a market choosing vegetables from a stand with an organic label sign, A simple children's painting style, naive art, cute, minimalist, colorful crayon drawing, clear definition"
"organism"|"Bacteria are single-celled organisms."|"Tiny round and rod-shaped bacteria magnified under a microscope on a glass slide, A simple children's painting style, naive art, cute, minimalist, colorful crayon drawing, clear definition"
"organization"|"He works for a nonprofit organization."|"A smiling man at a desk inside an office with a nonprofit charity logo on the wall, A simple children's painting style, naive art, cute, minimalist, colorful crayon drawing, clear definition"
"organizational"|"We need better organizational skills on this team."|"A team around a messy table with papers everywhere while one person draws an organized chart, A simple children's painting style, naive art, cute, minimalist, colorful crayon drawing, clear definition"
"organized"|"She's very organized at work."|"A woman at a tidy desk with labeled folders color-coded binders and a neat to-do list, A simple children's painting style, naive art, cute, minimalist, colorful crayon drawing, clear definition"
"orientation"|"New students have orientation on Monday."|"A group of new students sitting in a bright room listening to a teacher giving a welcome talk, A simple children's painting style, naive art, cute, minimalist, colorful crayon drawing, clear definition"
"origin"|"What's the origin of this word?"|"A person looking at a large open dictionary with a magnifying glass over a word entry, A simple children's painting style, naive art, cute, minimalist, colorful crayon drawing, clear definition"
"original"|"That's an original idea."|"A person holding a glowing bright lightbulb above their head with a big smile on their face, A simple children's painting style, naive art, cute, minimalist, colorful crayon drawing, clear definition"
"originally"|"She originally planned to stay for a week."|"A woman looking at a calendar with one week circled while holding a much longer timeline scroll, A simple children's painting style, naive art, cute, minimalist, colorful crayon drawing, clear definition"
"other"|"Do you have any other questions?"|"A teacher standing at a board smiling at a student with a raised hand in a classroom, A simple children's painting style, naive art, cute, minimalist, colorful crayon drawing, clear definition"
"other"|"Some people liked it, but others didn't — and other thought it was okay."|"Three people with different facial expressions happy neutral and unhappy looking at the same object, A simple children's painting style, naive art, cute, minimalist, colorful crayon drawing, clear definition"
"other"|"Other than that, everything is fine."|"A person shrugging cheerfully next to one small problem while everything else around them looks perfectly fine, A simple children's painting style, naive art, cute, minimalist, colorful crayon drawing, clear definition"
"others"|"Others may disagree, but I think it's a good idea."|"One person standing confidently with a thumbs up while a group behind them shakes their heads, A simple children's painting style, naive art, cute, minimalist, colorful crayon drawing, clear definition"
"otherwise"|"Study hard, otherwise you'll fail the test."|"A student choosing between studying at a desk and a failed test paper with a big red X, A simple children's painting style, naive art, cute, minimalist, colorful crayon drawing, clear definition"
"ought"|"You ought to call her and apologize."|"A person holding a phone looking guilty while a friend beside them points encouragingly at the phone, A simple children's painting style, naive art, cute, minimalist, colorful crayon drawing, clear definition"
"our"|"Our flight leaves at six in the morning."|"A family pulling luggage through an airport at sunrise with a departure board showing six AM, A simple children's painting style, naive art, cute, minimalist, colorful crayon drawing, clear definition"
"ours"|"That table by the window is ours."|"Two people pointing happily at a reserved table next to a bright sunny restaurant window, A simple children's painting style, naive art, cute, minimalist, colorful crayon drawing, clear definition"
"ourselves"|"We cooked the whole dinner ourselves."|"Two people proudly standing in a kitchen next to a full home-cooked dinner spread on the table, A simple children's painting style, naive art, cute, minimalist, colorful crayon drawing, clear definition"
"out"|"She walked out and closed the door."|"A woman stepping outside through a doorway and pulling the door closed behind her, A simple children's painting style, naive art, cute, minimalist, colorful crayon drawing, clear definition"
"out"|"Get out of my room!"|"An angry child pointing at the open bedroom door while another child hurries toward the exit, A simple children's painting style, naive art, cute, minimalist, colorful crayon drawing, clear definition"
"outcome"|"We're all waiting for the outcome of the election."|"A crowd of people watching a large screen displaying election results with a question mark still showing, A simple children's painting style, naive art, cute, minimalist, colorful crayon drawing, clear definition"
"outdoor"|"They have an outdoor seating area."|"People sitting at tables with chairs outside a café surrounded by plants under an open sky, A simple children's painting style, naive art, cute, minimalist, colorful crayon drawing, clear definition"
"outer"|"The outer wall of the house needs painting."|"A person standing outside a house looking at a peeling faded exterior wall with a paint bucket nearby, A simple children's painting style, naive art, cute, minimalist, colorful crayon drawing, clear definition"
"outfit"|"She wore a really cute outfit to the party."|"A smiling girl in a colorful stylish outfit standing at a cheerful birthday party with balloons, A simple children's painting style, naive art, cute, minimalist, colorful crayon drawing, clear definition"
"outlet"|"Can I use that outlet to charge my phone?"|"A person plugging a phone charger into a wall electrical outlet with a low battery icon on the phone, A simple children's painting style, naive art, cute, minimalist, colorful crayon drawing, clear definition"
"output"|"The factory increased its output this year."|"A factory with a conveyor belt full of products and a rising arrow chart visible on the wall, A simple children's painting style, naive art, cute, minimalist, colorful crayon drawing, clear definition"
"outside"|"Leave your shoes outside the door."|"Two pairs of shoes left on a doormat just outside a closed front door, A simple children's painting style, naive art, cute, minimalist, colorful crayon drawing, clear definition"
"outside"|"It's cold outside today."|"A child bundled in a scarf and coat standing outside in the snow near a house, A simple children's painting style, naive art, cute, minimalist, colorful crayon drawing, clear definition"
"outside"|"Let's find an outside table."|"Two friends sitting at a table on an outdoor café patio under a sunny sky, A simple children's painting style, naive art, cute, minimalist, colorful crayon drawing, clear definition"
"outsider"|"He always felt like an outsider at school."|"A lonely boy standing apart from a cheerful group of kids in a school playground, A simple children's painting style, naive art, cute, minimalist, colorful crayon drawing, clear definition"
"outstanding"|"She did an outstanding job on the project."|"A smiling girl holding a project poster with a gold star and a big A plus grade, A simple children's painting style, naive art, cute, minimalist, colorful crayon drawing, clear definition"
"oven"|"Preheat the oven to 350 degrees."|"A person turning the dial on a kitchen oven glowing warm orange inside, A simple children's painting style, naive art, cute, minimalist, colorful crayon drawing, clear definition"
"over"|"The cat jumped over the fence."|"An orange cat leaping gracefully over a wooden garden fence in a backyard, A simple children's painting style, naive art, cute, minimalist, colorful crayon drawing, clear definition"
"over"|"The movie is finally over."|"People leaving cinema seats as end credits roll on a large movie screen, A simple children's painting style, naive art, cute, minimalist, colorful crayon drawing, clear definition"
"overall"|"The overall result was very positive."|"A teacher showing a happy student a report card with all positive green checkmarks and high scores, A simple children's painting style, naive art, cute, minimalist, colorful crayon drawing, clear definition"
"overall"|"Overall, it was a great trip."|"A happy family smiling with luggage in front of landmarks from a vacation scrapbook, A simple children's painting style, naive art, cute, minimalist, colorful crayon drawing, clear definition"
"overnight"|"The package arrived overnight."|"A delivery person leaving a box at a front door in the dark of night under a moon, A simple children's painting style, naive art, cute, minimalist, colorful crayon drawing, clear definition"
"overwhelming"|"The response was overwhelming."|"A person buried under a huge pile of letters and messages overflowing from a mailbox, A simple children's painting style, naive art, cute, minimalist, colorful crayon drawing, clear definition"
"own"|"She has her own car."|"A proud young woman standing beside a small car with a key in her hand, A simple children's painting style, naive art, cute, minimalist, colorful crayon drawing, clear definition"
"owner"|"The owner of the restaurant greeted us."|"A smiling man in an apron welcoming guests at the entrance of his restaurant, A simple children's painting style, naive art, cute, minimalist, colorful crayon drawing, clear definition"
"ownership"|"Homeownership is a big milestone."|"A happy couple holding a house key in front of their new home with a sold sign, A simple children's painting style, naive art, cute, minimalist, colorful crayon drawing, clear definition"
"oxygen"|"The doctor gave him oxygen."|"A doctor placing an oxygen mask over a patients face in a bright hospital room, A simple children's painting style, naive art, cute, minimalist, colorful crayon drawing, clear definition"
"pace"|"He set a fast pace during the run."|"A determined runner leading a group on a track, leaning forward at high speed, A simple children's painting style, naive art, cute, minimalist, colorful crayon drawing, clear definition"
"pack"|"She put a pack of gum in her bag."|"A girl dropping a small rectangular pack of chewing gum into an open handbag, A simple children's painting style, naive art, cute, minimalist, colorful crayon drawing, clear definition"
"package"|"There's a package for you at the door."|"A brown cardboard package sitting on a welcome mat in front of a closed front door, A simple children's painting style, naive art, cute, minimalist, colorful crayon drawing, clear definition"
"pad"|"She grabbed a pad to write down the number."|"A woman reaching for a small notepad and pencil to write down a phone number, A simple children's painting style, naive art, cute, minimalist, colorful crayon drawing, clear definition"
"page"|"Turn to page 42."|"A child carefully turning through an open book with the number 42 visible on a page, A simple children's painting style, naive art, cute, minimalist, colorful crayon drawing, clear definition"
"pain"|"She felt a sharp pain in her knee."|"A woman sitting on a bench wincing and holding her knee with both hands, A simple children's painting style, naive art, cute, minimalist, colorful crayon drawing, clear definition"
"painful"|"The injection was really painful."|"A child grimacing and gripping a chair arm as a nurse gives an injection in the arm, A simple children's painting style, naive art, cute, minimalist, colorful crayon drawing, clear definition"
"paint"|"There's fresh paint on the wall."|"A wet shiny freshly painted bright yellow wall with a paint roller resting nearby, A simple children's painting style, naive art, cute, minimalist, colorful crayon drawing, clear definition"
"painter"|"The painter finished the bedroom in one day."|"A person in paint-splattered overalls rolling white paint onto a bedroom wall, A simple children's painting style, naive art, cute, minimalist, colorful crayon drawing, clear definition"
"painting"|"That painting is worth a fortune."|"A framed colorful canvas painting hanging on a museum wall with a large price tag, A simple children's painting style, naive art, cute, minimalist, colorful crayon drawing, clear definition"
"pair"|"I need a new pair of shoes."|"A person in a shoe store holding up two matching new shoes with a big smile, A simple children's painting style, naive art, cute, minimalist, colorful crayon drawing, clear definition"
"palace"|"They took a tour of the royal palace."|"A group of tourists walking through the grand gates of a large ornate royal palace, A simple children's painting style, naive art, cute, minimalist, colorful crayon drawing, clear definition"
"pale"|"She looked pale after hearing the news."|"A girl with a white face and wide eyes sitting on a sofa after hearing shocking news, A simple children's painting style, naive art, cute, minimalist, colorful crayon drawing, clear definition"
"Palestinian"|"Palestinian culture has a rich history."|"Colorful traditional Palestinian embroidered garments and pottery displayed at a cultural festival, A simple children's painting style, naive art, cute, minimalist, colorful crayon drawing, clear definition"
"Palestinian"|"A Palestinian spoke at the conference."|"A person standing at a podium speaking to an audience in a conference room, A simple children's painting style, naive art, cute, minimalist, colorful crayon drawing, clear definition"
"palm"|"He held the coin in his palm."|"A hand with an open palm holding a shiny coin, close-up view, A simple children's painting style, naive art, cute, minimalist, colorful crayon drawing, clear definition"
"pan"|"Heat some oil in the pan."|"A frying pan on a stove with golden oil heating inside it, A simple children's painting style, naive art, cute, minimalist, colorful crayon drawing, clear definition"
"panel"|"A panel of experts discussed the issue."|"Four experts sitting at a long table with microphones at a conference, A simple children's painting style, naive art, cute, minimalist, colorful crayon drawing, clear definition"
"panic"|"There was panic in the crowd."|"A crowd of people running in all directions with frightened expressions on their faces, A simple children's painting style, naive art, cute, minimalist, colorful crayon drawing, clear definition"
"pant"|"He was in just a pant and a t-shirt."|"A smiling man wearing casual trousers and a plain t-shirt standing relaxed, A simple children's painting style, naive art, cute, minimalist, colorful crayon drawing, clear definition"
"paper"|"Can you hand me that paper?"|"A person reaching out to hand a sheet of paper to someone else, A simple children's painting style, naive art, cute, minimalist, colorful crayon drawing, clear definition"
"parade"|"The kids loved the parade."|"Excited children watching a colorful parade with floats and musicians on a street, A simple children's painting style, naive art, cute, minimalist, colorful crayon drawing, clear definition"
"parent"|"Her parent picked her up after school."|"A smiling parent holding a young girl's hand outside a school building, A simple children's painting style, naive art, cute, minimalist, colorful crayon drawing, clear definition"
"parental"|"Parental support makes a big difference."|"A parent sitting beside a child at a desk helping with homework and smiling, A simple children's painting style, naive art, cute, minimalist, colorful crayon drawing, clear definition"
"parish"|"The whole parish gathered for the funeral."|"A large group of people gathered outside a small church on a solemn day, A simple children's painting style, naive art, cute, minimalist, colorful crayon drawing, clear definition"
"park"|"The kids are playing at the park."|"Children laughing and playing on swings and slides in a sunny green park, A simple children's painting style, naive art, cute, minimalist, colorful crayon drawing, clear definition"
"parking"|"Parking in this area is free on weekends."|"Several cars parked neatly along a quiet street on a weekend afternoon, A simple children's painting style, naive art, cute, minimalist, colorful crayon drawing, clear definition"
"part"|"This is the best part of the movie."|"A child pointing excitedly at a big movie screen showing a dramatic scene, A simple children's painting style, naive art, cute, minimalist, colorful crayon drawing, clear definition"
"part"|"She is part French and part Brazilian."|"A girl holding a French flag in one hand and a Brazilian flag in the other, A simple children's painting style, naive art, cute, minimalist, colorful crayon drawing, clear definition"
"part"|"He was part of the problem."|"A boy standing among a group of children looking guilty beside a broken vase, A simple children's painting style, naive art, cute, minimalist, colorful crayon drawing, clear definition"
"partial"|"She has a partial view of the ocean from her room."|"A girl at a window seeing only a small slice of the blue ocean beyond buildings, A simple children's painting style, naive art, cute, minimalist, colorful crayon drawing, clear definition"
"partially"|"The road was partially blocked."|"A road with a large fallen tree blocking one side while cars pass on the other, A simple children's painting style, naive art, cute, minimalist, colorful crayon drawing, clear definition"
"participant"|"Every participant received a certificate."|"A line of smiling people each receiving a rolled certificate from a presenter on stage, A simple children's painting style, naive art, cute, minimalist, colorful crayon drawing, clear definition"
"participation"|"Your participation is really appreciated."|"A group of diverse people raising hands enthusiastically during a classroom activity, A simple children's painting style, naive art, cute, minimalist, colorful crayon drawing, clear definition"
"particle"|"Dust particles filled the air."|"Tiny floating dust specks visible in a beam of sunlight inside a quiet room, A simple children's painting style, naive art, cute, minimalist, colorful crayon drawing, clear definition"
"particular"|"Is there a particular reason you're asking?"|"A curious person leaning forward with a raised eyebrow asking a question to another, A simple children's painting style, naive art, cute, minimalist, colorful crayon drawing, clear definition"
"particular"|"In particular, I liked the ending."|"A person pointing at the final page of a book with a big smile of satisfaction, A simple children's painting style, naive art, cute, minimalist, colorful crayon drawing, clear definition"
"particularly"|"I'm not particularly hungry right now."|"A person sitting at a table with a full plate of food pushing it gently away, A simple children's painting style, naive art, cute, minimalist, colorful crayon drawing, clear definition"
"partly"|"The delay was partly my fault."|"A person raising one hand apologetically while looking at a clock showing a late time, A simple children's painting style, naive art, cute, minimalist, colorful crayon drawing, clear definition"
"partner"|"She introduced me to her business partner."|"Two people shaking hands in an office while a third person smiles and gestures, A simple children's painting style, naive art, cute, minimalist, colorful crayon drawing, clear definition"
"partnership"|"They built a strong partnership over the years."|"Two people shaking hands firmly in front of a shared office with a team behind them, A simple children's painting style, naive art, cute, minimalist, colorful crayon drawing, clear definition"
"party"|"We're throwing a party this Saturday."|"A living room decorated with balloons and streamers with happy people celebrating together, A simple children's painting style, naive art, cute, minimalist, colorful crayon drawing, clear definition"
"pass"|"He made a great pass in the final minute."|"A soccer player kicking the ball precisely to a teammate near the goal in a stadium, A simple children's painting style, naive art, cute, minimalist, colorful crayon drawing, clear definition"
"passage"|"Read the passage carefully before answering."|"A student sitting at a desk reading a highlighted paragraph in an open textbook, A simple children's painting style, naive art, cute, minimalist, colorful crayon drawing, clear definition"
"passenger"|"The passenger fell asleep on the flight."|"A tired passenger sleeping in an airplane seat with a window view of clouds, A simple children's painting style, naive art, cute, minimalist, colorful crayon drawing, clear definition"
"passing"|"It was just a passing thought."|"A person walking by with a small thought bubble that quickly fades away above their head, A simple children's painting style, naive art, cute, minimalist, colorful crayon drawing, clear definition"
"passion"|"Cooking is her passion."|"A woman smiling joyfully while stirring a pot on a stove surrounded by colorful ingredients, A simple children's painting style, naive art, cute, minimalist, colorful crayon drawing, clear definition"
"past"|"She made some past mistakes."|"A woman looking at a timeline on a wall with red X marks on old calendar pages, A simple children's painting style, naive art, cute, minimalist, colorful crayon drawing, clear definition"
"past"|"Let's forget the past."|"Two friends smiling and turning away from a faded old photo album on a table, A simple children's painting style, naive art, cute, minimalist, colorful crayon drawing, clear definition"
"past"|"She walked past the store."|"A woman walking by a colorful shop front without stopping, store behind her, A simple children's painting style, naive art, cute, minimalist, colorful crayon drawing, clear definition"
"past"|"He drove past without stopping."|"A car driving past a house on a road without slowing down, seen from the sidewalk, A simple children's painting style, naive art, cute, minimalist, colorful crayon drawing, clear definition"
"pasta"|"I had pasta for dinner."|"A bowl of steaming pasta with red tomato sauce on a dinner table, A simple children's painting style, naive art, cute, minimalist, colorful crayon drawing, clear definition"
"pastor"|"The pastor gave a short sermon."|"A smiling pastor standing at a wooden pulpit speaking to a small church congregation, A simple children's painting style, naive art, cute, minimalist, colorful crayon drawing, clear definition"
"patch"|"He put a patch on his jeans."|"A boy sewing a colorful fabric patch onto the knee of his blue jeans, A simple children's painting style, naive art, cute, minimalist, colorful crayon drawing, clear definition"
"patent"|"She filed a patent for her invention."|"A woman handing official patent documents to a clerk at a government office desk, A simple children's painting style, naive art, cute, minimalist, colorful crayon drawing, clear definition"
"path"|"Follow the path through the park."|"A winding dirt path leading through a green sunny park with trees on both sides, A simple children's painting style, naive art, cute, minimalist, colorful crayon drawing, clear definition"
"patience"|"You need patience to learn a language."|"A child sitting calmly at a desk studying a foreign language book with a smile, A simple children's painting style, naive art, cute, minimalist, colorful crayon drawing, clear definition"
"patient"|"The patient waited for the doctor."|"A person sitting in a clinic waiting room chair holding a number ticket, A simple children's painting style, naive art, cute, minimalist, colorful crayon drawing, clear definition"
"patient"|"Try to be patient — it takes time."|"A child calmly waiting beside a slowly growing plant with a gentle smile, A simple children's painting style, naive art, cute, minimalist, colorful crayon drawing, clear definition"
"patrol"|"A police patrol passed by every hour."|"A police car slowly driving past a quiet neighborhood street on patrol, A simple children's painting style, naive art, cute, minimalist, colorful crayon drawing, clear definition"
"patron"|"The museum depends on its patrons."|"Smiling people handing donation envelopes to a museum employee at the entrance, A simple children's painting style, naive art, cute, minimalist, colorful crayon drawing, clear definition"
"pattern"|"I noticed a pattern in his behavior."|"A person pointing at a chart showing a repeated sequence of identical symbols, A simple children's painting style, naive art, cute, minimalist, colorful crayon drawing, clear definition"
"pause"|"There was a long pause before she answered."|"A woman sitting silently at a table with a thought bubble showing silence before speaking, A simple children's painting style, naive art, cute, minimalist, colorful crayon drawing, clear definition"
"pay"|"The pay at that job is really low."|"A sad worker receiving a very small stack of coins as a paycheck at a desk, A simple children's painting style, naive art, cute, minimalist, colorful crayon drawing, clear definition"
"payment"|"The payment is due on Friday."|"A person handing money to a cashier in front of a calendar showing Friday circled, A simple children's painting style, naive art, cute, minimalist, colorful crayon drawing, clear definition"
"PC"|"My PC crashed this morning."|"A desktop computer with a cracked screen showing an error message on a desk, A simple children's painting style, naive art, cute, minimalist, colorful crayon drawing, clear definition"
"peace"|"All she wanted was some peace and quiet."|"A woman sitting alone in a cozy armchair in a quiet sunny room with eyes closed, A simple children's painting style, naive art, cute, minimalist, colorful crayon drawing, clear definition"
"peaceful"|"The lake looks so peaceful in the morning."|"A calm glassy lake surrounded by green trees reflecting soft morning sunlight, A simple children's painting style, naive art, cute, minimalist, colorful crayon drawing, clear definition"
"peak"|"Tourism hits its peak in the summer."|"A busy beach town packed with tourists under a bright summer sun, A simple children's painting style, naive art, cute, minimalist, colorful crayon drawing, clear definition"
"peanut"|"He eats peanut butter every morning."|"A boy spreading peanut butter on toast at a breakfast table in the morning, A simple children's painting style, naive art, cute, minimalist, colorful crayon drawing, clear definition"
"peasant"|"The peasants worked the land for centuries."|"Farmers in simple clothes working with tools in a wide open field under a blue sky, A simple children's painting style, naive art, cute, minimalist, colorful crayon drawing, clear definition"
"peer"|"She was well respected by her peers."|"A smiling woman surrounded by coworkers who are clapping and looking at her admiringly, A simple children's painting style, naive art, cute, minimalist, colorful crayon drawing, clear definition"
"pen"|"Can I borrow your pen?"|"A child reaching out their hand to borrow a pen from a classmate at a school desk, A simple children's painting style, naive art, cute, minimalist, colorful crayon drawing, clear definition"
"penalty"|"There's a penalty for late payment."|"A person receiving an official fine notice stamped with a red warning for a late bill, A simple children's painting style, naive art, cute, minimalist, colorful crayon drawing, clear definition"
"pencil"|"Write it in pencil so you can erase it."|"A child writing on paper with a pencil, then erasing a mistake with the eraser end, A simple children's painting style, naive art, cute, minimalist, colorful crayon drawing, clear definition"
"pension"|"She lives on her pension."|"An elderly woman smiling at home, holding a pension check near a cozy armchair, A simple children's painting style, naive art, cute, minimalist, colorful crayon drawing, clear definition"
"people"|"A lot of people showed up for the event."|"A large cheerful crowd of people gathered outdoors at a colorful event with balloons, A simple children's painting style, naive art, cute, minimalist, colorful crayon drawing, clear definition"
"pepper"|"Add some pepper to taste."|"A cook sprinkling black pepper from a shaker over a steaming bowl of food, A simple children's painting style, naive art, cute, minimalist, colorful crayon drawing, clear definition"
"per"|"This plan costs $10 per month."|"A calendar showing one month with a $10 price tag attached to it on a desk, A simple children's painting style, naive art, cute, minimalist, colorful crayon drawing, clear definition"
"perceived"|"The risk was perceived as very low."|"A person looking at a small warning sign through a magnifying glass with a relaxed expression, A simple children's painting style, naive art, cute, minimalist, colorful crayon drawing, clear definition"
"percentage"|"What percentage of students passed?"|"A teacher pointing to a pie chart on a chalkboard showing student pass percentage, A simple children's painting style, naive art, cute, minimalist, colorful crayon drawing, clear definition"
"perception"|"Her perception of the situation was wrong."|"A woman looking at a simple scene but imagining it incorrectly in a thought bubble above her head, A simple children's painting style, naive art, cute, minimalist, colorful crayon drawing, clear definition"
"perfect"|"The weather was perfect for a picnic."|"A happy family having a picnic on green grass under a bright blue sunny sky, A simple children's painting style, naive art, cute, minimalist, colorful crayon drawing, clear definition"
"perfectly"|"She handled the situation perfectly."|"A confident smiling woman standing calmly with arms open while everything around her is in order, A simple children's painting style, naive art, cute, minimalist, colorful crayon drawing, clear definition"
"performance"|"His performance at the concert was amazing."|"A musician playing guitar on a concert stage with bright spotlights and a cheering audience, A simple children's painting style, naive art, cute, minimalist, colorful crayon drawing, clear definition"
"performer"|"She's a talented performer."|"A young woman singing on a stage under a spotlight with a microphone, smiling at the crowd, A simple children's painting style, naive art, cute, minimalist, colorful crayon drawing, clear definition"
"perhaps"|"Perhaps we should leave early."|"Two friends standing at a door looking at each other thoughtfully with question marks above their heads, A simple children's painting style, naive art, cute, minimalist, colorful crayon drawing, clear definition"
"period"|"That was a difficult period in my life."|"A person sitting alone looking sad, with a timeline on the wall marking a highlighted difficult phase, A simple children's painting style, naive art, cute, minimalist, colorful crayon drawing, clear definition"
"permanent"|"The damage was permanent."|"A cracked wall with a large visible crack that has a no-repair symbol next to it, A simple children's painting style, naive art, cute, minimalist, colorful crayon drawing, clear definition"
"permission"|"You need permission to enter."|"A guard at a door holding up a hand to stop someone who is waiting with a permission slip, A simple children's painting style, naive art, cute, minimalist, colorful crayon drawing, clear definition"
"permit"|"Do you have a work permit?"|"A worker holding up an official work permit document at a building entrance checkpoint, A simple children's painting style, naive art, cute, minimalist, colorful crayon drawing, clear definition"
"Persian"|"She has a beautiful Persian rug in her living room."|"A woman standing proudly next to a colorful patterned Persian rug on a living room floor, A simple children's painting style, naive art, cute, minimalist, colorful crayon drawing, clear definition"
"person"|"I need to speak to the person in charge."|"An employee pointing toward a manager sitting at a desk with a name tag reading in charge, A simple children's painting style, naive art, cute, minimalist, colorful crayon drawing, clear definition"
"personal"|"That's a very personal question."|"A person looking surprised and uncomfortable as someone asks them an awkward question face to face, A simple children's painting style, naive art, cute, minimalist, colorful crayon drawing, clear definition"
"personality"|"She has a warm and outgoing personality."|"A cheerful woman with open arms greeting a group of smiling friends in a sunny park, A simple children's painting style, naive art, cute, minimalist, colorful crayon drawing, clear definition"
"personally"|"I personally think we should leave early."|"A person pointing to themselves confidently while speaking to a small group of listening friends, A simple children's painting style, naive art, cute, minimalist, colorful crayon drawing, clear definition"
"personnel"|"All personnel must wear a badge."|"A row of workers in uniforms each wearing a visible name badge at an office entrance, A simple children's painting style, naive art, cute, minimalist, colorful crayon drawing, clear definition"
"perspective"|"Try to see things from her perspective."|"Two people standing on opposite sides of an object each seeing it differently shown in thought bubbles, A simple children's painting style, naive art, cute, minimalist, colorful crayon drawing, clear definition"
"pet"|"My pet rabbit sleeps all day."|"A fluffy white rabbit sleeping peacefully in a cozy cage with soft bedding and a food bowl, A simple children's painting style, naive art, cute, minimalist, colorful crayon drawing, clear definition"
"phase"|"We're in the final phase of the project."|"A team pointing happily at a progress chart with the last section labeled final phase highlighted, A simple children's painting style, naive art, cute, minimalist, colorful crayon drawing, clear definition"
"phenomenon"|"Climate change is a global phenomenon."|"A globe surrounded by melting ice caps storm clouds and rising temperatures showing climate change, A simple children's painting style, naive art, cute, minimalist, colorful crayon drawing, clear definition"
"philosophical"|"He gave a very philosophical answer."|"A thoughtful man sitting with chin on hand surrounded by floating question marks and thought bubbles, A simple children's painting style, naive art, cute, minimalist, colorful crayon drawing, clear definition"
"philosophy"|"Her philosophy is to always be kind."|"A smiling woman helping a stranger with a heart symbol above her head representing her life motto, A simple children's painting style, naive art, cute, minimalist, colorful crayon drawing, clear definition"
"phone"|"My phone ran out of battery."|"A sad-faced smartphone lying on a table with an empty battery icon displayed on its screen, A simple children's painting style, naive art, cute, minimalist, colorful crayon drawing, clear definition"
"photo"|"Can you take a photo of us?"|"A person holding a camera pointing at a smiling couple outdoors, A simple children's painting style, naive art, cute, minimalist, colorful crayon drawing, clear definition"
"photograph"|"There's an old photograph on the wall."|"A faded old framed photograph hanging on a living room wall, A simple children's painting style, naive art, cute, minimalist, colorful crayon drawing, clear definition"
"photographer"|"The photographer asked us to smile."|"A photographer with a big camera asking a group of people to smile, A simple children's painting style, naive art, cute, minimalist, colorful crayon drawing, clear definition"
"photography"|"She's taking a class in photography."|"A woman in a classroom holding a camera while a teacher points at photos on a board, A simple children's painting style, naive art, cute, minimalist, colorful crayon drawing, clear definition"
"phrase"|"That phrase means something different in the South."|"A speech bubble with written words floating above a map of the southern United States, A simple children's painting style, naive art, cute, minimalist, colorful crayon drawing, clear definition"
"physical"|"The job requires a lot of physical effort."|"A worker lifting heavy boxes and sweating at a construction site, A simple children's painting style, naive art, cute, minimalist, colorful crayon drawing, clear definition"
"physically"|"He's physically exhausted after the game."|"A boy slumped on a bench in sports clothes sweating after a soccer game, A simple children's painting style, naive art, cute, minimalist, colorful crayon drawing, clear definition"
"physician"|"My physician told me to rest for a week."|"A doctor in a white coat telling a patient lying in bed to rest, A simple children's painting style, naive art, cute, minimalist, colorful crayon drawing, clear definition"
"physics"|"Physics was my hardest class in high school."|"A confused student staring at a blackboard full of physics equations in a classroom, A simple children's painting style, naive art, cute, minimalist, colorful crayon drawing, clear definition"
"piano"|"She's been playing piano since she was five."|"A young girl sitting at a grand piano playing cheerfully in a bright room, A simple children's painting style, naive art, cute, minimalist, colorful crayon drawing, clear definition"
"pickup"|"He drove his old pickup to the farm."|"A man driving a rusty old pickup truck down a dirt road toward a farm, A simple children's painting style, naive art, cute, minimalist, colorful crayon drawing, clear definition"
"picture"|"There's a picture of the whole family in the living room."|"A large framed family portrait hanging on a living room wall above a sofa, A simple children's painting style, naive art, cute, minimalist, colorful crayon drawing, clear definition"
"pie"|"She baked an apple pie from scratch."|"A woman pulling a golden apple pie out of a warm oven in a kitchen, A simple children's painting style, naive art, cute, minimalist, colorful crayon drawing, clear definition"
"piece"|"Can I have another piece of cake?"|"A child pointing eagerly at a slice of cake being cut on a plate, A simple children's painting style, naive art, cute, minimalist, colorful crayon drawing, clear definition"
"pig"|"The kids loved feeding the pigs on the farm."|"Happy children tossing food to pink pigs leaning over a wooden fence on a farm, A simple children's painting style, naive art, cute, minimalist, colorful crayon drawing, clear definition"
"pile"|"There's a pile of dirty clothes on the floor."|"A tall messy pile of dirty laundry sitting on a bedroom floor, A simple children's painting style, naive art, cute, minimalist, colorful crayon drawing, clear definition"
"pill"|"Take this pill twice a day with water."|"A hand holding a small round pill next to a glass of water on a table, A simple children's painting style, naive art, cute, minimalist, colorful crayon drawing, clear definition"
"pillow"|"I need a softer pillow to sleep."|"A person lying in bed squishing a fluffy white pillow under their head, A simple children's painting style, naive art, cute, minimalist, colorful crayon drawing, clear definition"
"pilot"|"The pilot announced a slight delay."|"A uniformed pilot speaking into a microphone inside an airplane cockpit, A simple children's painting style, naive art, cute, minimalist, colorful crayon drawing, clear definition"
"pin"|"She used a pin to attach the name tag."|"A woman pressing a small pin through a name tag onto a jacket lapel, A simple children's painting style, naive art, cute, minimalist, colorful crayon drawing, clear definition"
"pine"|"There were tall pine trees all around the cabin."|"A small wooden cabin surrounded by tall green pine trees in a forest, A simple children's painting style, naive art, cute, minimalist, colorful crayon drawing, clear definition"
"pink"|"She wore a bright pink jacket to the party."|"A smiling girl in a bright pink jacket walking into a colorful party, A simple children's painting style, naive art, cute, minimalist, colorful crayon drawing, clear definition"
"pioneer"|"She was a pioneer in computer science."|"A woman standing proudly in front of an early computer with a trophy on her desk, A simple children's painting style, naive art, cute, minimalist, colorful crayon drawing, clear definition"
"pipe"|"A pipe burst and flooded the bathroom."|"Water spraying wildly from a burst pipe flooding a bathroom floor, A simple children's painting style, naive art, cute, minimalist, colorful crayon drawing, clear definition"
"pistol"|"The detective found a pistol in the drawer."|"A detective carefully opening a drawer and discovering a pistol inside, A simple children's painting style, naive art, cute, minimalist, colorful crayon drawing, clear definition"
"pit"|"There's a large pit in the middle of the road."|"A large deep hole in the middle of a road with warning signs around it, A simple children's painting style, naive art, cute, minimalist, colorful crayon drawing, clear definition"
"pitch"|"His sales pitch convinced half the room."|"A confident man presenting enthusiastically to an audience of people in a meeting room, A simple children's painting style, naive art, cute, minimalist, colorful crayon drawing, clear definition"
"pitcher"|"He filled the pitcher with fresh lemonade."|"A man pouring bright yellow lemonade into a tall glass pitcher on a kitchen counter, A simple children's painting style, naive art, cute, minimalist, colorful crayon drawing, clear definition"
"pizza"|"We ordered pizza and watched a movie."|"Two friends sitting on a sofa sharing a pizza box while watching television together, A simple children's painting style, naive art, cute, minimalist, colorful crayon drawing, clear definition"
"place"|"This is my favorite place in the city."|"A person smiling with open arms standing in a beautiful sunny city square, A simple children's painting style, naive art, cute, minimalist, colorful crayon drawing, clear definition"
"placement"|"Her placement in the advanced group was well-deserved."|"A smiling girl standing proudly at the front of an advanced classroom group, A simple children's painting style, naive art, cute, minimalist, colorful crayon drawing, clear definition"
"plain"|"She prefers plain yogurt with no sugar."|"A woman holding a white bowl of plain yogurt with no toppings on a kitchen table, A simple children's painting style, naive art, cute, minimalist, colorful crayon drawing, clear definition"
"plain"|"Cattle graze across the open plain."|"A herd of cows grazing on a wide flat green plain under a big blue sky, A simple children's painting style, naive art, cute, minimalist, colorful crayon drawing, clear definition"
"plaintiff"|"The plaintiff filed a lawsuit against the company."|"A person standing in a courtroom handing legal documents to a judge, A simple children's painting style, naive art, cute, minimalist, colorful crayon drawing, clear definition"
"plan"|"Do you have a plan for the weekend?"|"A person sitting at a desk writing a weekend plan in a notebook with a smile, A simple children's painting style, naive art, cute, minimalist, colorful crayon drawing, clear definition"
"plane"|"Our plane lands at six in the morning."|"A passenger plane touching down on a runway at early morning with sunrise colors, A simple children's painting style, naive art, cute, minimalist, colorful crayon drawing, clear definition"
"planet"|"Earth is the only planet we know with life."|"The planet Earth glowing blue and green in space surrounded by other gray planets, A simple children's painting style, naive art, cute, minimalist, colorful crayon drawing, clear definition"
"planner"|"She writes everything in her planner."|"A woman sitting at a desk writing notes into an open daily planner book, A simple children's painting style, naive art, cute, minimalist, colorful crayon drawing, clear definition"
"planning"|"Good planning made the event a success."|"A person reviewing a detailed checklist and event diagram at a table before a party, A simple children's painting style, naive art, cute, minimalist, colorful crayon drawing, clear definition"
"plant"|"She waters her plant every morning."|"A woman pouring water from a small can onto a green potted plant by a sunny window, A simple children's painting style, naive art, cute, minimalist, colorful crayon drawing, clear definition"
"plastic"|"The toy is made of plastic."|"A colorful toy car on a table with a label showing it is made of plastic, A simple children's painting style, naive art, cute, minimalist, colorful crayon drawing, clear definition"
"plate"|"She put the food on a clean plate."|"A woman placing a meal of vegetables and rice onto a clean white plate on a table, A simple children's painting style, naive art, cute, minimalist, colorful crayon drawing, clear definition"
"platform"|"The train stopped at platform three."|"A train stopped beside a station platform with a large number three sign, A simple children's painting style, naive art, cute, minimalist, colorful crayon drawing, clear definition"
"play"|"The kids put on a play at school."|"Children in costumes performing on a small stage in front of a school audience, A simple children's painting style, naive art, cute, minimalist, colorful crayon drawing, clear definition"
"player"|"He's the best player on the team."|"A soccer player in a jersey celebrating a goal while teammates cheer around him, A simple children's painting style, naive art, cute, minimalist, colorful crayon drawing, clear definition"
"playoff"|"They lost in the first round of the playoff."|"A sad sports team sitting on a bench after losing a playoff game on a big court, A simple children's painting style, naive art, cute, minimalist, colorful crayon drawing, clear definition"
"plea"|"The lawyer made a plea for mercy."|"A lawyer standing in a courtroom with hands raised making an emotional appeal to a judge, A simple children's painting style, naive art, cute, minimalist, colorful crayon drawing, clear definition"
"pleasant"|"The weather today is really pleasant."|"A person smiling and relaxing outdoors on a park bench under a warm sunny sky, A simple children's painting style, naive art, cute, minimalist, colorful crayon drawing, clear definition"
"please"|"Could you please close the door?"|"A person politely gesturing toward an open door asking someone nearby to close it, A simple children's painting style, naive art, cute, minimalist, colorful crayon drawing, clear definition"
"pleased"|"I'm very pleased with the results."|"A smiling person holding up a test paper with a big red A grade looking very happy, A simple children's painting style, naive art, cute, minimalist, colorful crayon drawing, clear definition"
"pleasure"|"It's a pleasure to meet you."|"Two people shaking hands warmly and smiling when meeting each other for the first time, A simple children's painting style, naive art, cute, minimalist, colorful crayon drawing, clear definition"
"plenty"|"There's plenty of food for everyone."|"A long table overflowing with colorful dishes and food with many happy people gathered around, A simple children's painting style, naive art, cute, minimalist, colorful crayon drawing, clear definition"
"plot"|"The plot of the movie was confusing."|"A person sitting in a cinema looking puzzled with a question mark above their head watching a screen, A simple children's painting style, naive art, cute, minimalist, colorful crayon drawing, clear definition"
"plus"|"The total is thirty dollars plus tax."|"A receipt on a counter showing thirty dollars with a plus sign and a tax amount below, A simple children's painting style, naive art, cute, minimalist, colorful crayon drawing, clear definition"
"PM"|"The meeting starts at three PM."|"A clock on a wall showing three in the afternoon with people gathering around a meeting table, A simple children's painting style, naive art, cute, minimalist, colorful crayon drawing, clear definition"
"pocket"|"He put his keys in his pocket."|"A boy dropping a set of keys into the front pocket of his jeans, A simple children's painting style, naive art, cute, minimalist, colorful crayon drawing, clear definition"
"poem"|"She wrote a poem about her grandmother."|"A girl sitting at a desk writing in a notebook with a photo of her grandmother nearby, A simple children's painting style, naive art, cute, minimalist, colorful crayon drawing, clear definition"
"poet"|"He is my favorite poet."|"A man sitting under a tree writing verses in a notebook with books of poetry around him, A simple children's painting style, naive art, cute, minimalist, colorful crayon drawing, clear definition"
"poetry"|"She reads poetry before bed."|"A girl lying in bed reading a poetry book by lamplight before going to sleep, A simple children's painting style, naive art, cute, minimalist, colorful crayon drawing, clear definition"
"point"|"That's a really good point."|"Two people in conversation with one nodding and pointing a finger making a strong argument, A simple children's painting style, naive art, cute, minimalist, colorful crayon drawing, clear definition"
"pole"|"The flag is attached to a tall pole."|"A colorful flag waving at the top of a tall metal pole outdoors, A simple children's painting style, naive art, cute, minimalist, colorful crayon drawing, clear definition"
"police"|"The police arrived in minutes."|"Two police cars with flashing lights parked in front of a building, officers stepping out, A simple children's painting style, naive art, cute, minimalist, colorful crayon drawing, clear definition"
"policeman"|"The policeman helped the lost child."|"A kind policeman in uniform kneeling down to help a small crying lost child on a sidewalk, A simple children's painting style, naive art, cute, minimalist, colorful crayon drawing, clear definition"
"policy"|"The company has a strict no-smoking policy."|"A no-smoking sign posted prominently on the wall inside a clean modern office, A simple children's painting style, naive art, cute, minimalist, colorful crayon drawing, clear definition"
"political"|"It was a very political decision."|"Two politicians in suits shaking hands in front of a government building with flags, A simple children's painting style, naive art, cute, minimalist, colorful crayon drawing, clear definition"
"politically"|"He tried to stay politically neutral."|"A man sitting between two arguing groups holding both hands up calmly in a balanced pose, A simple children's painting style, naive art, cute, minimalist, colorful crayon drawing, clear definition"
"politician"|"The politician gave a speech downtown."|"A smiling politician standing at a podium giving a speech on a busy downtown street, A simple children's painting style, naive art, cute, minimalist, colorful crayon drawing, clear definition"
"politics"|"She doesn't like to talk about politics at dinner."|"A woman at a dinner table waving her hand dismissively while others discuss politics around her, A simple children's painting style, naive art, cute, minimalist, colorful crayon drawing, clear definition"
"poll"|"According to the latest poll, most people agree."|"A bar chart showing most people agreeing on a clipboard labeled poll results, A simple children's painting style, naive art, cute, minimalist, colorful crayon drawing, clear definition"
"pollution"|"Air pollution is a serious problem in big cities."|"A city skyline covered in thick grey smog with factory smokestacks releasing dark clouds, A simple children's painting style, naive art, cute, minimalist, colorful crayon drawing, clear definition"
"pond"|"There are ducks swimming in the pond."|"Two cheerful ducks paddling on a small calm pond surrounded by green grass and flowers, A simple children's painting style, naive art, cute, minimalist, colorful crayon drawing, clear definition"
"pool"|"The kids spent all day in the pool."|"Happy children splashing and swimming in a bright blue outdoor swimming pool on a sunny day, A simple children's painting style, naive art, cute, minimalist, colorful crayon drawing, clear definition"
"poor"|"The family was too poor to buy new clothes."|"A sad family in worn torn clothing standing outside a small shabby house, A simple children's painting style, naive art, cute, minimalist, colorful crayon drawing, clear definition"
"pop"|"She loves listening to pop."|"A happy girl wearing headphones dancing to music with colorful musical notes floating around her, A simple children's painting style, naive art, cute, minimalist, colorful crayon drawing, clear definition"
"popular"|"That restaurant is very popular on weekends."|"A busy restaurant with a long line of cheerful people waiting outside on a sunny weekend, A simple children's painting style, naive art, cute, minimalist, colorful crayon drawing, clear definition"
"popularity"|"His popularity grew after the interview."|"A smiling man surrounded by a growing crowd of fans cheering and clapping after a TV interview, A simple children's painting style, naive art, cute, minimalist, colorful crayon drawing, clear definition"
"population"|"The city has a population of two million."|"A dense colorful city full of many tiny people walking on busy streets between tall buildings, A simple children's painting style, naive art, cute, minimalist, colorful crayon drawing, clear definition"
"porch"|"We sat on the porch and watched the sunset."|"Two people sitting on a wooden porch in rocking chairs watching a golden sunset together, A simple children's painting style, naive art, cute, minimalist, colorful crayon drawing, clear definition"
"pork"|"He ordered pork ribs at the restaurant."|"A man at a restaurant table smiling at a large plate of juicy pork ribs just served, A simple children's painting style, naive art, cute, minimalist, colorful crayon drawing, clear definition"
"port"|"The ship arrived at the port this morning."|"A large ship docking at a busy harbor port in the early morning light, A simple children's painting style, naive art, cute, minimalist, colorful crayon drawing, clear definition"
"portfolio"|"She showed her portfolio to the client."|"A woman sitting across a table showing a large open portfolio of drawings to a client, A simple children's painting style, naive art, cute, minimalist, colorful crayon drawing, clear definition"
"portion"|"The portion size at that place is huge."|"A wide-eyed customer staring at an enormous oversized plate of food at a restaurant table, A simple children's painting style, naive art, cute, minimalist, colorful crayon drawing, clear definition"
"portrait"|"He painted a portrait of his mother."|"A man standing at an easel painting a framed portrait of a smiling woman on canvas, A simple children's painting style, naive art, cute, minimalist, colorful crayon drawing, clear definition"
"position"|"She applied for a position at the company."|"A woman handing her resume to a suited manager inside a bright modern company office, A simple children's painting style, naive art, cute, minimalist, colorful crayon drawing, clear definition"
"positive"|"Try to stay positive even when things are hard."|"A person smiling and giving a thumbs up surrounded by dark storm clouds with a small sunshine breaking through, A simple children's painting style, naive art, cute, minimalist, colorful crayon drawing, clear definition"
"possession"|"The police found the weapon in his possession."|"A police officer holding up a found weapon next to a surprised man during a street stop, A simple children's painting style, naive art, cute, minimalist, colorful crayon drawing, clear definition"
"possibility"|"There's a possibility of rain tomorrow."|"A weather forecast board showing a sun and a rain cloud side by side with a question mark, A simple children's painting style, naive art, cute, minimalist, colorful crayon drawing, clear definition"
"possible"|"Is it possible to change the reservation?"|"A person at a hotel front desk politely asking the receptionist to change a booking in a notebook, A simple children's painting style, naive art, cute, minimalist, colorful crayon drawing, clear definition"
"possibly"|"Could you possibly help me with this?"|"A person reaching out a hand toward a friend with a hopeful expression asking for help with a task, A simple children's painting style, naive art, cute, minimalist, colorful crayon drawing, clear definition"
"post"|"She got a post at the university."|"A happy woman holding an acceptance letter standing in front of a large university building, A simple children's painting style, naive art, cute, minimalist, colorful crayon drawing, clear definition"
"poster"|"There's a poster of Einstein on my wall."|"A large Einstein poster with wild hair hanging on a bedroom wall, A simple children's painting style, naive art, cute, minimalist, colorful crayon drawing, clear definition"
"pot"|"The soup is still in the pot."|"A steaming pot of thick soup sitting on a kitchen stove, A simple children's painting style, naive art, cute, minimalist, colorful crayon drawing, clear definition"
"potato"|"I had a baked potato for lunch."|"A child eating a baked potato with steam rising from it on a plate, A simple children's painting style, naive art, cute, minimalist, colorful crayon drawing, clear definition"
"potential"|"She has a lot of potential as a writer."|"A young woman at a desk writing in a notebook surrounded by glowing stars, A simple children's painting style, naive art, cute, minimalist, colorful crayon drawing, clear definition"
"potential"|"This idea has real potential."|"A person holding a glowing light bulb above their head with a big smile, A simple children's painting style, naive art, cute, minimalist, colorful crayon drawing, clear definition"
"potentially"|"This could potentially save us a lot of money."|"A happy family looking at a piggy bank overflowing with coins on a table, A simple children's painting style, naive art, cute, minimalist, colorful crayon drawing, clear definition"
"pound"|"I need a pound of ground beef."|"A person at a butcher shop counter holding a wrapped package of ground beef, A simple children's painting style, naive art, cute, minimalist, colorful crayon drawing, clear definition"
"poverty"|"Many families in the area live in poverty."|"Several families standing outside small worn-down houses on a narrow street, A simple children's painting style, naive art, cute, minimalist, colorful crayon drawing, clear definition"
"powder"|"She put powder on the baby's skin."|"A woman gently applying white powder to a smiling baby lying on a changing table, A simple children's painting style, naive art, cute, minimalist, colorful crayon drawing, clear definition"
"power"|"The storm knocked out the power."|"A dark house with no lights during a heavy storm with lightning outside, A simple children's painting style, naive art, cute, minimalist, colorful crayon drawing, clear definition"
"powerful"|"That was a very powerful speech."|"A person standing at a podium giving a speech to a large cheering crowd, A simple children's painting style, naive art, cute, minimalist, colorful crayon drawing, clear definition"
"practical"|"That's a practical solution to the problem."|"A person pointing cheerfully at a simple clean diagram solving a tangled mess, A simple children's painting style, naive art, cute, minimalist, colorful crayon drawing, clear definition"
"practically"|"I practically ran to catch the bus."|"A person sprinting with outstretched arms toward a bus about to close its doors, A simple children's painting style, naive art, cute, minimalist, colorful crayon drawing, clear definition"
"practice"|"Practice makes perfect."|"A child practicing piano at a keyboard repeatedly with musical notes floating around, A simple children's painting style, naive art, cute, minimalist, colorful crayon drawing, clear definition"
"practitioner"|"She's a general practitioner at a local clinic."|"A smiling woman doctor in a white coat examining a patient at a small clinic, A simple children's painting style, naive art, cute, minimalist, colorful crayon drawing, clear definition"
"praise"|"The teacher gave her a lot of praise."|"A teacher smiling and placing a gold star sticker on a happy girl student, A simple children's painting style, naive art, cute, minimalist, colorful crayon drawing, clear definition"
"prayer"|"He said a short prayer before the meal."|"A boy sitting at a dinner table with hands clasped and eyes closed before eating, A simple children's painting style, naive art, cute, minimalist, colorful crayon drawing, clear definition"
"precious"|"Time is precious, so don't waste it."|"A person holding a glowing hourglass carefully with both hands looking thoughtful, A simple children's painting style, naive art, cute, minimalist, colorful crayon drawing, clear definition"
"precise"|"Can you give me the precise address?"|"A person pointing at an exact spot on a map with a magnifying glass, A simple children's painting style, naive art, cute, minimalist, colorful crayon drawing, clear definition"
"precisely"|"That's precisely what I was trying to say."|"Two people facing each other with one pointing and the other nodding enthusiastically in agreement, A simple children's painting style, naive art, cute, minimalist, colorful crayon drawing, clear definition"
"predator"|"The lion is a natural predator."|"A lion crouching low in tall golden grass watching a distant animal, A simple children's painting style, naive art, cute, minimalist, colorful crayon drawing, clear definition"
"prediction"|"His prediction turned out to be wrong."|"A man looking at a forecast chart with a big red X marked over his guess, A simple children's painting style, naive art, cute, minimalist, colorful crayon drawing, clear definition"
"preference"|"Do you have a preference for window or aisle?"|"A person on an airplane pointing happily at the window seat while another looks at the aisle, A simple children's painting style, naive art, cute, minimalist, colorful crayon drawing, clear definition"
"pregnancy"|"She found out about the pregnancy last week."|"A woman holding a positive pregnancy test with a surprised happy expression at home, A simple children's painting style, naive art, cute, minimalist, colorful crayon drawing, clear definition"
"pregnant"|"My sister is six months pregnant."|"A smiling woman with a large round belly standing in a sunny living room, A simple children's painting style, naive art, cute, minimalist, colorful crayon drawing, clear definition"
"preliminary"|"We're still in the preliminary stages of the project."|"A team gathered around a whiteboard with early rough sketches and step-one notes, A simple children's painting style, naive art, cute, minimalist, colorful crayon drawing, clear definition"
"premise"|"The whole argument is based on a false premise."|"A person building a tall structure on a cracked wobbly base that is falling apart, A simple children's painting style, naive art, cute, minimalist, colorful crayon drawing, clear definition"
"premium"|"He pays a premium for organic food."|"A man at a market paying extra coins for a small basket of labeled organic vegetables, A simple children's painting style, naive art, cute, minimalist, colorful crayon drawing, clear definition"
"preparation"|"Dinner is almost ready — the preparation took two hours."|"A cook surrounded by chopped vegetables and pots in a busy kitchen after hours of cooking, A simple children's painting style, naive art, cute, minimalist, colorful crayon drawing, clear definition"
"prescription"|"You need a prescription to buy this medication."|"A pharmacist handing medicine to a customer who shows a signed doctor prescription paper, A simple children's painting style, naive art, cute, minimalist, colorful crayon drawing, clear definition"
"presence"|"Her presence always makes people feel comfortable."|"A smiling woman entering a room while seated people around her smile and relax, A simple children's painting style, naive art, cute, minimalist, colorful crayon drawing, clear definition"
"present"|"All the students are present today."|"A teacher marking attendance while a full classroom of happy students raise their hands, A simple children's painting style, naive art, cute, minimalist, colorful crayon drawing, clear definition"
"present"|"She got a nice present for her birthday."|"A girl smiling while holding a colorful wrapped gift box with a bow at a birthday party, A simple children's painting style, naive art, cute, minimalist, colorful crayon drawing, clear definition"
"presentation"|"He gave a great presentation at the meeting."|"A man standing beside a projected screen pointing at slides while colleagues sit at a table, A simple children's painting style, naive art, cute, minimalist, colorful crayon drawing, clear definition"
"presidency"|"She ran for the presidency last year."|"A woman standing at a podium with campaign banners and a crowd cheering around her, A simple children's painting style, naive art, cute, minimalist, colorful crayon drawing, clear definition"
"president"|"The president gave a speech on national TV."|"A person in a suit speaking at a podium with a TV camera filming and a flag behind them, A simple children's painting style, naive art, cute, minimalist, colorful crayon drawing, clear definition"
"presidential"|"The presidential election is next month."|"A large calendar showing next month with ballot boxes and campaign posters visible nearby, A simple children's painting style, naive art, cute, minimalist, colorful crayon drawing, clear definition"
"press"|"The press was waiting outside the courthouse."|"A group of reporters with cameras and microphones gathered outside a large courthouse building, A simple children's painting style, naive art, cute, minimalist, colorful crayon drawing, clear definition"
"pressure"|"I work better without so much pressure."|"A person at a desk looking stressed with a pile of papers and a clock looming overhead, A simple children's painting style, naive art, cute, minimalist, colorful crayon drawing, clear definition"
"presumably"|"He's presumably still at the office."|"A woman at home looking at her phone and glancing at a clock while imagining a man at a desk, A simple children's painting style, naive art, cute, minimalist, colorful crayon drawing, clear definition"
"pretty"|"It's pretty cold outside today."|"A child bundled in a thick coat and scarf standing outside with frost and cold wind visible, A simple children's painting style, naive art, cute, minimalist, colorful crayon drawing, clear definition"
"pretty"|"What a pretty garden!"|"A person smiling with wide eyes admiring a colorful blooming garden full of bright flowers, A simple children's painting style, naive art, cute, minimalist, colorful crayon drawing, clear definition"
"prevention"|"Prevention is better than cure."|"A person washing their hands carefully beside a first aid kit and healthy fruits on a table, A simple children's painting style, naive art, cute, minimalist, colorful crayon drawing, clear definition"
"previous"|"I learned that in a previous class."|"A student pointing back at an earlier page in an open notebook with past lesson notes visible, A simple children's painting style, naive art, cute, minimalist, colorful crayon drawing, clear definition"
"previously"|"She had previously worked at a hospital."|"A woman in an office remembering a scene of herself in scrubs working at a hospital, A simple children's painting style, naive art, cute, minimalist, colorful crayon drawing, clear definition"
"price"|"The price of gas went up again."|"A person at a gas station staring up at a sign showing a high fuel price with a surprised face, A simple children's painting style, naive art, cute, minimalist, colorful crayon drawing, clear definition"
"pride"|"He took pride in his work."|"A smiling craftsman standing tall beside a finished wooden cabinet he just built in a workshop, A simple children's painting style, naive art, cute, minimalist, colorful crayon drawing, clear definition"
"priest"|"The priest gave a short sermon."|"A priest in robes standing at a pulpit inside a church speaking to seated parishioners, A simple children's painting style, naive art, cute, minimalist, colorful crayon drawing, clear definition"
"primarily"|"The course is primarily for beginners."|"A classroom with a sign saying beginners welcome and most students holding very basic level books, A simple children's painting style, naive art, cute, minimalist, colorful crayon drawing, clear definition"
"primary"|"The primary goal is to keep everyone safe."|"A safety officer standing in front of a group holding a large shield with a star on it, A simple children's painting style, naive art, cute, minimalist, colorful crayon drawing, clear definition"
"primary"|"Her primary concern is her children's health."|"A mother kneeling beside two small children placing her hand on one child's forehead with worry, A simple children's painting style, naive art, cute, minimalist, colorful crayon drawing, clear definition"
"prime"|"This is prime real estate in the city."|"A shiny tall building in the center of a busy city with a sold sign and people admiring it, A simple children's painting style, naive art, cute, minimalist, colorful crayon drawing, clear definition"
"principal"|"The principal called the students to the office."|"A stern person behind a desk in a school office while two students stand nervously at the door, A simple children's painting style, naive art, cute, minimalist, colorful crayon drawing, clear definition"
"principal"|"The principal reason we left was the noise."|"A family covering their ears and walking out of a noisy crowded place with a big arrow labeled number one, A simple children's painting style, naive art, cute, minimalist, colorful crayon drawing, clear definition"
"principle"|"He refused to lie — it was against his principles."|"A man crossing his arms and shaking his head firmly while another person offers him something questionable, A simple children's painting style, naive art, cute, minimalist, colorful crayon drawing, clear definition"
"print"|"The print on this shirt is fading."|"A person holding up a shirt with a washed-out barely visible faded pattern on the fabric, A simple children's painting style, naive art, cute, minimalist, colorful crayon drawing, clear definition"
"prior"|"You need to leave prior to midnight."|"A person grabbing a coat and heading to the door while a clock on the wall shows just before midnight, A simple children's painting style, naive art, cute, minimalist, colorful crayon drawing, clear definition"
"prior"|"She had no prior experience with kids."|"A nervous young woman holding a baby awkwardly for the first time with a surprised expression, A simple children's painting style, naive art, cute, minimalist, colorful crayon drawing, clear definition"
"priority"|"Sleep is my top priority right now."|"A person happily climbing into bed early while a to-do list on the wall shows sleep at the very top, A simple children's painting style, naive art, cute, minimalist, colorful crayon drawing, clear definition"
"prison"|"He spent three years in prison."|"A man in striped clothes sitting inside a small cell with iron bars and a tiny window above, A simple children's painting style, naive art, cute, minimalist, colorful crayon drawing, clear definition"
"prisoner"|"The prisoner was released after ten years."|"A man in striped uniform walking out of prison gates into sunlight, A simple children's painting style, naive art, cute, minimalist, colorful crayon drawing, clear definition"
"privacy"|"I need some privacy to make this call."|"A person closing a door gently while holding a phone to their ear, A simple children's painting style, naive art, cute, minimalist, colorful crayon drawing, clear definition"
"private"|"This is a private conversation — please leave."|"Two people talking quietly while a third person is asked to leave the room, A simple children's painting style, naive art, cute, minimalist, colorful crayon drawing, clear definition"
"privately"|"She privately disagreed with the decision."|"A woman sitting at a meeting table with a neutral face hiding a thought bubble showing disagreement, A simple children's painting style, naive art, cute, minimalist, colorful crayon drawing, clear definition"
"privilege"|"Having clean water is a privilege many take for granted."|"A child happily drinking clean water from a tap with a grateful smile, A simple children's painting style, naive art, cute, minimalist, colorful crayon drawing, clear definition"
"prize"|"She won first prize in the science fair."|"A girl holding a large gold trophy at a school science fair with colorful projects behind her, A simple children's painting style, naive art, cute, minimalist, colorful crayon drawing, clear definition"
"pro"|"He turned pro at nineteen."|"A young man signing a professional sports contract at a desk with a team logo behind him, A simple children's painting style, naive art, cute, minimalist, colorful crayon drawing, clear definition"
"pro"|"She's a pro photographer — her shots are amazing."|"A woman with a professional camera taking photos at an outdoor shoot, camera strap around her neck, A simple children's painting style, naive art, cute, minimalist, colorful crayon drawing, clear definition"
"probably"|"It'll probably rain this afternoon."|"A person looking at a cloudy grey sky while holding an umbrella just in case, A simple children's painting style, naive art, cute, minimalist, colorful crayon drawing, clear definition"
"problem"|"We have a serious problem with the pipes."|"Two worried people staring at a burst water pipe flooding a kitchen floor, A simple children's painting style, naive art, cute, minimalist, colorful crayon drawing, clear definition"
"procedure"|"Follow the procedure and you won't make mistakes."|"A worker following a step-by-step checklist on a clipboard at a factory workstation, A simple children's painting style, naive art, cute, minimalist, colorful crayon drawing, clear definition"
"process"|"The hiring process takes about two weeks."|"A timeline showing interview then review then job offer steps on a office wall chart, A simple children's painting style, naive art, cute, minimalist, colorful crayon drawing, clear definition"
"processing"|"Payment processing may take up to three days."|"A computer screen showing a payment loading bar with a calendar showing three days nearby, A simple children's painting style, naive art, cute, minimalist, colorful crayon drawing, clear definition"
"processor"|"This laptop has a fast processor."|"A laptop open on a desk with a glowing fast chip visible through a transparent case, A simple children's painting style, naive art, cute, minimalist, colorful crayon drawing, clear definition"
"producer"|"She works as a producer for a TV show."|"A woman wearing headphones sitting behind a control panel in a TV studio, A simple children's painting style, naive art, cute, minimalist, colorful crayon drawing, clear definition"
"product"|"This product is sold in over fifty countries."|"A colorful product box surrounded by flags from many different countries on a store shelf, A simple children's painting style, naive art, cute, minimalist, colorful crayon drawing, clear definition"
"production"|"Production at the factory stopped due to the strike."|"A silent factory floor with a stopped conveyor belt and workers holding protest signs outside, A simple children's painting style, naive art, cute, minimalist, colorful crayon drawing, clear definition"
"productive"|"I had a really productive day at work."|"A smiling person at a desk with a long completed to-do list and finished stacked papers, A simple children's painting style, naive art, cute, minimalist, colorful crayon drawing, clear definition"
"productivity"|"Working from home increased my productivity."|"A happy person at a home desk with a rising bar chart on the screen showing more work done, A simple children's painting style, naive art, cute, minimalist, colorful crayon drawing, clear definition"
"profession"|"Teaching is a demanding profession."|"A tired but smiling teacher standing at a chalkboard covered in lessons with a stack of papers to grade, A simple children's painting style, naive art, cute, minimalist, colorful crayon drawing, clear definition"
"professional"|"She gave us very professional advice."|"A woman in a suit presenting clear organized advice at a conference table with attentive colleagues, A simple children's painting style, naive art, cute, minimalist, colorful crayon drawing, clear definition"
"professional"|"He's a professional with twenty years of experience."|"A confident man in a suit with a nameplate and a wall of certificates behind him at his office desk, A simple children's painting style, naive art, cute, minimalist, colorful crayon drawing, clear definition"
"professor"|"The professor canceled class this morning."|"A professor posting a canceled class notice on a classroom door while students look disappointed in the hall, A simple children's painting style, naive art, cute, minimalist, colorful crayon drawing, clear definition"
"profile"|"Her LinkedIn profile got a lot of attention."|"A laptop screen showing a professional social media profile with many likes and views notifications, A simple children's painting style, naive art, cute, minimalist, colorful crayon drawing, clear definition"
"profit"|"The company made a huge profit last year."|"A businessman cheering in front of a large green rising bar chart on a presentation screen, A simple children's painting style, naive art, cute, minimalist, colorful crayon drawing, clear definition"
"profound"|"Losing her changed him in a profound way."|"A man standing alone at a rainy window looking reflective and deeply changed with a framed photo nearby, A simple children's painting style, naive art, cute, minimalist, colorful crayon drawing, clear definition"
"program"|"I signed up for a fitness program at the gym."|"A person at a gym reception desk signing a fitness program form with exercise equipment in the background, A simple children's painting style, naive art, cute, minimalist, colorful crayon drawing, clear definition"
"programming"|"She's been learning programming for six months."|"A young woman at a desk staring at a laptop screen full of colorful code lines with programming books beside her, A simple children's painting style, naive art, cute, minimalist, colorful crayon drawing, clear definition"
"progress"|"He's making real progress with his English."|"A boy studying English books at a desk with a progress chart on the wall showing steady improvement, A simple children's painting style, naive art, cute, minimalist, colorful crayon drawing, clear definition"
"progressive"|"The city has a very progressive approach to education."|"A bright modern classroom with diverse students using technology and creative learning tools together, A simple children's painting style, naive art, cute, minimalist, colorful crayon drawing, clear definition"
"project"|"We're working on a big project this month."|"A team of people gathered around a large table covered with papers and plans, A simple children's painting style, naive art, cute, minimalist, colorful crayon drawing, clear definition"
"projection"|"The sales projection for next year looks promising."|"A businessman pointing at a colorful upward bar chart displayed on a screen, A simple children's painting style, naive art, cute, minimalist, colorful crayon drawing, clear definition"
"prominent"|"She's a prominent figure in the art world."|"A woman standing confidently in the center of an art gallery surrounded by admiring people, A simple children's painting style, naive art, cute, minimalist, colorful crayon drawing, clear definition"
"promise"|"He broke his promise again."|"A sad boy looking at a torn paper with the word promise written on it, A simple children's painting style, naive art, cute, minimalist, colorful crayon drawing, clear definition"
"promising"|"The new treatment looks very promising."|"A smiling doctor holding a glowing medicine bottle with a bright hopeful light around it, A simple children's painting style, naive art, cute, minimalist, colorful crayon drawing, clear definition"
"promotion"|"She got a promotion after two years at the company."|"A happy woman receiving a certificate from her boss in a bright office, A simple children's painting style, naive art, cute, minimalist, colorful crayon drawing, clear definition"
"proof"|"Do you have any proof that he was there?"|"A detective holding up a photograph as evidence in a courtroom, A simple children's painting style, naive art, cute, minimalist, colorful crayon drawing, clear definition"
"proper"|"Make sure you get proper sleep before the exam."|"A child sleeping soundly in a cozy bed the night before a school exam, A simple children's painting style, naive art, cute, minimalist, colorful crayon drawing, clear definition"
"properly"|"You're not holding the pen properly."|"A teacher gently correcting a child's grip on a pen at a school desk, A simple children's painting style, naive art, cute, minimalist, colorful crayon drawing, clear definition"
"property"|"They bought property in the mountains."|"A happy couple standing in front of a cozy house surrounded by tall mountains, A simple children's painting style, naive art, cute, minimalist, colorful crayon drawing, clear definition"
"proportion"|"A large proportion of students passed the exam."|"A classroom with most students happily holding up graded test papers with good scores, A simple children's painting style, naive art, cute, minimalist, colorful crayon drawing, clear definition"
"proposal"|"He accepted her marriage proposal."|"A woman on one knee holding a ring box in front of a surprised smiling man, A simple children's painting style, naive art, cute, minimalist, colorful crayon drawing, clear definition"
"proposed"|"The proposed budget was rejected by the board."|"A group of serious people at a table raising hands to reject a budget document, A simple children's painting style, naive art, cute, minimalist, colorful crayon drawing, clear definition"
"prosecution"|"The prosecution presented strong evidence in court."|"A lawyer standing in a courtroom holding up documents and pointing at a judge, A simple children's painting style, naive art, cute, minimalist, colorful crayon drawing, clear definition"
"prosecutor"|"The prosecutor questioned the witness for an hour."|"A stern lawyer in a courtroom pointing questions at a nervous witness on the stand, A simple children's painting style, naive art, cute, minimalist, colorful crayon drawing, clear definition"
"prospect"|"There's a good prospect of rain this weekend."|"A person looking out a window at dark clouds gathering over a weekend calendar, A simple children's painting style, naive art, cute, minimalist, colorful crayon drawing, clear definition"
"protection"|"Wear sunscreen for protection against UV rays."|"A child applying white sunscreen on arms under a bright shining sun at the beach, A simple children's painting style, naive art, cute, minimalist, colorful crayon drawing, clear definition"
"protective"|"She felt very protective of her little brother."|"An older girl standing with arms spread wide shielding her small brother behind her, A simple children's painting style, naive art, cute, minimalist, colorful crayon drawing, clear definition"
"protein"|"Eggs are a great source of protein."|"A bowl of boiled eggs on a kitchen table with a glowing muscle symbol above them, A simple children's painting style, naive art, cute, minimalist, colorful crayon drawing, clear definition"
"protest"|"Thousands joined the protest downtown."|"A large colorful crowd of people marching downtown holding signs and banners together, A simple children's painting style, naive art, cute, minimalist, colorful crayon drawing, clear definition"
"protocol"|"Follow the safety protocol at all times."|"A worker in a hard hat following a posted safety checklist on a factory wall, A simple children's painting style, naive art, cute, minimalist, colorful crayon drawing, clear definition"
"proud"|"She was proud of her daughter's achievements."|"A smiling mother hugging her daughter who is holding a trophy and medals, A simple children's painting style, naive art, cute, minimalist, colorful crayon drawing, clear definition"
"provided"|"You can go out, provided you finish your homework first."|"A child finishing homework at a desk while a sunny window shows friends playing outside, A simple children's painting style, naive art, cute, minimalist, colorful crayon drawing, clear definition"
"provider"|"He's the main provider for his family."|"A father carrying grocery bags home to his waiting wife and children at the door, A simple children's painting style, naive art, cute, minimalist, colorful crayon drawing, clear definition"
"province"|"She grew up in a small province in the south."|"A little girl playing in a quiet small town surrounded by green southern countryside, A simple children's painting style, naive art, cute, minimalist, colorful crayon drawing, clear definition"
"provision"|"The contract includes a provision for early termination."|"A lawyer pointing to a highlighted clause in a large open contract document on a desk, A simple children's painting style, naive art, cute, minimalist, colorful crayon drawing, clear definition"
"psychological"|"The accident had a serious psychological impact on him."|"A sad man sitting alone with a thought bubble showing a car crash haunting his mind, A simple children's painting style, naive art, cute, minimalist, colorful crayon drawing, clear definition"
"psychologist"|"She sees a psychologist every two weeks."|"A woman sitting on a couch talking to a calm doctor taking notes in an office, A simple children's painting style, naive art, cute, minimalist, colorful crayon drawing, clear definition"
"psychology"|"He studied psychology in college."|"A young man at a university desk reading a thick book with a brain illustration on the cover, A simple children's painting style, naive art, cute, minimalist, colorful crayon drawing, clear definition"
"public"|"This is a public park — anyone can use it."|"A cheerful park with a sign saying public park and many different people enjoying it, A simple children's painting style, naive art, cute, minimalist, colorful crayon drawing, clear definition"
"public"|"The public was not allowed inside the building."|"A crowd of people stopped at a rope barrier outside a large building with a no entry sign, A simple children's painting style, naive art, cute, minimalist, colorful crayon drawing, clear definition"
"publicly"|"He publicly apologized for his mistake."|"A man standing on a stage with a microphone bowing his head apologizing to a crowd, A simple children's painting style, naive art, cute, minimalist, colorful crayon drawing, clear definition"
"publication"|"Her first publication was a short story collection."|"A smiling woman holding up her first book with a proud expression in a bookstore, A simple children's painting style, naive art, cute, minimalist, colorful crayon drawing, clear definition"
"publicity"|"The scandal brought a lot of bad publicity to the company."|"A company building with angry newspaper headlines and cameras surrounding it, A simple children's painting style, naive art, cute, minimalist, colorful crayon drawing, clear definition"
"publisher"|"The publisher rejected his manuscript twice."|"A man at a desk stamping rejected on a manuscript with a sad author watching, A simple children's painting style, naive art, cute, minimalist, colorful crayon drawing, clear definition"
"pulse"|"The nurse checked his pulse after the fall."|"A nurse pressing two fingers on a patients wrist checking his pulse in a hospital room, A simple children's painting style, naive art, cute, minimalist, colorful crayon drawing, clear definition"
"pump"|"We need to stop at a gas pump before the highway."|"A car stopped at a bright colorful gas pump station before a long highway road, A simple children's painting style, naive art, cute, minimalist, colorful crayon drawing, clear definition"
"punishment"|"The punishment for cheating was a failing grade."|"A sad student at a desk holding a paper with a big zero written in red, A simple children's painting style, naive art, cute, minimalist, colorful crayon drawing, clear definition"
"purchase"|"Keep your receipt after every purchase."|"A smiling person at a shop counter holding a receipt after buying groceries, A simple children's painting style, naive art, cute, minimalist, colorful crayon drawing, clear definition"
"pure"|"This bracelet is made of pure gold."|"A shiny bright gold bracelet glowing on a velvet display pad in a jewelry shop, A simple children's painting style, naive art, cute, minimalist, colorful crayon drawing, clear definition"
"purple"|"She painted her bedroom walls purple."|"A girl holding a paint roller covering her bedroom walls with bright purple paint, A simple children's painting style, naive art, cute, minimalist, colorful crayon drawing, clear definition"
"purpose"|"The purpose of this meeting is to review the budget."|"People sitting around a table at a meeting with budget charts on the wall, A simple children's painting style, naive art, cute, minimalist, colorful crayon drawing, clear definition"
"purse"|"She forgot her purse on the restaurant table."|"A woman walking away from a restaurant table leaving her purse behind on it, A simple children's painting style, naive art, cute, minimalist, colorful crayon drawing, clear definition"
"pursuit"|"He left his job in pursuit of his dreams."|"A man walking away from an office building toward a bright glowing dream cloud ahead, A simple children's painting style, naive art, cute, minimalist, colorful crayon drawing, clear definition"
"puzzle"|"We spent the afternoon putting together a puzzle."|"A family sitting together on the floor assembling a colorful jigsaw puzzle on a sunny afternoon, A simple children's painting style, naive art, cute, minimalist, colorful crayon drawing, clear definition"
"quality"|"The quality of this fabric is really impressive."|"A person touching and examining a smooth shiny piece of fabric with an impressed expression, A simple children's painting style, naive art, cute, minimalist, colorful crayon drawing, clear definition"
"quantity"|"Buy a large quantity and you'll get a discount."|"A customer pushing a cart overflowing with many boxes receiving a discount tag from a shopkeeper, A simple children's painting style, naive art, cute, minimalist, colorful crayon drawing, clear definition"
"quarter"|"I'll meet you there in a quarter of an hour."|"A clock on a wall showing fifteen minutes with a person waiting by a door, A simple children's painting style, naive art, cute, minimalist, colorful crayon drawing, clear definition"
"quarterback"|"The quarterback threw a perfect pass in the last second."|"A football player in uniform throwing a perfect spiral pass on a crowded stadium field, A simple children's painting style, naive art, cute, minimalist, colorful crayon drawing, clear definition"
"queen"|"The queen greeted the crowd from the balcony."|"A queen in a crown and royal gown waving to a cheerful crowd from a palace balcony, A simple children's painting style, naive art, cute, minimalist, colorful crayon drawing, clear definition"
"quest"|"They went on a quest to find the lost treasure."|"A group of adventurers walking through a forest following a treasure map together, A simple children's painting style, naive art, cute, minimalist, colorful crayon drawing, clear definition"
"question"|"She raised her hand to ask a question."|"A girl raising her hand eagerly in a bright classroom while the teacher looks her way, A simple children's painting style, naive art, cute, minimalist, colorful crayon drawing, clear definition"
"questionnaire"|"Please fill out the questionnaire before your appointment."|"A person sitting in a waiting room filling out a paper questionnaire with a pen, A simple children's painting style, naive art, cute, minimalist, colorful crayon drawing, clear definition"
"quick"|"We need a quick solution to this problem."|"Two people at a whiteboard rapidly drawing an idea with a lightbulb appearing overhead, A simple children's painting style, naive art, cute, minimalist, colorful crayon drawing, clear definition"
"quickly"|"She quickly grabbed her keys and left."|"A woman rushing out a front door snatching her keys from a hook by the entrance, A simple children's painting style, naive art, cute, minimalist, colorful crayon drawing, clear definition"
"quiet"|"The library was quiet and almost empty."|"A nearly empty library with tall bookshelves and one person reading alone in total silence, A simple children's painting style, naive art, cute, minimalist, colorful crayon drawing, clear definition"
"quietly"|"He quietly closed the door so as not to wake anyone."|"A man on tiptoe gently pulling a bedroom door shut while a family sleeps inside, A simple children's painting style, naive art, cute, minimalist, colorful crayon drawing, clear definition"
"quite"|"The movie was quite good, actually."|"A surprised person sitting in a cinema with wide happy eyes watching an impressive film, A simple children's painting style, naive art, cute, minimalist, colorful crayon drawing, clear definition"
"quote"|"He opened his speech with a quote from Martin Luther King."|"A man at a podium reading from a paper with large quotation marks visible on a screen behind him, A simple children's painting style, naive art, cute, minimalist, colorful crayon drawing, clear definition"
"rabbit"|"The rabbit hopped across the yard."|"A fluffy white rabbit hopping across a green sunny backyard with a wooden fence behind it, A simple children's painting style, naive art, cute, minimalist, colorful crayon drawing, clear definition"
"race"|"She won the race by two seconds."|"A girl crossing a finish line ribbon ahead of other runners, arms raised in victory, A simple children's painting style, naive art, cute, minimalist, colorful crayon drawing, clear definition"
"racial"|"The company has a racial diversity program."|"A group of people of different skin tones standing together smiling in an office, A simple children's painting style, naive art, cute, minimalist, colorful crayon drawing, clear definition"
"racism"|"Racism has no place in our school."|"A school building with a bold red X over a sign showing exclusion between children, A simple children's painting style, naive art, cute, minimalist, colorful crayon drawing, clear definition"
"rack"|"Hang your coat on the rack."|"A child hanging a colorful coat on a wooden coat rack near a front door, A simple children's painting style, naive art, cute, minimalist, colorful crayon drawing, clear definition"
"radar"|"The plane showed up on radar."|"A radar screen with a green sweep showing a small airplane blip, operator watching, A simple children's painting style, naive art, cute, minimalist, colorful crayon drawing, clear definition"
"radiation"|"The patient received radiation treatment."|"A patient lying on a medical table under a large radiation therapy machine in a hospital, A simple children's painting style, naive art, cute, minimalist, colorful crayon drawing, clear definition"
"radical"|"That was a pretty radical change."|"A before and after scene showing a plain room transformed into a wildly colorful redesigned space, A simple children's painting style, naive art, cute, minimalist, colorful crayon drawing, clear definition"
"radio"|"Turn off the radio, please."|"A child reaching to press the off button on a colorful radio on a table, A simple children's painting style, naive art, cute, minimalist, colorful crayon drawing, clear definition"
"rage"|"He left the room in a rage."|"An angry man stomping out of a room slamming the door, face red and fists clenched, A simple children's painting style, naive art, cute, minimalist, colorful crayon drawing, clear definition"
"rail"|"Hold the rail so you don't fall."|"A child gripping a yellow handrail while carefully walking down a staircase, A simple children's painting style, naive art, cute, minimalist, colorful crayon drawing, clear definition"
"railroad"|"The old railroad crosses the valley."|"A vintage train on railroad tracks crossing a wide green valley between hills, A simple children's painting style, naive art, cute, minimalist, colorful crayon drawing, clear definition"
"rain"|"The rain ruined our picnic."|"A family sitting at a picnic blanket with food as heavy rain pours down on them, A simple children's painting style, naive art, cute, minimalist, colorful crayon drawing, clear definition"
"rally"|"Thousands attended the political rally."|"A large crowd of people gathered outdoors holding signs and banners at a political rally, A simple children's painting style, naive art, cute, minimalist, colorful crayon drawing, clear definition"
"ranch"|"They raise cattle on a ranch in Texas."|"Cowboys herding brown cattle on a wide open Texas ranch under a big blue sky, A simple children's painting style, naive art, cute, minimalist, colorful crayon drawing, clear definition"
"random"|"The winners were chosen at random."|"A hand reaching into a bowl pulling out a folded paper ticket among many others, A simple children's painting style, naive art, cute, minimalist, colorful crayon drawing, clear definition"
"range"|"The store has a wide range of products."|"A store shelf packed with many different colorful products of all kinds neatly displayed, A simple children's painting style, naive art, cute, minimalist, colorful crayon drawing, clear definition"
"rank"|"He reached the rank of captain."|"A proud soldier in uniform receiving a captain badge pinned to his shoulder, A simple children's painting style, naive art, cute, minimalist, colorful crayon drawing, clear definition"
"rape"|"Rape is a serious crime."|"A courtroom scene with a judge and gavel and the word crime written on a board, A simple children's painting style, naive art, cute, minimalist, colorful crayon drawing, clear definition"
"rapid"|"The river has a rapid current."|"A rushing river with fast white foamy water swirling around rocks in a forest, A simple children's painting style, naive art, cute, minimalist, colorful crayon drawing, clear definition"
"rapidly"|"The situation is rapidly changing."|"A clock with fast spinning hands and a scene shifting quickly from sun to storm outside, A simple children's painting style, naive art, cute, minimalist, colorful crayon drawing, clear definition"
"rare"|"A rare disease affects thousands worldwide."|"A doctor examining a patient while looking at a medical book with a magnifying glass, A simple children's painting style, naive art, cute, minimalist, colorful crayon drawing, clear definition"
"rarely"|"She rarely eats red meat."|"A woman at a dinner table pushing away a plate of steak and choosing a salad instead, A simple children's painting style, naive art, cute, minimalist, colorful crayon drawing, clear definition"
"rat"|"A rat got into the kitchen."|"A gray rat sneaking across a kitchen floor near the refrigerator while a woman gasps, A simple children's painting style, naive art, cute, minimalist, colorful crayon drawing, clear definition"
"rate"|"The crime rate has dropped this year."|"A bar chart on a wall showing a crime statistics bar going down with a downward arrow, A simple children's painting style, naive art, cute, minimalist, colorful crayon drawing, clear definition"
"rather"|"I'd rather stay home tonight."|"A person sitting cozily on a sofa at home wrapped in a blanket while rain falls outside, A simple children's painting style, naive art, cute, minimalist, colorful crayon drawing, clear definition"
"rather"|"She was rather tired after work."|"A woman slouching in a chair with drooping eyes and a briefcase dropped on the floor, A simple children's painting style, naive art, cute, minimalist, colorful crayon drawing, clear definition"
"rather"|"I'll have tea rather than coffee."|"A person choosing a cup of tea over a cup of coffee on a table, pointing at the tea, A simple children's painting style, naive art, cute, minimalist, colorful crayon drawing, clear definition"
"rating"|"The movie got a high rating online."|"A movie poster on a screen next to five gold stars and a high score number, A simple children's painting style, naive art, cute, minimalist, colorful crayon drawing, clear definition"
"ratio"|"The ratio of students to teachers is 20 to 1."|"Twenty small student figures standing beside one teacher figure in a classroom, A simple children's painting style, naive art, cute, minimalist, colorful crayon drawing, clear definition"
"rational"|"Let's try to be rational about this."|"Two people sitting calmly at a table talking with a diagram and notes between them, A simple children's painting style, naive art, cute, minimalist, colorful crayon drawing, clear definition"
"raw"|"The chicken is still raw inside."|"A pink uncooked chicken on a cutting board, raw and uncooked inside, A simple children's painting style, naive art, cute, minimalist, colorful crayon drawing, clear definition"
"re"|"She went re-read the chapter again."|"A girl sitting at a desk reading the same open book a second time, A simple children's painting style, naive art, cute, minimalist, colorful crayon drawing, clear definition"
"reach"|"The product is within reach of most families."|"A smiling family easily picking a product off a store shelf with a low price tag, A simple children's painting style, naive art, cute, minimalist, colorful crayon drawing, clear definition"
"reaction"|"His reaction to the news was surprising."|"A man reading a newspaper with a wide-eyed shocked expression on his face, A simple children's painting style, naive art, cute, minimalist, colorful crayon drawing, clear definition"
"reader"|"She's a fast reader."|"A girl flying through the pages of a thick book at a desk surrounded by finished books, A simple children's painting style, naive art, cute, minimalist, colorful crayon drawing, clear definition"
"readily"|"He readily admitted his mistake."|"A boy raising his hand confidently and pointing to himself next to a broken vase, A simple children's painting style, naive art, cute, minimalist, colorful crayon drawing, clear definition"
"reading"|"Reading before bed helps me relax."|"A child lying in bed under warm covers reading a book by lamplight at night, A simple children's painting style, naive art, cute, minimalist, colorful crayon drawing, clear definition"
"ready"|"Dinner is ready."|"A smiling parent standing at a dining table with steaming plates of food fully set, A simple children's painting style, naive art, cute, minimalist, colorful crayon drawing, clear definition"
"real"|"Is this a real diamond?"|"A jeweler using a magnifying glass to inspect a sparkling diamond on a velvet cushion, A simple children's painting style, naive art, cute, minimalist, colorful crayon drawing, clear definition"
"realistic"|"We need to set realistic goals."|"Two people at a whiteboard drawing a small achievable staircase of goals instead of a giant leap, A simple children's painting style, naive art, cute, minimalist, colorful crayon drawing, clear definition"
"reality"|"Sometimes reality is harder than we expect."|"A person stepping out of a rosy dream bubble into a grey cloudy real world outside, A simple children's painting style, naive art, cute, minimalist, colorful crayon drawing, clear definition"
"really"|"I really need a vacation."|"An exhausted office worker slumping at a desk dreaming of a sunny beach with palm trees, A simple children's painting style, naive art, cute, minimalist, colorful crayon drawing, clear definition"
"realm"|"That's outside the realm of possibility."|"A person standing at the edge of a kingdom wall looking at an impossible floating castle beyond, A simple children's painting style, naive art, cute, minimalist, colorful crayon drawing, clear definition"
"rear"|"Check the rear window before reversing."|"A driver turning to look through the rear window of a car while backing out of a driveway, A simple children's painting style, naive art, cute, minimalist, colorful crayon drawing, clear definition"
"reason"|"What's your reason for being late?"|"A teacher with arms crossed questioning a student who just arrived late pointing at a clock, A simple children's painting style, naive art, cute, minimalist, colorful crayon drawing, clear definition"
"reasonable"|"That's a very reasonable price."|"A happy customer pointing at a price tag on a store item with a big approving smile, A simple children's painting style, naive art, cute, minimalist, colorful crayon drawing, clear definition"
"rebel"|"He was always the rebel of the family."|"One boy with a leather jacket and messy hair standing apart from his neat tidy family portrait, A simple children's painting style, naive art, cute, minimalist, colorful crayon drawing, clear definition"
"receiver"|"He picked up the phone receiver."|"A man picking up an old-fashioned telephone receiver from a desk phone with a cord, A simple children's painting style, naive art, cute, minimalist, colorful crayon drawing, clear definition"
"recent"|"Have you seen any recent news?"|"A person holding a fresh newspaper with a steaming coffee cup on a bright morning table, A simple children's painting style, naive art, cute, minimalist, colorful crayon drawing, clear definition"
"recently"|"I recently started going to the gym."|"A person in new gym clothes lifting a small dumbbell for the first time looking pleased, A simple children's painting style, naive art, cute, minimalist, colorful crayon drawing, clear definition"
"reception"|"The hotel reception is on the first floor."|"A smiling receptionist standing behind a hotel front desk with keys and a bell on the counter, A simple children's painting style, naive art, cute, minimalist, colorful crayon drawing, clear definition"
"recession"|"Many people lost their jobs during the recession."|"A crowd of sad workers carrying boxes out of a closed office building with a shuttered sign, A simple children's painting style, naive art, cute, minimalist, colorful crayon drawing, clear definition"
"recipe"|"Can you send me that recipe?"|"A person holding up a handwritten recipe card toward a friend across a kitchen counter, A simple children's painting style, naive art, cute, minimalist, colorful crayon drawing, clear definition"
"recipient"|"The recipient of the award gave a short speech."|"A smiling person holding a shiny trophy at a podium speaking to a clapping audience, A simple children's painting style, naive art, cute, minimalist, colorful crayon drawing, clear definition"
"recognition"|"She finally got the recognition she deserved."|"A woman receiving a framed certificate and applause from coworkers in an office celebration, A simple children's painting style, naive art, cute, minimalist, colorful crayon drawing, clear definition"
"recommendation"|"Do you have a restaurant recommendation?"|"A friend pointing enthusiastically at a restaurant on a map to another person holding a fork, A simple children's painting style, naive art, cute, minimalist, colorful crayon drawing, clear definition"
"record"|"He broke the world record last year."|"An athlete crossing a finish line tape while a scoreboard shows a new world record time, A simple children's painting style, naive art, cute, minimalist, colorful crayon drawing, clear definition"
"recording"|"The recording quality on this video is really bad."|"A person squinting at a blurry pixelated video on a laptop screen with a frown, A simple children's painting style, naive art, cute, minimalist, colorful crayon drawing, clear definition"
"recovery"|"Her recovery after surgery was faster than expected."|"A woman sitting up happily in a hospital bed much sooner than a surprised doctor expected, A simple children's painting style, naive art, cute, minimalist, colorful crayon drawing, clear definition"
"red"|"She was wearing a red dress at the party."|"A woman in a bright red dress smiling and dancing at a colorful party with balloons, A simple children's painting style, naive art, cute, minimalist, colorful crayon drawing, clear definition"
"reduction"|"There was a significant reduction in prices."|"A store window showing price tags dropping sharply with a big sale sign, A simple children's painting style, naive art, cute, minimalist, colorful crayon drawing, clear definition"
"reference"|"Please list three references on your resume."|"A person writing a resume on paper with three names listed under references section, A simple children's painting style, naive art, cute, minimalist, colorful crayon drawing, clear definition"
"reflection"|"I saw my reflection in the window."|"A child standing outside looking at their own reflection in a shop window, A simple children's painting style, naive art, cute, minimalist, colorful crayon drawing, clear definition"
"reform"|"The government announced a major education reform."|"A politician at a podium in front of a school building holding a large announcement sign, A simple children's painting style, naive art, cute, minimalist, colorful crayon drawing, clear definition"
"refrigerator"|"Put the leftovers in the refrigerator."|"A person placing a container of food inside an open refrigerator in a kitchen, A simple children's painting style, naive art, cute, minimalist, colorful crayon drawing, clear definition"
"refuge"|"They found refuge in a small church during the storm."|"A family huddled inside a small church doorway as heavy rain falls outside, A simple children's painting style, naive art, cute, minimalist, colorful crayon drawing, clear definition"
"refugee"|"The family arrived as refugees from a war zone."|"A tired family carrying bags arriving at a border checkpoint with a relief worker greeting them, A simple children's painting style, naive art, cute, minimalist, colorful crayon drawing, clear definition"
"regard"|"She has no regard for other people's feelings."|"A girl ignoring a sad friend who is crying nearby and looking away dismissively, A simple children's painting style, naive art, cute, minimalist, colorful crayon drawing, clear definition"
"regard"|"With regard to your question, I'll answer shortly."|"A person at a desk reading a letter and writing a reply with a question mark nearby, A simple children's painting style, naive art, cute, minimalist, colorful crayon drawing, clear definition"
"regarding"|"I have a few questions regarding the contract."|"A person sitting across a desk from another holding up a contract document with question marks, A simple children's painting style, naive art, cute, minimalist, colorful crayon drawing, clear definition"
"regardless"|"She kept going, regardless of the rain."|"A determined woman walking forward on a rainy street with an umbrella turned inside out by wind, A simple children's painting style, naive art, cute, minimalist, colorful crayon drawing, clear definition"
"regime"|"The country suffered under a harsh regime for decades."|"People looking sad under a dark sky with stern soldiers and a grim government building looming, A simple children's painting style, naive art, cute, minimalist, colorful crayon drawing, clear definition"
"region"|"This region is known for its wine."|"A sunny hillside landscape with rows of grapevines and wine bottles displayed on a wooden stand, A simple children's painting style, naive art, cute, minimalist, colorful crayon drawing, clear definition"
"regional"|"They speak a regional dialect in that area."|"Two people from a small village chatting with unique speech bubbles showing local expressions on a map, A simple children's painting style, naive art, cute, minimalist, colorful crayon drawing, clear definition"
"regular"|"We have a regular meeting every Monday morning."|"A group of coworkers seated around a table every Monday with a calendar showing recurring meetings, A simple children's painting style, naive art, cute, minimalist, colorful crayon drawing, clear definition"
"regularly"|"You should regularly back up your files."|"A person at a computer saving files to an external drive with a calendar showing repeated reminders, A simple children's painting style, naive art, cute, minimalist, colorful crayon drawing, clear definition"
"regulation"|"There are strict regulations about food safety."|"A food inspector in a uniform checking products on a factory shelf with a rulebook in hand, A simple children's painting style, naive art, cute, minimalist, colorful crayon drawing, clear definition"
"regulator"|"The financial regulator launched an investigation."|"A serious official in a suit opening a large investigation file at a financial office desk, A simple children's painting style, naive art, cute, minimalist, colorful crayon drawing, clear definition"
"regulatory"|"All products must meet regulatory standards."|"A factory worker checking items on a conveyor belt against a checklist of official standards, A simple children's painting style, naive art, cute, minimalist, colorful crayon drawing, clear definition"
"rehabilitation"|"He went through months of rehabilitation after the accident."|"A man using parallel bars to relearn walking with a therapist helping him in a clinic, A simple children's painting style, naive art, cute, minimalist, colorful crayon drawing, clear definition"
"related"|"These two problems are closely related."|"Two puzzle pieces connected by an arrow showing they belong together on a whiteboard, A simple children's painting style, naive art, cute, minimalist, colorful crayon drawing, clear definition"
"relation"|"There's a direct relation between sleep and mood."|"A chart showing a sleeping person on one side and a smiling face on the other connected by an arrow, A simple children's painting style, naive art, cute, minimalist, colorful crayon drawing, clear definition"
"relationship"|"They've been in a relationship for three years."|"A smiling couple holding hands with a heart above them and a calendar showing three years, A simple children's painting style, naive art, cute, minimalist, colorful crayon drawing, clear definition"
"relative"|"I'm staying with a relative while I look for an apartment."|"A young person with a suitcase being welcomed at the door of a family member's house, A simple children's painting style, naive art, cute, minimalist, colorful crayon drawing, clear definition"
"relative"|"The cost is relative to the quality of the product."|"Two products side by side one cheap and low quality one expensive and high quality with price tags, A simple children's painting style, naive art, cute, minimalist, colorful crayon drawing, clear definition"
"relatively"|"The exam was relatively easy compared to last year's."|"A student smiling at a short easy test next to a much longer harder test from last year, A simple children's painting style, naive art, cute, minimalist, colorful crayon drawing, clear definition"
"release"|"The album release is scheduled for next Friday."|"A colorful music album cover on a store shelf with a calendar showing next Friday circled, A simple children's painting style, naive art, cute, minimalist, colorful crayon drawing, clear definition"
"relevant"|"Please include only relevant information in your report."|"A person writing a report and crossing out unrelated notes leaving only key important points, A simple children's painting style, naive art, cute, minimalist, colorful crayon drawing, clear definition"
"reliability"|"The reliability of this car brand is well known."|"A sturdy smiling car with a gold star badge and a crowd of happy owners giving thumbs up, A simple children's painting style, naive art, cute, minimalist, colorful crayon drawing, clear definition"
"reliable"|"She's the most reliable person on the team."|"A smiling woman standing tall with a gold star above her while teammates point to her approvingly, A simple children's painting style, naive art, cute, minimalist, colorful crayon drawing, clear definition"
"relief"|"It was such a relief to hear she was okay."|"A worried person exhaling and smiling after reading a good news message on a phone, A simple children's painting style, naive art, cute, minimalist, colorful crayon drawing, clear definition"
"religion"|"Religion plays an important role in her life."|"A woman praying peacefully inside a colorful church with sunlight coming through windows, A simple children's painting style, naive art, cute, minimalist, colorful crayon drawing, clear definition"
"religious"|"They follow strict religious practices."|"A group of people in a circle following a ritual together inside a place of worship, A simple children's painting style, naive art, cute, minimalist, colorful crayon drawing, clear definition"
"reluctant"|"He was reluctant to ask for help."|"A boy standing alone with arms crossed hesitating to approach a helpful teacher nearby, A simple children's painting style, naive art, cute, minimalist, colorful crayon drawing, clear definition"
"remaining"|"Use the remaining ingredients to make a soup."|"A cook looking at a few leftover vegetables on a counter next to an empty pot, A simple children's painting style, naive art, cute, minimalist, colorful crayon drawing, clear definition"
"remark"|"His remark about her work was unnecessary."|"A man pointing at a womans drawing while she looks uncomfortable and surprised, A simple children's painting style, naive art, cute, minimalist, colorful crayon drawing, clear definition"
"remarkable"|"She has a remarkable memory for names."|"A smiling girl confidently naming every classmate on a long list without looking at it, A simple children's painting style, naive art, cute, minimalist, colorful crayon drawing, clear definition"
"reminder"|"I set a reminder on my phone for the meeting."|"A hand tapping a phone screen to set an alarm notification for a calendar meeting, A simple children's painting style, naive art, cute, minimalist, colorful crayon drawing, clear definition"
"remote"|"They live in a remote village with no internet."|"A tiny village surrounded by mountains and forests with no roads or signal towers nearby, A simple children's painting style, naive art, cute, minimalist, colorful crayon drawing, clear definition"
"removal"|"The removal of the old carpet took all morning."|"Two workers rolling up and carrying away a large old carpet from a living room floor, A simple children's painting style, naive art, cute, minimalist, colorful crayon drawing, clear definition"
"rent"|"The rent for this apartment is too high."|"A person looking shocked at a very large number on a rental invoice for an apartment, A simple children's painting style, naive art, cute, minimalist, colorful crayon drawing, clear definition"
"rental"|"We picked up the rental car at the airport."|"A smiling couple receiving car keys at an airport rental counter with a car outside, A simple children's painting style, naive art, cute, minimalist, colorful crayon drawing, clear definition"
"repair"|"The repair took longer than expected."|"A mechanic working under a car hood with tools scattered around a busy garage, A simple children's painting style, naive art, cute, minimalist, colorful crayon drawing, clear definition"
"repeatedly"|"She repeatedly asked him to lower the volume."|"A woman asking a man to turn down a loud speaker three times shown in a sequence, A simple children's painting style, naive art, cute, minimalist, colorful crayon drawing, clear definition"
"replacement"|"We need a replacement for the broken part."|"A mechanic holding a shiny new part next to a broken old one on a workbench, A simple children's painting style, naive art, cute, minimalist, colorful crayon drawing, clear definition"
"report"|"The report was due on Friday."|"A student rushing to hand in a thick stack of papers to a teacher on a Friday, A simple children's painting style, naive art, cute, minimalist, colorful crayon drawing, clear definition"
"reportedly"|"The fire reportedly started in the kitchen."|"Firefighters outside a house with smoke coming from the kitchen window as neighbors watch, A simple children's painting style, naive art, cute, minimalist, colorful crayon drawing, clear definition"
"reporter"|"The reporter interviewed the mayor."|"A reporter holding a microphone in front of a suited mayor outside a city hall, A simple children's painting style, naive art, cute, minimalist, colorful crayon drawing, clear definition"
"reporting"|"The reporting on the accident was thorough."|"A journalist writing detailed notes at a crash scene with a camera crew filming nearby, A simple children's painting style, naive art, cute, minimalist, colorful crayon drawing, clear definition"
"representation"|"The union fought for better representation."|"A group of workers holding signs and meeting with suited officials around a large table, A simple children's painting style, naive art, cute, minimalist, colorful crayon drawing, clear definition"
"representative"|"She met with her congressional representative."|"A woman shaking hands with a suited official inside a grand government building hallway, A simple children's painting style, naive art, cute, minimalist, colorful crayon drawing, clear definition"
"representative"|"The sample is representative of the whole group."|"A scientist holding a small jar of colorful dots next to a large identical collection, A simple children's painting style, naive art, cute, minimalist, colorful crayon drawing, clear definition"
"republic"|"France is a democratic republic."|"A colorful map of France with a flag and a small ballot box symbolizing democracy, A simple children's painting style, naive art, cute, minimalist, colorful crayon drawing, clear definition"
"Republican"|"The Republican won the Senate seat."|"A smiling politician standing at a podium with a red banner celebrating a Senate victory, A simple children's painting style, naive art, cute, minimalist, colorful crayon drawing, clear definition"
"republican"|"She comes from a republican family."|"A family sitting together at dinner with small republican flags and a framed voting photo, A simple children's painting style, naive art, cute, minimalist, colorful crayon drawing, clear definition"
"reputation"|"He has a reputation for being honest."|"A man surrounded by smiling neighbors all nodding approvingly and giving thumbs up, A simple children's painting style, naive art, cute, minimalist, colorful crayon drawing, clear definition"
"request"|"She made a request to leave early."|"A woman raising her hand politely in an office to speak with her manager at a desk, A simple children's painting style, naive art, cute, minimalist, colorful crayon drawing, clear definition"
"required"|"A valid ID is required to enter."|"A security guard pointing to a sign that shows an ID card is needed to enter a building, A simple children's painting style, naive art, cute, minimalist, colorful crayon drawing, clear definition"
"requirement"|"A degree is a requirement for this job."|"A job posting on a board with a diploma icon circled as a must-have condition, A simple children's painting style, naive art, cute, minimalist, colorful crayon drawing, clear definition"
"rescue"|"The rescue took place at sea."|"A coast guard boat pulling a stranded person from the ocean onto a bright orange vessel, A simple children's painting style, naive art, cute, minimalist, colorful crayon drawing, clear definition"
"research"|"The research took years to complete."|"A scientist surrounded by stacks of papers and notebooks working at a desk for years, A simple children's painting style, naive art, cute, minimalist, colorful crayon drawing, clear definition"
"researcher"|"The researcher published her findings."|"A woman in a lab coat holding a published paper with a proud smile, A simple children's painting style, naive art, cute, minimalist, colorful crayon drawing, clear definition"
"reservation"|"I made a reservation for two at 7 p.m."|"A person on the phone next to a restaurant table set for two with a reserved sign, A simple children's painting style, naive art, cute, minimalist, colorful crayon drawing, clear definition"
"reserve"|"The nature reserve is home to rare birds."|"Colorful rare birds perched in trees inside a fenced nature reserve with a sign, A simple children's painting style, naive art, cute, minimalist, colorful crayon drawing, clear definition"
"residence"|"His residence is just outside the city."|"A cozy house sitting on a green hill just outside a distant city skyline, A simple children's painting style, naive art, cute, minimalist, colorful crayon drawing, clear definition"
"resident"|"Every resident received a notice in the mail."|"Several neighbors each holding a letter from a mailbox outside an apartment building, A simple children's painting style, naive art, cute, minimalist, colorful crayon drawing, clear definition"
"residential"|"This is a quiet residential neighborhood."|"A peaceful street lined with houses, trees, and parked cars in a calm neighborhood, A simple children's painting style, naive art, cute, minimalist, colorful crayon drawing, clear definition"
"resistance"|"There was strong resistance to the new policy."|"A crowd of people holding protest signs in front of a government building, A simple children's painting style, naive art, cute, minimalist, colorful crayon drawing, clear definition"
"resolution"|"The board passed a resolution to cut costs."|"People seated at a boardroom table raising hands to vote on a document, A simple children's painting style, naive art, cute, minimalist, colorful crayon drawing, clear definition"
"resort"|"They spent the week at a beach resort."|"A happy couple relaxing beside a pool at a sunny beachside resort hotel, A simple children's painting style, naive art, cute, minimalist, colorful crayon drawing, clear definition"
"resource"|"Water is our most important natural resource."|"A sparkling river flowing through green land with people collecting clean water, A simple children's painting style, naive art, cute, minimalist, colorful crayon drawing, clear definition"
"respect"|"She earned the respect of her colleagues."|"A woman receiving applause and smiles from coworkers gathered around her at the office, A simple children's painting style, naive art, cute, minimalist, colorful crayon drawing, clear definition"
"respect"|"In respect to your question, I have no answer."|"A person shrugging with empty hands in response to a question mark on a speech bubble, A simple children's painting style, naive art, cute, minimalist, colorful crayon drawing, clear definition"
"respectively"|"Tom and Ana scored 90 and 85, respectively."|"Two students each holding a test paper showing scores of 90 and 85 side by side, A simple children's painting style, naive art, cute, minimalist, colorful crayon drawing, clear definition"
"respondent"|"Each respondent answered twenty questions."|"Several people sitting at desks filling out a long questionnaire with twenty numbered lines, A simple children's painting style, naive art, cute, minimalist, colorful crayon drawing, clear definition"
"response"|"His response surprised everyone in the room."|"A man speaking while all the people around a table look shocked and wide-eyed, A simple children's painting style, naive art, cute, minimalist, colorful crayon drawing, clear definition"
"response"|"In response to the complaint, they issued a refund."|"A store clerk handing money back to a customer who is holding a complaint letter, A simple children's painting style, naive art, cute, minimalist, colorful crayon drawing, clear definition"
"responsibility"|"It's your responsibility to lock the door."|"A child standing at a front door carefully turning a key to lock it, A simple children's painting style, naive art, cute, minimalist, colorful crayon drawing, clear definition"
"responsible"|"She is responsible for the whole project."|"A woman standing before a large project board with arrows pointing to her as leader, A simple children's painting style, naive art, cute, minimalist, colorful crayon drawing, clear definition"
"rest"|"I need a few days of rest."|"A person lying comfortably in bed with eyes closed in a cozy sunlit bedroom, A simple children's painting style, naive art, cute, minimalist, colorful crayon drawing, clear definition"
"restaurant"|"We found a great restaurant downtown."|"Two friends smiling outside a colorful restaurant sign on a busy downtown street, A simple children's painting style, naive art, cute, minimalist, colorful crayon drawing, clear definition"
"restriction"|"There is a restriction on loud music after 10 p.m."|"A sign showing a musical note with an X and a clock pointing to 10 p.m. on a wall, A simple children's painting style, naive art, cute, minimalist, colorful crayon drawing, clear definition"
"result"|"The test result came back negative."|"A person holding a medical test paper with a large negative symbol and a relieved smile, A simple children's painting style, naive art, cute, minimalist, colorful crayon drawing, clear definition"
"retail"|"The retail price is higher than the wholesale price."|"Two price tags side by side on a store shelf showing a higher and a lower price, A simple children's painting style, naive art, cute, minimalist, colorful crayon drawing, clear definition"
"retailer"|"The retailer offered a discount on weekends."|"A shopkeeper hanging a weekend discount sign in a colorful store window, A simple children's painting style, naive art, cute, minimalist, colorful crayon drawing, clear definition"
"retired"|"My retired neighbor gardens every morning."|"A smiling elderly person kneeling in a sunny garden tending to flowers in the morning, A simple children's painting style, naive art, cute, minimalist, colorful crayon drawing, clear definition"
"retirement"|"He celebrated his retirement with a big party."|"An elderly man blowing out candles at a festive retirement party with balloons and guests, A simple children's painting style, naive art, cute, minimalist, colorful crayon drawing, clear definition"
"retreat"|"The team went on a weekend retreat."|"A group of coworkers arriving at a cozy cabin in the woods with bags for the weekend, A simple children's painting style, naive art, cute, minimalist, colorful crayon drawing, clear definition"
"return"|"His return home was a big surprise."|"A man opening his front door while his family inside looks shocked and happy, A simple children's painting style, naive art, cute, minimalist, colorful crayon drawing, clear definition"
"revelation"|"The ending of that movie was a total revelation."|"Audience members in a cinema with wide eyes and open mouths at a surprising screen ending, A simple children's painting style, naive art, cute, minimalist, colorful crayon drawing, clear definition"
"revenue"|"The company's revenue doubled this year."|"A bar chart on a wall showing company earnings doubled, two businesspeople celebrating, A simple children's painting style, naive art, cute, minimalist, colorful crayon drawing, clear definition"
"review"|"I always read reviews before buying something online."|"A person at a laptop reading star ratings and reviews on a shopping website, A simple children's painting style, naive art, cute, minimalist, colorful crayon drawing, clear definition"
"revolution"|"The Industrial Revolution changed the world forever."|"A large smoking factory with steam engines and workers in old-fashioned clothing, A simple children's painting style, naive art, cute, minimalist, colorful crayon drawing, clear definition"
"revolutionary"|"That was a revolutionary idea at the time."|"A person presenting a glowing lightbulb idea on a chalkboard to an amazed crowd, A simple children's painting style, naive art, cute, minimalist, colorful crayon drawing, clear definition"
"reward"|"Hard work comes with its own reward."|"A tired smiling worker receiving a golden trophy after finishing a big task, A simple children's painting style, naive art, cute, minimalist, colorful crayon drawing, clear definition"
"rhetoric"|"His speech was full of empty rhetoric."|"A politician at a podium giving a loud speech with empty word bubbles floating around, A simple children's painting style, naive art, cute, minimalist, colorful crayon drawing, clear definition"
"rhythm"|"She has a natural sense of rhythm when she dances."|"A smiling girl dancing energetically with musical notes floating around her, A simple children's painting style, naive art, cute, minimalist, colorful crayon drawing, clear definition"
"rib"|"He cracked a rib during the game."|"A boy on a soccer field holding his side in pain with a visible rib highlighted, A simple children's painting style, naive art, cute, minimalist, colorful crayon drawing, clear definition"
"ribbon"|"She tied a red ribbon around the gift."|"A girl tying a bright red ribbon into a bow around a colorful wrapped gift box, A simple children's painting style, naive art, cute, minimalist, colorful crayon drawing, clear definition"
"rice"|"We have rice and beans almost every day."|"Two friends sitting at a table with big plates of white rice and brown beans, A simple children's painting style, naive art, cute, minimalist, colorful crayon drawing, clear definition"
"rich"|"She grew up in a rich neighborhood."|"A girl standing in front of large fancy houses with green lawns and a luxury car, A simple children's painting style, naive art, cute, minimalist, colorful crayon drawing, clear definition"
"ride"|"The ride to the airport took over an hour."|"A passenger sitting in a taxi watching an airport sign out the window after a long drive, A simple children's painting style, naive art, cute, minimalist, colorful crayon drawing, clear definition"
"rider"|"The rider lost control of his bike on the curve."|"A cyclist wobbling and losing control on a sharp curve in the road, A simple children's painting style, naive art, cute, minimalist, colorful crayon drawing, clear definition"
"ridge"|"We hiked along the ridge of the mountain."|"Two hikers walking along a narrow rocky mountain ridge with valleys on both sides, A simple children's painting style, naive art, cute, minimalist, colorful crayon drawing, clear definition"
"ridiculous"|"That price is absolutely ridiculous."|"A shocked customer pointing at an enormous price tag on a small item in a store, A simple children's painting style, naive art, cute, minimalist, colorful crayon drawing, clear definition"
"rifle"|"The soldier carried a rifle on his back."|"A soldier in uniform walking with a long rifle strapped across his back, A simple children's painting style, naive art, cute, minimalist, colorful crayon drawing, clear definition"
"right"|"Turn right at the traffic light."|"A car at a red traffic light with a large arrow pointing to the right, A simple children's painting style, naive art, cute, minimalist, colorful crayon drawing, clear definition"
"right"|"Everyone has the right to free speech."|"A diverse crowd of people holding speech bubble signs and speaking freely outdoors, A simple children's painting style, naive art, cute, minimalist, colorful crayon drawing, clear definition"
"right"|"That's the right answer."|"A happy student at a chalkboard with a big green checkmark next to their correct answer, A simple children's painting style, naive art, cute, minimalist, colorful crayon drawing, clear definition"
"rim"|"There's a crack on the rim of this glass."|"A close-up of a drinking glass with a visible crack along its top rim, A simple children's painting style, naive art, cute, minimalist, colorful crayon drawing, clear definition"
"ring"|"She got an engagement ring last night."|"A woman smiling and holding up her hand showing a sparkling diamond engagement ring, A simple children's painting style, naive art, cute, minimalist, colorful crayon drawing, clear definition"
"riot"|"A riot broke out after the game ended."|"An angry crowd outside a stadium overturning objects and causing chaos after a game, A simple children's painting style, naive art, cute, minimalist, colorful crayon drawing, clear definition"
"rise"|"There's been a rise in food prices lately."|"A supermarket shelf with price tags showing upward arrows indicating higher food costs, A simple children's painting style, naive art, cute, minimalist, colorful crayon drawing, clear definition"
"risk"|"Starting a business always involves some risk."|"A person standing at a crossroads holding a briefcase with a warning sign nearby, A simple children's painting style, naive art, cute, minimalist, colorful crayon drawing, clear definition"
"risky"|"Driving in that storm was really risky."|"A small car driving on a flooded road through heavy rain and strong winds, A simple children's painting style, naive art, cute, minimalist, colorful crayon drawing, clear definition"
"ritual"|"Making coffee in the morning is my daily ritual."|"A person in pajamas carefully brewing a fresh cup of coffee in a cozy morning kitchen, A simple children's painting style, naive art, cute, minimalist, colorful crayon drawing, clear definition"
"rival"|"The two companies have been rivals for decades."|"Two businesspeople in suits standing back to back with competing company logos behind them, A simple children's painting style, naive art, cute, minimalist, colorful crayon drawing, clear definition"
"river"|"We spent the afternoon fishing by the river."|"Two friends sitting on a grassy riverbank holding fishing rods on a sunny afternoon, A simple children's painting style, naive art, cute, minimalist, colorful crayon drawing, clear definition"
"road"|"The road to the beach is under construction."|"A road leading toward a beach blocked by orange construction cones and workers, A simple children's painting style, naive art, cute, minimalist, colorful crayon drawing, clear definition"
"robot"|"The factory replaced several workers with robots."|"Several metal robots working on an assembly line inside a large factory, A simple children's painting style, naive art, cute, minimalist, colorful crayon drawing, clear definition"
"rock"|"He threw a rock into the lake."|"A boy throwing a large gray rock into a calm blue lake, splashing water, A simple children's painting style, naive art, cute, minimalist, colorful crayon drawing, clear definition"
"rocket"|"The rocket launched successfully into orbit."|"A white rocket blasting off into a blue sky leaving a trail of fire and smoke, A simple children's painting style, naive art, cute, minimalist, colorful crayon drawing, clear definition"
"rod"|"He bought a new fishing rod for the trip."|"A smiling man holding a brand new fishing rod at a tackle shop, A simple children's painting style, naive art, cute, minimalist, colorful crayon drawing, clear definition"
"role"|"She played the lead role in the school play."|"A girl in a costume standing center stage under a spotlight in a school theater, A simple children's painting style, naive art, cute, minimalist, colorful crayon drawing, clear definition"
"roll"|"He ate two bread rolls at dinner."|"A boy at a dinner table happily eating two small round bread rolls, A simple children's painting style, naive art, cute, minimalist, colorful crayon drawing, clear definition"
"rolling"|"The car went through rolling hills in the countryside."|"A small car driving through gentle rolling green hills in a sunny countryside, A simple children's painting style, naive art, cute, minimalist, colorful crayon drawing, clear definition"
"Roman"|"They visited a Roman temple in Italy."|"Two tourists standing in front of a tall ancient Roman temple with stone columns in Italy, A simple children's painting style, naive art, cute, minimalist, colorful crayon drawing, clear definition"
"romance"|"Their romance started at work."|"A man and woman smiling shyly at each other across desks in a bright office, A simple children's painting style, naive art, cute, minimalist, colorful crayon drawing, clear definition"
"romantic"|"He planned a romantic dinner for their anniversary."|"A man and woman at a candlelit table with roses and wine glasses for a special dinner, A simple children's painting style, naive art, cute, minimalist, colorful crayon drawing, clear definition"
"roof"|"The roof started leaking during the storm."|"Water dripping through a damaged roof into a bucket inside a house during a rainstorm, A simple children's painting style, naive art, cute, minimalist, colorful crayon drawing, clear definition"
"room"|"There's no room for another chair in here."|"A cramped room stuffed with chairs with no empty space left on the floor, A simple children's painting style, naive art, cute, minimalist, colorful crayon drawing, clear definition"
"root"|"The roots of this tree go really deep."|"A large tree with thick roots stretching deep underground visible beneath the soil, A simple children's painting style, naive art, cute, minimalist, colorful crayon drawing, clear definition"
"rope"|"He tied the boat to the dock with a rope."|"A man kneeling on a wooden dock tying a thick rope around a boat, A simple children's painting style, naive art, cute, minimalist, colorful crayon drawing, clear definition"
"rose"|"He gave her a single red rose."|"A smiling man handing a single bright red rose to a happy woman, A simple children's painting style, naive art, cute, minimalist, colorful crayon drawing, clear definition"
"rough"|"The road was too rough for a regular car."|"A small car struggling on a bumpy rocky dirt road full of holes and stones, A simple children's painting style, naive art, cute, minimalist, colorful crayon drawing, clear definition"
"roughly"|"It takes roughly 30 minutes to get there."|"A person checking a clock showing 30 minutes with a question mark above their head, A simple children's painting style, naive art, cute, minimalist, colorful crayon drawing, clear definition"
"round"|"The boxer won in the third round."|"A boxer raising his fist in victory inside a boxing ring with a big number three visible, A simple children's painting style, naive art, cute, minimalist, colorful crayon drawing, clear definition"
"round"|"We sat around a round table."|"Several people sitting together around a circular round table in a bright room, A simple children's painting style, naive art, cute, minimalist, colorful crayon drawing, clear definition"
"route"|"What's the fastest route to downtown?"|"A person looking at a map with a highlighted path leading to a city downtown, A simple children's painting style, naive art, cute, minimalist, colorful crayon drawing, clear definition"
"routine"|"My morning routine starts with coffee."|"A person in pajamas pouring a steaming cup of coffee first thing in the morning, A simple children's painting style, naive art, cute, minimalist, colorful crayon drawing, clear definition"
"routinely"|"She routinely checks her email before lunch."|"A woman sitting at a desk checking her laptop screen just before eating her lunch, A simple children's painting style, naive art, cute, minimalist, colorful crayon drawing, clear definition"
"row"|"We sat in the front row at the concert."|"Two excited people sitting in the very first row of seats in front of a concert stage, A simple children's painting style, naive art, cute, minimalist, colorful crayon drawing, clear definition"
"royal"|"The royal family appeared on the balcony."|"A king queen and children in crowns and robes waving from a grand palace balcony, A simple children's painting style, naive art, cute, minimalist, colorful crayon drawing, clear definition"
"rubber"|"The rubber sole on my shoe wore out."|"A worn-out sneaker with a flat thin sole peeling away from the bottom of the shoe, A simple children's painting style, naive art, cute, minimalist, colorful crayon drawing, clear definition"
"rule"|"There's a rule against using phones in class."|"A classroom with a no-phones sign on the wall and a student putting their phone away, A simple children's painting style, naive art, cute, minimalist, colorful crayon drawing, clear definition"
"ruling"|"The judge issued a ruling in her favor."|"A judge in robes pointing a gavel toward a smiling woman standing in a courtroom, A simple children's painting style, naive art, cute, minimalist, colorful crayon drawing, clear definition"
"rumor"|"There's a rumor going around that he quit."|"People whispering to each other in a circle with speech bubbles passing a secret message, A simple children's painting style, naive art, cute, minimalist, colorful crayon drawing, clear definition"
"run"|"I went for a run before breakfast."|"A person in sports clothes jogging outside on a path in the early morning light, A simple children's painting style, naive art, cute, minimalist, colorful crayon drawing, clear definition"
"runner"|"The runner crossed the finish line first."|"A smiling runner breaking through a finish line ribbon ahead of other athletes on a track, A simple children's painting style, naive art, cute, minimalist, colorful crayon drawing, clear definition"
"running"|"He has a running tab at that bar."|"A bartender marking a notepad as a man receives another drink at a cozy bar counter, A simple children's painting style, naive art, cute, minimalist, colorful crayon drawing, clear definition"
"running"|"Running is her favorite form of exercise."|"A smiling woman jogging happily along a sunny park path, A simple children's painting style, naive art, cute, minimalist, colorful crayon drawing, clear definition"
"rural"|"They moved to a rural area to escape the city."|"A happy family standing in front of a cozy farmhouse surrounded by green fields and trees, A simple children's painting style, naive art, cute, minimalist, colorful crayon drawing, clear definition"
"rush"|"The morning rush makes the subway unbearable."|"A crowded subway platform packed with people rushing to catch a train in the morning, A simple children's painting style, naive art, cute, minimalist, colorful crayon drawing, clear definition"
"Russian"|"She ordered Russian dressing on her salad."|"A woman pointing at a bottle of Russian dressing next to a bowl of salad at a restaurant, A simple children's painting style, naive art, cute, minimalist, colorful crayon drawing, clear definition"
"Russian"|"He's a Russian who moved to Brazil ten years ago."|"A man holding a Russian flag standing next to a Brazilian flag with suitcases beside him, A simple children's painting style, naive art, cute, minimalist, colorful crayon drawing, clear definition"
"sack"|"He carried a sack of potatoes from the market."|"A man carrying a large bulging sack of potatoes over his shoulder at an outdoor market, A simple children's painting style, naive art, cute, minimalist, colorful crayon drawing, clear definition"
"sacred"|"This land is sacred to the indigenous community."|"Indigenous people standing reverently on a green ceremonial land with symbolic decorations around them, A simple children's painting style, naive art, cute, minimalist, colorful crayon drawing, clear definition"
"sacrifice"|"Raising kids requires a lot of sacrifice."|"A tired parent giving up sleep to comfort a crying baby in the middle of the night, A simple children's painting style, naive art, cute, minimalist, colorful crayon drawing, clear definition"
"sad"|"She felt sad when her dog passed away."|"A girl sitting on the floor hugging a dog toy with tears on her cheeks, A simple children's painting style, naive art, cute, minimalist, colorful crayon drawing, clear definition"
"safe"|"Is it safe to drink the tap water here?"|"A person holding a glass of tap water up to the light looking at it cautiously, A simple children's painting style, naive art, cute, minimalist, colorful crayon drawing, clear definition"
"safely"|"The pilot landed the plane safely."|"A smiling pilot guiding an airplane smoothly onto a runway under a clear blue sky, A simple children's painting style, naive art, cute, minimalist, colorful crayon drawing, clear definition"
"safety"|"Always wear a helmet for your own safety."|"A child putting on a bright colorful helmet before riding a bicycle on a sunny day, A simple children's painting style, naive art, cute, minimalist, colorful crayon drawing, clear definition"
"sake"|"I quit sugar for the sake of my health."|"A person pushing away a bowl of sugar cubes with a healthy heart symbol glowing nearby, A simple children's painting style, naive art, cute, minimalist, colorful crayon drawing, clear definition"
"salad"|"I made a salad with tomatoes and cucumbers."|"A person tossing a bowl of salad with bright red tomatoes and green cucumber slices, A simple children's painting style, naive art, cute, minimalist, colorful crayon drawing, clear definition"
"salary"|"She negotiated a higher salary at her new job."|"A woman smiling and shaking hands with a boss at a desk with a pay chart showing an increase, A simple children's painting style, naive art, cute, minimalist, colorful crayon drawing, clear definition"
"sale"|"The store is having a big sale this weekend."|"A colorful shop front covered in big sale signs with happy shoppers carrying bags outside, A simple children's painting style, naive art, cute, minimalist, colorful crayon drawing, clear definition"
"sales"|"The sales team hit their target this quarter."|"A cheerful team of workers celebrating in front of a bar chart showing sales target reached, A simple children's painting style, naive art, cute, minimalist, colorful crayon drawing, clear definition"
"salmon"|"We grilled salmon for dinner last night."|"Two people sitting at a dinner table with a grilled salmon fillet on a plate between them, A simple children's painting style, naive art, cute, minimalist, colorful crayon drawing, clear definition"
"salt"|"Can you pass me the salt, please?"|"A person reaching across a dining table to hand a salt shaker to someone smiling, A simple children's painting style, naive art, cute, minimalist, colorful crayon drawing, clear definition"
"same"|"We ordered the same dish by accident."|"Two surprised friends at a restaurant both receiving identical plates of food at the same time, A simple children's painting style, naive art, cute, minimalist, colorful crayon drawing, clear definition"
"sample"|"The doctor sent a blood sample to the lab."|"A doctor holding a small vial of blood next to a laboratory with a delivery arrow pointing toward it, A simple children's painting style, naive art, cute, minimalist, colorful crayon drawing, clear definition"
"sanction"|"The government imposed a sanction on the company."|"A government official stamping a large official document in front of a company building with a warning sign, A simple children's painting style, naive art, cute, minimalist, colorful crayon drawing, clear definition"
"sand"|"The kids built a castle in the sand."|"Two happy children kneeling on a sunny beach building a tall sand castle together, A simple children's painting style, naive art, cute, minimalist, colorful crayon drawing, clear definition"
"sandwich"|"I packed a turkey sandwich for lunch."|"A person placing a turkey sandwich wrapped in paper into a lunchbox on a kitchen counter, A simple children's painting style, naive art, cute, minimalist, colorful crayon drawing, clear definition"
"satellite"|"The satellite sends signals back to Earth."|"A satellite orbiting Earth in space with signal waves beaming down toward the planet below, A simple children's painting style, naive art, cute, minimalist, colorful crayon drawing, clear definition"
"satisfaction"|"She finished the project with a sense of satisfaction."|"A woman leaning back in her chair smiling proudly at a completed project on her desk, A simple children's painting style, naive art, cute, minimalist, colorful crayon drawing, clear definition"
"sauce"|"This pasta sauce is incredibly rich."|"A person stirring a thick bubbling red pasta sauce in a pot on the stove, A simple children's painting style, naive art, cute, minimalist, colorful crayon drawing, clear definition"
"saving"|"Buying in bulk is a real saving."|"A happy shopper placing large bulk packages into a cart next to a price tag showing a big discount, A simple children's painting style, naive art, cute, minimalist, colorful crayon drawing, clear definition"
"scale"|"The scale showed he had lost five pounds."|"A man stepping onto a bathroom scale and smiling at the number displayed on the screen, A simple children's painting style, naive art, cute, minimalist, colorful crayon drawing, clear definition"
"scandal"|"The financial scandal dominated the news for weeks."|"A television screen showing breaking news about a financial scandal with shocked reporters gesturing, A simple children's painting style, naive art, cute, minimalist, colorful crayon drawing, clear definition"
"scared"|"She was scared to walk home alone at night."|"A girl standing frozen on a dark street at night, eyes wide with fear, A simple children's painting style, naive art, cute, minimalist, colorful crayon drawing, clear definition"
"scary"|"That horror movie was really scary."|"A child on a couch covering their eyes while a monster appears on a TV screen, A simple children's painting style, naive art, cute, minimalist, colorful crayon drawing, clear definition"
"scenario"|"In the worst-case scenario, we'll have to cancel."|"A person at a desk looking worried at a calendar with a big X marking a cancelled event, A simple children's painting style, naive art, cute, minimalist, colorful crayon drawing, clear definition"
"scene"|"The crime scene was blocked off by police."|"Two police officers standing beside yellow tape blocking off a street area, A simple children's painting style, naive art, cute, minimalist, colorful crayon drawing, clear definition"
"scent"|"The scent of fresh bread filled the bakery."|"A smiling baker pulling warm bread from an oven as wavy aroma lines fill the bakery, A simple children's painting style, naive art, cute, minimalist, colorful crayon drawing, clear definition"
"schedule"|"My schedule is packed this week."|"A person staring at a weekly planner completely filled with colorful appointments, A simple children's painting style, naive art, cute, minimalist, colorful crayon drawing, clear definition"
"scheme"|"The city launched a scheme to reduce traffic."|"A mayor at a podium unveiling a city plan with roads and fewer cars on a banner, A simple children's painting style, naive art, cute, minimalist, colorful crayon drawing, clear definition"
"scholar"|"She's a respected scholar in medieval history."|"A woman in a library surrounded by thick medieval history books and scrolls, A simple children's painting style, naive art, cute, minimalist, colorful crayon drawing, clear definition"
"scholarship"|"He won a full scholarship to study abroad."|"A happy student holding a large trophy-style certificate labeled scholarship with a plane in the background, A simple children's painting style, naive art, cute, minimalist, colorful crayon drawing, clear definition"
"school"|"She walks to school every day."|"A girl with a backpack walking along a sunny path toward a colorful school building, A simple children's painting style, naive art, cute, minimalist, colorful crayon drawing, clear definition"
"science"|"Science class is my favorite."|"A smiling student at a desk with colorful beakers and a microscope during science class, A simple children's painting style, naive art, cute, minimalist, colorful crayon drawing, clear definition"
"scientific"|"The scientific evidence is clear."|"A scientist pointing to a chart with clear data results on a board in a laboratory, A simple children's painting style, naive art, cute, minimalist, colorful crayon drawing, clear definition"
"scientist"|"The scientist works in a lab."|"A scientist in a white coat working with colorful test tubes at a laboratory bench, A simple children's painting style, naive art, cute, minimalist, colorful crayon drawing, clear definition"
"scope"|"The scope of the project is huge."|"A person standing before a massive project map covering an entire wall with many sections, A simple children's painting style, naive art, cute, minimalist, colorful crayon drawing, clear definition"
"score"|"What was the final score?"|"Two children looking up at a scoreboard showing the final numbers of a game, A simple children's painting style, naive art, cute, minimalist, colorful crayon drawing, clear definition"
"screen"|"The screen on my phone cracked."|"A hand holding a smartphone with a clearly cracked and shattered screen, A simple children's painting style, naive art, cute, minimalist, colorful crayon drawing, clear definition"
"screening"|"There will be a free screening of the film tonight."|"People sitting in an outdoor cinema watching a film projected on a big screen at night, A simple children's painting style, naive art, cute, minimalist, colorful crayon drawing, clear definition"
"script"|"The actor memorized the whole script."|"An actor on a stage holding a thick script booklet with a focused expression, A simple children's painting style, naive art, cute, minimalist, colorful crayon drawing, clear definition"
"sculpture"|"There's a beautiful sculpture in the park."|"A family admiring a tall colorful sculpture standing on a pedestal in a sunny park, A simple children's painting style, naive art, cute, minimalist, colorful crayon drawing, clear definition"
"sea"|"We watched the sunset over the sea."|"Two people sitting on a cliff watching a bright orange sunset reflected over a calm sea, A simple children's painting style, naive art, cute, minimalist, colorful crayon drawing, clear definition"
"seal"|"The seal on the bottle was broken."|"A hand holding a bottle with a torn plastic seal hanging off the broken cap, A simple children's painting style, naive art, cute, minimalist, colorful crayon drawing, clear definition"
"search"|"The search for her keys took an hour."|"A woman searching through cushions and drawers around a messy living room for her keys, A simple children's painting style, naive art, cute, minimalist, colorful crayon drawing, clear definition"
"season"|"Fall is my favorite season."|"A child jumping into a pile of colorful fallen leaves on an autumn day, A simple children's painting style, naive art, cute, minimalist, colorful crayon drawing, clear definition"
"seat"|"Is this seat taken?"|"A person pointing at an empty chair in a crowded theater asking someone nearby, A simple children's painting style, naive art, cute, minimalist, colorful crayon drawing, clear definition"
"second"|"She finished in second place."|"A girl on a podium standing on the number two block holding a silver medal, A simple children's painting style, naive art, cute, minimalist, colorful crayon drawing, clear definition"
"second"|"Wait just a second."|"A person holding up one finger gesturing wait while a clock shows one second ticking, A simple children's painting style, naive art, cute, minimalist, colorful crayon drawing, clear definition"
"secondary"|"That's a secondary concern right now."|"A person at a desk with one big important paper and a smaller paper pushed to the side, A simple children's painting style, naive art, cute, minimalist, colorful crayon drawing, clear definition"
"secret"|"Can you keep a secret?"|"A child whispering into another child ears while covering their mouth with one hand, A simple children's painting style, naive art, cute, minimalist, colorful crayon drawing, clear definition"
"secret"|"They had a secret meeting after work."|"Two people meeting in a dimly lit room after hours with a closed door and drawn curtains, A simple children's painting style, naive art, cute, minimalist, colorful crayon drawing, clear definition"
"secretary"|"The secretary scheduled all the meetings."|"A smiling woman at a desk writing appointments into a large open planner with a phone nearby, A simple children's painting style, naive art, cute, minimalist, colorful crayon drawing, clear definition"
"section"|"Read the first section of the chapter."|"A child opening a book and pointing at the first section of a chapter, A simple children's painting style, naive art, cute, minimalist, colorful crayon drawing, clear definition"
"sector"|"She works in the private sector."|"A woman in business clothes working at a desk inside a private company office building, A simple children's painting style, naive art, cute, minimalist, colorful crayon drawing, clear definition"
"secular"|"It's a secular school with no religious classes."|"A school building with children studying math and science, no religious symbols anywhere, A simple children's painting style, naive art, cute, minimalist, colorful crayon drawing, clear definition"
"secure"|"Make sure the door is secure before you leave."|"A person firmly checking a locked door handle before leaving the house, A simple children's painting style, naive art, cute, minimalist, colorful crayon drawing, clear definition"
"security"|"There's tight security at the airport."|"A security guard in uniform checking passengers bags at a busy airport entrance, A simple children's painting style, naive art, cute, minimalist, colorful crayon drawing, clear definition"
"seed"|"She planted a seed in a small pot."|"A girl gently placing a tiny seed into a small round pot filled with soil, A simple children's painting style, naive art, cute, minimalist, colorful crayon drawing, clear definition"
"seemingly"|"He was seemingly calm, but nervous inside."|"A man sitting still with a relaxed face but hands gripping his chair tightly, A simple children's painting style, naive art, cute, minimalist, colorful crayon drawing, clear definition"
"segment"|"We're targeting a specific market segment."|"A team pointing at one highlighted slice of a colorful pie chart on a whiteboard, A simple children's painting style, naive art, cute, minimalist, colorful crayon drawing, clear definition"
"seldom"|"He seldom eats breakfast."|"A man rushing out the door past an empty breakfast table with untouched food, A simple children's painting style, naive art, cute, minimalist, colorful crayon drawing, clear definition"
"selected"|"Only selected candidates will be contacted."|"A recruiter circling a few resumes from a large pile on a desk, A simple children's painting style, naive art, cute, minimalist, colorful crayon drawing, clear definition"
"selection"|"The store has a wide selection of cheeses."|"A shop display counter filled with many different types and colors of cheese, A simple children's painting style, naive art, cute, minimalist, colorful crayon drawing, clear definition"
"self"|"She did it all by herself."|"A proud girl standing alone next to a finished science project she built herself, A simple children's painting style, naive art, cute, minimalist, colorful crayon drawing, clear definition"
"self-esteem"|"Low self-esteem can affect your daily life."|"A child looking sadly at their reflection in a mirror with slumped shoulders, A simple children's painting style, naive art, cute, minimalist, colorful crayon drawing, clear definition"
"seller"|"He's the top seller on the team."|"A smiling man in a tie standing in front of a sales chart showing the highest bar, A simple children's painting style, naive art, cute, minimalist, colorful crayon drawing, clear definition"
"seminar"|"I attended a seminar on leadership last week."|"People sitting in rows of chairs watching a speaker present at a seminar podium, A simple children's painting style, naive art, cute, minimalist, colorful crayon drawing, clear definition"
"Senate"|"The bill passed in the Senate."|"Senators sitting in a grand semicircular chamber raising hands to vote on a bill, A simple children's painting style, naive art, cute, minimalist, colorful crayon drawing, clear definition"
"senator"|"The senator gave a long speech."|"A senator standing at a podium giving a long speech in a grand government hall, A simple children's painting style, naive art, cute, minimalist, colorful crayon drawing, clear definition"
"senior"|"She's a senior employee with twenty years of experience."|"A confident woman at her desk surrounded by twenty years worth of award plaques and files, A simple children's painting style, naive art, cute, minimalist, colorful crayon drawing, clear definition"
"senior"|"The seniors at school are planning their prom."|"A group of teenage students excitedly planning decorations for their school prom together, A simple children's painting style, naive art, cute, minimalist, colorful crayon drawing, clear definition"
"sensation"|"I felt a burning sensation in my arm."|"A person grabbing their arm with a pained expression showing red heat waves on the skin, A simple children's painting style, naive art, cute, minimalist, colorful crayon drawing, clear definition"
"sense"|"I have a strong sense of smell."|"A person leaning over a bouquet of flowers with a big smile sniffing deeply, A simple children's painting style, naive art, cute, minimalist, colorful crayon drawing, clear definition"
"sensitive"|"She's sensitive to criticism."|"A girl with a sad face and teary eyes after hearing a negative comment from someone, A simple children's painting style, naive art, cute, minimalist, colorful crayon drawing, clear definition"
"sensitivity"|"He showed great sensitivity during the conversation."|"A man gently listening to a friend with a warm caring expression during a quiet talk, A simple children's painting style, naive art, cute, minimalist, colorful crayon drawing, clear definition"
"sensor"|"The motion sensor turned on the light."|"A person walking past a wall sensor that triggers a ceiling light to switch on, A simple children's painting style, naive art, cute, minimalist, colorful crayon drawing, clear definition"
"sentence"|"He got a ten-year sentence."|"A judge in a courtroom pointing a gavel at a man while holding up ten fingers, A simple children's painting style, naive art, cute, minimalist, colorful crayon drawing, clear definition"
"sentiment"|"The general sentiment in the office is positive."|"Office workers smiling and chatting cheerfully together in a bright open workspace, A simple children's painting style, naive art, cute, minimalist, colorful crayon drawing, clear definition"
"separate"|"They sleep in separate rooms."|"Two children each sleeping in their own individual bedroom on opposite sides of a wall, A simple children's painting style, naive art, cute, minimalist, colorful crayon drawing, clear definition"
"separation"|"The separation was hard on the kids."|"Two children looking sad while their parents stand apart on opposite sides of a doorway, A simple children's painting style, naive art, cute, minimalist, colorful crayon drawing, clear definition"
"sequence"|"Follow the steps in the correct sequence."|"A child following numbered arrows on a diagram connecting steps one two three in order, A simple children's painting style, naive art, cute, minimalist, colorful crayon drawing, clear definition"
"series"|"I've been watching a new series on Netflix."|"A person on a couch under a blanket watching a TV show on a laptop at night, A simple children's painting style, naive art, cute, minimalist, colorful crayon drawing, clear definition"
"serious"|"This is a serious problem — we need to fix it now."|"Two workers standing over a broken machine with worried faces and furrowed brows, A simple children's painting style, naive art, cute, minimalist, colorful crayon drawing, clear definition"
"seriously"|"She takes her studies seriously."|"A focused girl sitting at a desk with books and notes, studying intently with a determined expression, A simple children's painting style, naive art, cute, minimalist, colorful crayon drawing, clear definition"
"servant"|"The servant brought food to the dining room."|"A uniformed servant carrying a tray of food into an elegant dining room, A simple children's painting style, naive art, cute, minimalist, colorful crayon drawing, clear definition"
"service"|"The service at that restaurant was excellent."|"A smiling waiter in uniform attentively serving customers at a restaurant table, A simple children's painting style, naive art, cute, minimalist, colorful crayon drawing, clear definition"
"serving"|"One serving of rice is about half a cup."|"A measuring cup filled halfway with white rice next to a bowl on a kitchen counter, A simple children's painting style, naive art, cute, minimalist, colorful crayon drawing, clear definition"
"session"|"We have a training session this afternoon."|"A group of people sitting in a bright room listening to a trainer at a whiteboard, A simple children's painting style, naive art, cute, minimalist, colorful crayon drawing, clear definition"
"set"|"I bought a set of kitchen knives."|"A neatly arranged set of kitchen knives of different sizes on a wooden cutting board, A simple children's painting style, naive art, cute, minimalist, colorful crayon drawing, clear definition"
"setting"|"The movie was filmed in a tropical setting."|"A film camera on a tripod surrounded by lush palm trees and a bright tropical beach, A simple children's painting style, naive art, cute, minimalist, colorful crayon drawing, clear definition"
"settlement"|"The two companies reached a settlement out of court."|"Two businesspeople shaking hands across a table with lawyers seated beside them, A simple children's painting style, naive art, cute, minimalist, colorful crayon drawing, clear definition"
"seven"|"I have seven cousins on my dad's side."|"A smiling child standing with seven other children of varying heights lined up together, A simple children's painting style, naive art, cute, minimalist, colorful crayon drawing, clear definition"
"seventh"|"Her birthday is on the seventh of March."|"A calendar showing March with the number seven circled and a birthday cake beside it, A simple children's painting style, naive art, cute, minimalist, colorful crayon drawing, clear definition"
"several"|"I've seen that movie several times."|"A person sitting on a couch surrounded by several empty popcorn boxes watching the same movie poster on TV, A simple children's painting style, naive art, cute, minimalist, colorful crayon drawing, clear definition"
"severe"|"The storm caused severe damage to the city."|"A city street with fallen trees, broken windows, and damaged buildings after a violent storm, A simple children's painting style, naive art, cute, minimalist, colorful crayon drawing, clear definition"
"severely"|"The patient was severely injured in the accident."|"A patient lying in a hospital bed covered in bandages with a doctor standing nearby, A simple children's painting style, naive art, cute, minimalist, colorful crayon drawing, clear definition"
"sex"|"The doctor asked about the patient's age and sex."|"A doctor holding a clipboard asking questions to a patient sitting on an exam table, A simple children's painting style, naive art, cute, minimalist, colorful crayon drawing, clear definition"
"sexual"|"The company has a strict policy against sexual harassment."|"A workplace bulletin board displaying a bold no-harassment policy sign in an office, A simple children's painting style, naive art, cute, minimalist, colorful crayon drawing, clear definition"
"sexuality"|"He felt free to express his sexuality for the first time."|"A young man smiling confidently and walking freely under a bright colorful sky, A simple children's painting style, naive art, cute, minimalist, colorful crayon drawing, clear definition"
"sexually"|"The content was considered sexually explicit."|"A person at a computer screen with a large red warning label blocking explicit content, A simple children's painting style, naive art, cute, minimalist, colorful crayon drawing, clear definition"
"sexy"|"She wore a sexy dress to the party."|"A confident woman in an elegant fitted dress walking into a lively party, A simple children's painting style, naive art, cute, minimalist, colorful crayon drawing, clear definition"
"shade"|"Let's sit in the shade — it's too hot in the sun."|"Two friends sitting happily under a large tree in cool shade on a hot sunny day, A simple children's painting style, naive art, cute, minimalist, colorful crayon drawing, clear definition"
"shadow"|"The tree cast a long shadow on the grass."|"A tall tree with a long dark shadow stretching across a green grassy lawn in sunlight, A simple children's painting style, naive art, cute, minimalist, colorful crayon drawing, clear definition"
"shallow"|"The kids played in the shallow end of the pool."|"Happy children splashing and playing in the shallow end of a bright swimming pool, A simple children's painting style, naive art, cute, minimalist, colorful crayon drawing, clear definition"
"shame"|"He felt deep shame after lying to his parents."|"A boy standing with head bowed and red cheeks in front of his disappointed parents, A simple children's painting style, naive art, cute, minimalist, colorful crayon drawing, clear definition"
"shape"|"Cut the dough into the shape of a star."|"Two hands using a star-shaped cookie cutter to cut dough on a floured kitchen counter, A simple children's painting style, naive art, cute, minimalist, colorful crayon drawing, clear definition"
"share"|"She owns a large share of the company."|"A woman holding a large colorful pie chart slice labeled with a company logo, A simple children's painting style, naive art, cute, minimalist, colorful crayon drawing, clear definition"
"shared"|"They live in a shared apartment near the campus."|"Two smiling roommates standing in the doorway of a cozy apartment near a university building, A simple children's painting style, naive art, cute, minimalist, colorful crayon drawing, clear definition"
"shareholder"|"Every shareholder will receive a copy of the annual report."|"A group of people each receiving a printed annual report booklet at a business meeting, A simple children's painting style, naive art, cute, minimalist, colorful crayon drawing, clear definition"
"shark"|"A shark was spotted near the beach."|"A large shark fin visible above the water just beyond a sunny sandy beach, A simple children's painting style, naive art, cute, minimalist, colorful crayon drawing, clear definition"
"sharp"|"Be careful — that knife is very sharp."|"A hand carefully handling a gleaming kitchen knife with a warning expression on a cutting board, A simple children's painting style, naive art, cute, minimalist, colorful crayon drawing, clear definition"
"sharply"|"The price of gas rose sharply last month."|"A gas price sign at a petrol station with an arrow pointing steeply upward, A simple children's painting style, naive art, cute, minimalist, colorful crayon drawing, clear definition"
"she"|"She called me this morning but I missed it."|"A woman holding a phone with a missed call notification on the screen, A simple children's painting style, naive art, cute, minimalist, colorful crayon drawing, clear definition"
"sheep"|"There were hundreds of sheep on the hillside."|"A green hillside completely covered with hundreds of fluffy white sheep grazing, A simple children's painting style, naive art, cute, minimalist, colorful crayon drawing, clear definition"
"sheer"|"It was sheer luck that we found a parking spot."|"A happy couple celebrating beside their car perfectly parked in a busy full parking lot, A simple children's painting style, naive art, cute, minimalist, colorful crayon drawing, clear definition"
"sheet"|"I need to change the sheets on my bed."|"A person pulling fresh white sheets onto a bed in a sunny bedroom, A simple children's painting style, naive art, cute, minimalist, colorful crayon drawing, clear definition"
"shelf"|"Put the books back on the shelf when you're done."|"A child placing colorful books onto a wooden shelf mounted on a wall, A simple children's painting style, naive art, cute, minimalist, colorful crayon drawing, clear definition"
"shell"|"She collected shells on the beach all afternoon."|"A girl kneeling on a sandy beach filling a bucket with colorful seashells, A simple children's painting style, naive art, cute, minimalist, colorful crayon drawing, clear definition"
"shelter"|"The hikers found shelter in a cave during the storm."|"Two hikers standing inside a cave entrance watching heavy rain and lightning outside, A simple children's painting style, naive art, cute, minimalist, colorful crayon drawing, clear definition"
"shift"|"He works the night shift at the hospital."|"A male nurse in scrubs walking into a hospital entrance under a dark night sky, A simple children's painting style, naive art, cute, minimalist, colorful crayon drawing, clear definition"
"ship"|"The cargo ship arrived at the port this morning."|"A large cargo ship docking at a busy port with crates on the deck, A simple children's painting style, naive art, cute, minimalist, colorful crayon drawing, clear definition"
"shirt"|"He spilled coffee on his shirt before the meeting."|"A man in a white shirt looking down at a large brown coffee stain on his chest, A simple children's painting style, naive art, cute, minimalist, colorful crayon drawing, clear definition"
"shit"|"Oh shit, I forgot my wallet at home."|"A man at a store counter patting empty pockets with a shocked expression on his face, A simple children's painting style, naive art, cute, minimalist, colorful crayon drawing, clear definition"
"shock"|"The news came as a complete shock to everyone."|"A group of people staring at a television with wide eyes and open mouths in surprise, A simple children's painting style, naive art, cute, minimalist, colorful crayon drawing, clear definition"
"shoe"|"I can't find my other shoe anywhere."|"A child on the floor holding one shoe and searching under a bed for the other, A simple children's painting style, naive art, cute, minimalist, colorful crayon drawing, clear definition"
"shooting"|"There was a shooting near the school last night."|"Police cars with flashing lights parked on a street near a school building at night, A simple children's painting style, naive art, cute, minimalist, colorful crayon drawing, clear definition"
"shop"|"There's a little coffee shop on the corner."|"A small cozy coffee shop with a striped awning sitting on a sunny street corner, A simple children's painting style, naive art, cute, minimalist, colorful crayon drawing, clear definition"
"shopping"|"I need to do some shopping before the weekend."|"A woman pushing a cart through a colorful supermarket aisle filled with products, A simple children's painting style, naive art, cute, minimalist, colorful crayon drawing, clear definition"
"shore"|"We walked along the shore and watched the sunset."|"Two people walking along a sandy shoreline with a glowing orange sunset over the water, A simple children's painting style, naive art, cute, minimalist, colorful crayon drawing, clear definition"
"short"|"The hallway is too short for that bookcase."|"A person trying to fit a tall bookcase into a small narrow hallway that is too short, A simple children's painting style, naive art, cute, minimalist, colorful crayon drawing, clear definition"
"short"|"She stopped short when she saw her ex."|"A woman freezing mid-step on a sidewalk with a startled expression spotting someone ahead, A simple children's painting style, naive art, cute, minimalist, colorful crayon drawing, clear definition"
"short-term"|"We made a short-term plan to save money."|"Two people sitting at a table writing a savings plan on paper with a small piggy bank nearby, A simple children's painting style, naive art, cute, minimalist, colorful crayon drawing, clear definition"
"shortage"|"There's a shortage of clean water in that region."|"A dry cracked landscape with an empty water tank and people waiting in line with empty jugs, A simple children's painting style, naive art, cute, minimalist, colorful crayon drawing, clear definition"
"shortly"|"The doctor will see you shortly."|"A patient sitting in a waiting room chair while a nurse holds up one finger gesturing soon, A simple children's painting style, naive art, cute, minimalist, colorful crayon drawing, clear definition"
"shorts"|"I wear shorts when it's hot outside."|"A smiling boy wearing colorful shorts standing outside under a bright hot sun, A simple children's painting style, naive art, cute, minimalist, colorful crayon drawing, clear definition"
"shot"|"The nurse gave me a shot in the arm."|"A nurse in scrubs gently giving an injection into a seated patient s arm, A simple children's painting style, naive art, cute, minimalist, colorful crayon drawing, clear definition"
"should"|"You should drink more water every day."|"A person handing a tall glass of water to a friend with an encouraging smile, A simple children's painting style, naive art, cute, minimalist, colorful crayon drawing, clear definition"
"shoulder"|"He carried the bag on his shoulder."|"A man walking down a street with a large bag hanging over one shoulder, A simple children's painting style, naive art, cute, minimalist, colorful crayon drawing, clear definition"
"show"|"We watched a great show on Netflix last night."|"Two friends sitting on a couch at night smiling at a glowing television screen, A simple children's painting style, naive art, cute, minimalist, colorful crayon drawing, clear definition"
"shower"|"I take a shower every morning before work."|"A person standing under a running shower with steam rising in a bright bathroom, A simple children's painting style, naive art, cute, minimalist, colorful crayon drawing, clear definition"
"shrimp"|"I ordered shrimp pasta at the restaurant."|"A person at a restaurant table receiving a plate of pasta topped with pink shrimp, A simple children's painting style, naive art, cute, minimalist, colorful crayon drawing, clear definition"
"shuttle"|"We took the hotel shuttle to the airport."|"A small hotel shuttle bus driving toward a bright airport terminal building, A simple children's painting style, naive art, cute, minimalist, colorful crayon drawing, clear definition"
"shy"|"She was too shy to speak in front of the class."|"A small girl standing at the front of a classroom, blushing and looking down, students watching, A simple children's painting style, naive art, cute, minimalist, colorful crayon drawing, clear definition"
"sibling"|"I have two siblings — a brother and a sister."|"A child standing happily between a brother and a sister, all three smiling together, A simple children's painting style, naive art, cute, minimalist, colorful crayon drawing, clear definition"
"sick"|"I stayed home because I was feeling sick."|"A child lying in bed under a blanket looking pale, a thermometer in mouth, curtains closed, A simple children's painting style, naive art, cute, minimalist, colorful crayon drawing, clear definition"
"side"|"Can I have a side of rice with that?"|"A plate of food with a small bowl of white rice placed beside it on a restaurant table, A simple children's painting style, naive art, cute, minimalist, colorful crayon drawing, clear definition"
"sidewalk"|"The kids were riding their bikes on the sidewalk."|"Two children riding colorful bicycles along a wide sidewalk beside a street, A simple children's painting style, naive art, cute, minimalist, colorful crayon drawing, clear definition"
"sight"|"The view from the top was an incredible sight."|"A person standing at the top of a hill gazing at a breathtaking colorful landscape below, A simple children's painting style, naive art, cute, minimalist, colorful crayon drawing, clear definition"
"sign"|"There's a sign on the door that says 'Closed.'"|"A wooden door with a hanging rectangular sign reading Closed in bold letters, A simple children's painting style, naive art, cute, minimalist, colorful crayon drawing, clear definition"
"signal"|"The driver didn't use his turn signal."|"A car at an intersection turning without a blinking orange turn signal light, A simple children's painting style, naive art, cute, minimalist, colorful crayon drawing, clear definition"
"signature"|"I need your signature at the bottom of the form."|"A hand holding a pen signing a name at the bottom line of a paper form, A simple children's painting style, naive art, cute, minimalist, colorful crayon drawing, clear definition"
"significance"|"No one understood the significance of his discovery at first."|"A scientist holding a glowing discovery while puzzled people around him shrug and look confused, A simple children's painting style, naive art, cute, minimalist, colorful crayon drawing, clear definition"
"significant"|"There was a significant improvement in her grades."|"A smiling girl holding a report card showing grades going from low to high with a big arrow up, A simple children's painting style, naive art, cute, minimalist, colorful crayon drawing, clear definition"
"significantly"|"The price has significantly increased this year."|"A price tag on a store shelf showing a much higher number with a large upward arrow beside it, A simple children's painting style, naive art, cute, minimalist, colorful crayon drawing, clear definition"
"silence"|"There was complete silence in the room during the test."|"Students sitting quietly at desks taking a test, no speech bubbles, a hush symbol floating in the air, A simple children's painting style, naive art, cute, minimalist, colorful crayon drawing, clear definition"
"silent"|"He stayed silent during the entire meeting."|"A man sitting at a meeting table with mouth closed while others around him talk with speech bubbles, A simple children's painting style, naive art, cute, minimalist, colorful crayon drawing, clear definition"
"silk"|"She wore a beautiful silk dress to the party."|"A woman in an elegant shiny flowing dress smiling at a colorful party, A simple children's painting style, naive art, cute, minimalist, colorful crayon drawing, clear definition"
"silly"|"Don't be silly — just ask for help."|"A child making a funny face and doing a silly pose instead of simply raising a hand to ask for help, A simple children's painting style, naive art, cute, minimalist, colorful crayon drawing, clear definition"
"silver"|"She gave me a silver bracelet for my birthday."|"A smiling girl handing a shiny silver bracelet to a friend at a birthday celebration, A simple children's painting style, naive art, cute, minimalist, colorful crayon drawing, clear definition"
"similar"|"These two phones look very similar."|"Two nearly identical smartphones placed side by side on a table being compared, A simple children's painting style, naive art, cute, minimalist, colorful crayon drawing, clear definition"
"similarity"|"There's a strong similarity between the two sisters."|"Two sisters standing side by side with matching faces, hair, and smiles, looking nearly identical, A simple children's painting style, naive art, cute, minimalist, colorful crayon drawing, clear definition"
"similarly"|"My brother reacted similarly when he heard the news."|"Two boys with matching wide-eyed surprised expressions hearing the same news, one after the other, A simple children's painting style, naive art, cute, minimalist, colorful crayon drawing, clear definition"
"simple"|"The recipe is simple — just three ingredients."|"An open recipe card showing only three labeled ingredients on a kitchen counter, A simple children's painting style, naive art, cute, minimalist, colorful crayon drawing, clear definition"
"simply"|"Just simply tell me what happened."|"A person sitting calmly across from another person gesturing with open hands as if asking for a plain explanation, A simple children's painting style, naive art, cute, minimalist, colorful crayon drawing, clear definition"
"simultaneously"|"She was simultaneously talking on the phone and cooking dinner."|"A woman holding a phone to her ear while stirring a pot on the stove at the same time, A simple children's painting style, naive art, cute, minimalist, colorful crayon drawing, clear definition"
"sin"|"In many religions, lying is considered a sin."|"A person with a long nose like Pinocchio standing before a religious symbol with a disapproving glow, A simple children's painting style, naive art, cute, minimalist, colorful crayon drawing, clear definition"
"since"|"I've been here since Monday."|"A person sitting at a desk with a calendar on the wall showing Monday circled and an arrow to today, A simple children's painting style, naive art, cute, minimalist, colorful crayon drawing, clear definition"
"since"|"I haven't eaten since this morning."|"A hungry person holding an empty bowl looking at a clock showing evening with a morning sun in a thought bubble, A simple children's painting style, naive art, cute, minimalist, colorful crayon drawing, clear definition"
"since"|"Since it was raining, we stayed inside."|"Two children looking out a rainy window from inside a cozy house, rain pouring heavily outside, A simple children's painting style, naive art, cute, minimalist, colorful crayon drawing, clear definition"
"singer"|"Her favorite singer is performing live next week."|"A woman on a bright stage holding a microphone and singing to a cheering audience, A simple children's painting style, naive art, cute, minimalist, colorful crayon drawing, clear definition"
"single"|"I'm looking for a single room at the hotel."|"A person at a hotel front desk pointing to a small room with one single bed on a floor map, A simple children's painting style, naive art, cute, minimalist, colorful crayon drawing, clear definition"
"sink"|"There were dirty dishes piled up in the sink."|"A kitchen sink overflowing with a tall pile of dirty plates and cups stacked messily, A simple children's painting style, naive art, cute, minimalist, colorful crayon drawing, clear definition"
"sir"|"Excuse me, sir, you dropped your wallet."|"A young person tapping an elderly man on the shoulder pointing at a wallet on the ground, A simple children's painting style, naive art, cute, minimalist, colorful crayon drawing, clear definition"
"sister"|"My sister and I share a bedroom."|"Two girls in a shared bedroom with two beds smiling at each other, A simple children's painting style, naive art, cute, minimalist, colorful crayon drawing, clear definition"
"site"|"They chose a site near the river for the new school."|"A group of people standing on an empty lot near a river pointing and planning, A simple children's painting style, naive art, cute, minimalist, colorful crayon drawing, clear definition"
"situation"|"We need to find a solution to this situation."|"A group of people gathered around a table looking worried at a big problem written on a board, A simple children's painting style, naive art, cute, minimalist, colorful crayon drawing, clear definition"
"six"|"I'll be there in six minutes."|"A person looking at a clock showing six minutes remaining while grabbing their coat, A simple children's painting style, naive art, cute, minimalist, colorful crayon drawing, clear definition"
"sixth"|"Her office is on the sixth floor."|"A woman stepping out of an elevator on a floor with a large number six on the wall, A simple children's painting style, naive art, cute, minimalist, colorful crayon drawing, clear definition"
"size"|"What size shoes do you wear?"|"A store clerk kneeling and holding different sized shoes next to a customer's feet, A simple children's painting style, naive art, cute, minimalist, colorful crayon drawing, clear definition"
"ski"|"I rented a ski at the mountain resort."|"A person at a snowy mountain resort counter holding a pair of skis just rented, A simple children's painting style, naive art, cute, minimalist, colorful crayon drawing, clear definition"
"skill"|"Communication is an important skill at work."|"A confident person speaking clearly to attentive coworkers in a bright office meeting room, A simple children's painting style, naive art, cute, minimalist, colorful crayon drawing, clear definition"
"skilled"|"She's a skilled carpenter who builds furniture by hand."|"A woman carefully crafting a wooden chair with hand tools in a cozy workshop, A simple children's painting style, naive art, cute, minimalist, colorful crayon drawing, clear definition"
"skin"|"The sunburn made her skin red and painful."|"A girl at the beach with bright red sunburned skin on her shoulders wincing in pain, A simple children's painting style, naive art, cute, minimalist, colorful crayon drawing, clear definition"
"skirt"|"She wore a blue skirt to the party."|"A smiling girl in a bright blue skirt dancing at a colorful party, A simple children's painting style, naive art, cute, minimalist, colorful crayon drawing, clear definition"
"skull"|"The doctor looked at the X-ray of his skull."|"A doctor in a white coat examining a glowing skull X-ray on a light board, A simple children's painting style, naive art, cute, minimalist, colorful crayon drawing, clear definition"
"sky"|"The sky turned orange right before sunset."|"A landscape with a vivid orange glowing sky just before the sun dips below the horizon, A simple children's painting style, naive art, cute, minimalist, colorful crayon drawing, clear definition"
"slave"|"Millions of people were forced to live as slaves."|"A somber scene of chained people being forced to work in a field under a harsh sun, A simple children's painting style, naive art, cute, minimalist, colorful crayon drawing, clear definition"
"slavery"|"Slavery was officially abolished in Brazil in 1888."|"A historic scene of people celebrating freedom with broken chains on the ground in Brazil, A simple children's painting style, naive art, cute, minimalist, colorful crayon drawing, clear definition"
"sleep"|"I need at least eight hours of sleep to feel good."|"A person sleeping peacefully in bed with a clock on the nightstand showing eight hours, A simple children's painting style, naive art, cute, minimalist, colorful crayon drawing, clear definition"
"sleeve"|"He rolled up his sleeve before the blood test."|"A man rolling up his shirt sleeve while a nurse prepares to draw blood, A simple children's painting style, naive art, cute, minimalist, colorful crayon drawing, clear definition"
"slice"|"Can I have another slice of pizza?"|"A child reaching eagerly toward a large pizza and grabbing another slice, A simple children's painting style, naive art, cute, minimalist, colorful crayon drawing, clear definition"
"slide"|"The kids love going down the slide at the park."|"Happy children laughing and sliding down a tall colorful playground slide at a sunny park, A simple children's painting style, naive art, cute, minimalist, colorful crayon drawing, clear definition"
"slight"|"There was a slight delay on the flight."|"Passengers sitting in an airport waiting area looking at a board showing a small delay, A simple children's painting style, naive art, cute, minimalist, colorful crayon drawing, clear definition"
"slightly"|"The soup is slightly too salty for me."|"A person tasting soup from a spoon and making a mildly unpleasant face at the table, A simple children's painting style, naive art, cute, minimalist, colorful crayon drawing, clear definition"
"slope"|"The road has a steep slope going down to the river."|"A winding road with a steep downward slope leading to a river at the bottom, A simple children's painting style, naive art, cute, minimalist, colorful crayon drawing, clear definition"
"slot"|"Put your card in the slot to pay."|"A hand inserting a credit card into a narrow slot on a payment machine, A simple children's painting style, naive art, cute, minimalist, colorful crayon drawing, clear definition"
"slow"|"The internet connection is really slow today."|"A person staring impatiently at a laptop screen showing a slowly loading progress bar, A simple children's painting style, naive art, cute, minimalist, colorful crayon drawing, clear definition"
"slowly"|"She slowly opened the door so nobody would hear."|"A girl quietly and carefully pushing open a door just a crack in a dark hallway, A simple children's painting style, naive art, cute, minimalist, colorful crayon drawing, clear definition"
"small"|"The apartment is small but very cozy."|"A tiny apartment interior with warm lighting soft furniture and a snug inviting atmosphere, A simple children's painting style, naive art, cute, minimalist, colorful crayon drawing, clear definition"
"smart"|"He's smart enough to figure it out on his own."|"A boy sitting alone at a desk with a big smile solving a difficult puzzle by himself, A simple children's painting style, naive art, cute, minimalist, colorful crayon drawing, clear definition"
"smell"|"The smell of fresh coffee filled the kitchen."|"A steaming coffee pot on a kitchen counter with wavy aroma lines drifting through the room, A simple children's painting style, naive art, cute, minimalist, colorful crayon drawing, clear definition"
"smile"|"Her smile made everyone in the room feel welcome."|"A girl with a warm bright smile standing in a room full of happy relaxed people, A simple children's painting style, naive art, cute, minimalist, colorful crayon drawing, clear definition"
"smoke"|"The smoke from the barbecue drifted into the yard."|"Gray smoke rising from a backyard barbecue grill and drifting across a green yard, A simple children's painting style, naive art, cute, minimalist, colorful crayon drawing, clear definition"
"smooth"|"The road was smooth after they repaved it."|"A shiny flat road stretching ahead with a steamroller finishing the fresh smooth pavement, A simple children's painting style, naive art, cute, minimalist, colorful crayon drawing, clear definition"
"snake"|"There was a snake hiding under the rock."|"A green snake curled beneath a large gray rock in a grassy outdoor scene, A simple children's painting style, naive art, cute, minimalist, colorful crayon drawing, clear definition"
"snow"|"The kids played in the snow all afternoon."|"Two happy children building a snowman and throwing snowballs in a white snowy yard, A simple children's painting style, naive art, cute, minimalist, colorful crayon drawing, clear definition"
"so"|"I was so tired that I fell asleep on the couch."|"A person slumped fast asleep on a couch with heavy drooping eyes and a pillow, A simple children's painting style, naive art, cute, minimalist, colorful crayon drawing, clear definition"
"so"|"It was raining, so we stayed inside."|"A family sitting indoors by a window watching heavy rain fall outside on the street, A simple children's painting style, naive art, cute, minimalist, colorful crayon drawing, clear definition"
"so-called"|"His so-called friends never showed up when he needed help."|"A sad boy standing alone with moving boxes while empty spaces show absent friends, A simple children's painting style, naive art, cute, minimalist, colorful crayon drawing, clear definition"
"soap"|"There's no soap left in the bathroom."|"A person reaching for an empty soap dish on a bathroom sink looking disappointed, A simple children's painting style, naive art, cute, minimalist, colorful crayon drawing, clear definition"
"soccer"|"My son plays soccer every Saturday morning."|"A young boy in a soccer uniform kicking a ball on a green field on a bright morning, A simple children's painting style, naive art, cute, minimalist, colorful crayon drawing, clear definition"
"social"|"She has strong social skills and gets along with everyone."|"A smiling girl surrounded by a cheerful diverse group of friends chatting and laughing together, A simple children's painting style, naive art, cute, minimalist, colorful crayon drawing, clear definition"
"socially"|"He became more socially confident after joining the team."|"A smiling boy confidently talking and laughing with teammates in colorful sports uniforms, A simple children's painting style, naive art, cute, minimalist, colorful crayon drawing, clear definition"
"society"|"Education is one of the pillars of a healthy society."|"A school building standing tall among houses a hospital and a park in a cheerful town, A simple children's painting style, naive art, cute, minimalist, colorful crayon drawing, clear definition"
"sock"|"I can never find the matching sock in the laundry."|"A person holding one sock and searching through a pile of mismatched socks in a laundry basket, A simple children's painting style, naive art, cute, minimalist, colorful crayon drawing, clear definition"
"sodium"|"The doctor told him to reduce his sodium intake."|"A doctor pointing at a salt shaker while a patient listens attentively in a clinic, A simple children's painting style, naive art, cute, minimalist, colorful crayon drawing, clear definition"
"sofa"|"The cat claimed the sofa as its personal territory."|"A fluffy cat stretched out proudly across an entire colorful sofa in a cozy living room, A simple children's painting style, naive art, cute, minimalist, colorful crayon drawing, clear definition"
"soft"|"The baby's skin is incredibly soft."|"A parent gently touching a smiling baby's cheek with a look of wonder and tenderness, A simple children's painting style, naive art, cute, minimalist, colorful crayon drawing, clear definition"
"softly"|"She softly knocked on the door so she wouldn't wake the baby."|"A woman tapping very gently on a door with one finger while a baby sleeps nearby, A simple children's painting style, naive art, cute, minimalist, colorful crayon drawing, clear definition"
"software"|"The company released an update for the software last night."|"A computer screen showing a software update progress bar glowing in a dark office at night, A simple children's painting style, naive art, cute, minimalist, colorful crayon drawing, clear definition"
"soil"|"The soil in this region is perfect for growing coffee."|"A farmer holding rich dark soil in cupped hands beside rows of green coffee plants, A simple children's painting style, naive art, cute, minimalist, colorful crayon drawing, clear definition"
"solar"|"They installed solar panels on the roof last year."|"Workers placing bright blue solar panels onto a sunny house rooftop under a clear sky, A simple children's painting style, naive art, cute, minimalist, colorful crayon drawing, clear definition"
"soldier"|"The soldier returned home after two years abroad."|"A uniformed soldier walking through a front door hugged by a joyful waiting family, A simple children's painting style, naive art, cute, minimalist, colorful crayon drawing, clear definition"
"sole"|"She was the sole survivor of the accident."|"One person standing alone on a road surrounded by caution tape and emergency vehicles, A simple children's painting style, naive art, cute, minimalist, colorful crayon drawing, clear definition"
"solely"|"He was hired solely because of his experience."|"A manager pointing at a long impressive resume on a desk while smiling at a job candidate, A simple children's painting style, naive art, cute, minimalist, colorful crayon drawing, clear definition"
"solid"|"Make sure the table stands on solid ground."|"A person pressing firmly on a sturdy wooden table standing on flat even ground, A simple children's painting style, naive art, cute, minimalist, colorful crayon drawing, clear definition"
"solution"|"We need to find a solution before the deadline."|"A team gathered around a whiteboard covered in ideas with a ticking clock on the wall, A simple children's painting style, naive art, cute, minimalist, colorful crayon drawing, clear definition"
"some"|"I need some help moving this furniture."|"A person struggling to carry a heavy sofa while asking a neighbor nearby for help, A simple children's painting style, naive art, cute, minimalist, colorful crayon drawing, clear definition"
"somebody"|"Somebody left their umbrella in the hallway."|"A colorful umbrella leaning alone against a hallway wall with no one around it, A simple children's painting style, naive art, cute, minimalist, colorful crayon drawing, clear definition"
"someday"|"Someday I'd love to travel through all of South America."|"A person daydreaming with a thought bubble showing mountains jungle and colorful South American towns, A simple children's painting style, naive art, cute, minimalist, colorful crayon drawing, clear definition"
"somehow"|"We somehow managed to finish the project on time."|"A tired but happy team raising their arms beside a completed project board as a clock shows the deadline, A simple children's painting style, naive art, cute, minimalist, colorful crayon drawing, clear definition"
"someone"|"Someone left their bag on the chair."|"A lonely backpack sitting on an empty chair in a classroom or waiting room with no owner, A simple children's painting style, naive art, cute, minimalist, colorful crayon drawing, clear definition"
"something"|"I need to tell you something important."|"A person leaning in to whisper something important to a friend, both looking serious, A simple children's painting style, naive art, cute, minimalist, colorful crayon drawing, clear definition"
"sometime"|"Let's grab coffee sometime."|"Two friends smiling and shaking hands outside a cozy coffee shop on a sunny day, A simple children's painting style, naive art, cute, minimalist, colorful crayon drawing, clear definition"
"sometimes"|"I sometimes forget where I put my keys."|"A puzzled person searching their pockets and looking around a room for missing keys, A simple children's painting style, naive art, cute, minimalist, colorful crayon drawing, clear definition"
"somewhat"|"The movie was somewhat disappointing."|"A person sitting in a cinema with a mildly frowning face watching a boring movie on screen, A simple children's painting style, naive art, cute, minimalist, colorful crayon drawing, clear definition"
"somewhere"|"I left my phone somewhere in the house."|"A person searching through rooms of a house looking for a lost phone on cushions and tables, A simple children's painting style, naive art, cute, minimalist, colorful crayon drawing, clear definition"
"son"|"Her son just started kindergarten."|"A happy young boy with a backpack walking through the gate of a colorful kindergarten school, A simple children's painting style, naive art, cute, minimalist, colorful crayon drawing, clear definition"
"song"|"That song has been stuck in my head all day."|"A person walking down the street with musical notes floating around their head all day long, A simple children's painting style, naive art, cute, minimalist, colorful crayon drawing, clear definition"
"soon"|"Dinner will be ready soon."|"A smiling parent stirring a steaming pot on the stove with a family waiting at the dinner table, A simple children's painting style, naive art, cute, minimalist, colorful crayon drawing, clear definition"
"soon"|"As soon as she arrived, we started eating."|"A woman walking through a door as a family immediately picks up forks and begins eating dinner, A simple children's painting style, naive art, cute, minimalist, colorful crayon drawing, clear definition"
"sophisticated"|"She has a very sophisticated taste in wine."|"An elegant woman swirling a wine glass at a fancy restaurant examining the wine carefully, A simple children's painting style, naive art, cute, minimalist, colorful crayon drawing, clear definition"
"sorry"|"I'm sorry I was late this morning."|"A person arriving late to the office head bowed hands together apologizing to a coworker, A simple children's painting style, naive art, cute, minimalist, colorful crayon drawing, clear definition"
"sort"|"What sort of music do you like?"|"A person surrounded by many different musical instruments looking curiously at each one, A simple children's painting style, naive art, cute, minimalist, colorful crayon drawing, clear definition"
"soul"|"That old blues song has so much soul."|"A musician playing a blues guitar on a small stage with warm glowing light filling the room, A simple children's painting style, naive art, cute, minimalist, colorful crayon drawing, clear definition"
"sound"|"The sound of rain always helps me sleep."|"A person sleeping peacefully in bed while rain falls loudly against the bedroom window outside, A simple children's painting style, naive art, cute, minimalist, colorful crayon drawing, clear definition"
"soup"|"She made a big pot of chicken soup."|"A woman stirring a large steaming pot of chicken soup on the kitchen stove with vegetables visible, A simple children's painting style, naive art, cute, minimalist, colorful crayon drawing, clear definition"
"source"|"What's your source for that information?"|"A person pointing at a newspaper and a laptop asking another person where the information came from, A simple children's painting style, naive art, cute, minimalist, colorful crayon drawing, clear definition"
"south"|"They drove south toward the coast."|"A car driving down a road with a signpost pointing south toward a sunny coastline ahead, A simple children's painting style, naive art, cute, minimalist, colorful crayon drawing, clear definition"
"southeast"|"The storm is moving toward the southeast."|"A weather map showing dark storm clouds with an arrow moving toward the southeast corner, A simple children's painting style, naive art, cute, minimalist, colorful crayon drawing, clear definition"
"southern"|"She grew up in a small southern town."|"A young girl playing outside a small charming town with warm sunny southern landscape around her, A simple children's painting style, naive art, cute, minimalist, colorful crayon drawing, clear definition"
"southwest"|"Phoenix is located in the southwest of the country."|"A map of the country with a bright star marking a city in the dry sunny southwest region, A simple children's painting style, naive art, cute, minimalist, colorful crayon drawing, clear definition"
"sovereignty"|"The treaty respected the country's sovereignty."|"Two leaders shaking hands over a document beside two different national flags standing proudly tall, A simple children's painting style, naive art, cute, minimalist, colorful crayon drawing, clear definition"
"Soviet"|"She studied Soviet history in college."|"A college student reading a thick history book with a hammer and sickle symbol on the cover, A simple children's painting style, naive art, cute, minimalist, colorful crayon drawing, clear definition"
"space"|"There's no space left in the closet."|"A person trying to close an overstuffed closet bursting with clothes shoes and boxes falling out, A simple children's painting style, naive art, cute, minimalist, colorful crayon drawing, clear definition"
"Spanish"|"She ordered Spanish wine for the whole table."|"A woman at a restaurant table holding up a bottle of Spanish wine while friends raise their glasses, A simple children's painting style, naive art, cute, minimalist, colorful crayon drawing, clear definition"
"speaker"|"The speaker at the conference was really engaging."|"An enthusiastic person standing at a podium giving a lively talk to a captivated conference audience, A simple children's painting style, naive art, cute, minimalist, colorful crayon drawing, clear definition"
"special"|"Today is a very special occasion."|"A family gathered around a decorated table with balloons and a cake celebrating a very special day, A simple children's painting style, naive art, cute, minimalist, colorful crayon drawing, clear definition"
"specialist"|"She was referred to a heart specialist."|"A doctor in a white coat holding a stethoscope to a patient's chest in a medical office, A simple children's painting style, naive art, cute, minimalist, colorful crayon drawing, clear definition"
"specialty"|"The chef's specialty is handmade pasta."|"A proud chef presenting a beautiful plate of freshly handmade pasta in a restaurant kitchen, A simple children's painting style, naive art, cute, minimalist, colorful crayon drawing, clear definition"
"species"|"Several species of birds nest here in the spring."|"Several different colorful birds building nests in tree branches on a bright spring day, A simple children's painting style, naive art, cute, minimalist, colorful crayon drawing, clear definition"
"specific"|"Do you have a specific time in mind for the meeting?"|"A person pointing at a clock on the wall while holding a calendar open during a meeting discussion, A simple children's painting style, naive art, cute, minimalist, colorful crayon drawing, clear definition"
"specifically"|"I specifically asked for no onions."|"A person pointing firmly at a burger while talking to a cook, onions crossed out, A simple children's painting style, naive art, cute, minimalist, colorful crayon drawing, clear definition"
"spectacular"|"The view from the top was spectacular."|"A person standing on a mountain peak gazing at a breathtaking colorful landscape below, A simple children's painting style, naive art, cute, minimalist, colorful crayon drawing, clear definition"
"spectrum"|"The disorder affects people across a wide spectrum."|"A wide horizontal rainbow spectrum bar with diverse small figures standing along it, A simple children's painting style, naive art, cute, minimalist, colorful crayon drawing, clear definition"
"speculation"|"There's a lot of speculation about who will get the job."|"A group of people huddled together whispering and pointing at a help wanted sign on a wall, A simple children's painting style, naive art, cute, minimalist, colorful crayon drawing, clear definition"
"speech"|"She gave a moving speech at the wedding."|"A woman standing at a microphone giving a speech at a wedding with guests wiping tears, A simple children's painting style, naive art, cute, minimalist, colorful crayon drawing, clear definition"
"speed"|"The speed limit on this road is 60 miles per hour."|"A bright road sign showing 60 mph speed limit beside a sunny highway with a car, A simple children's painting style, naive art, cute, minimalist, colorful crayon drawing, clear definition"
"spending"|"Government spending on education increased last year."|"A large government building with a big arrow pointing up toward a school and stacks of coins, A simple children's painting style, naive art, cute, minimalist, colorful crayon drawing, clear definition"
"sphere"|"Education falls outside his sphere of responsibility."|"A man standing beside a large labeled sphere with a school building placed clearly outside it, A simple children's painting style, naive art, cute, minimalist, colorful crayon drawing, clear definition"
"spine"|"She hurt her spine in the accident."|"A woman holding her back in pain after a car accident with a glowing spine highlighted, A simple children's painting style, naive art, cute, minimalist, colorful crayon drawing, clear definition"
"spirit"|"The team played with a lot of spirit."|"Energetic soccer players cheering and pumping fists on a field full of colorful energy sparks, A simple children's painting style, naive art, cute, minimalist, colorful crayon drawing, clear definition"
"spiritual"|"She found the experience deeply spiritual."|"A woman sitting cross-legged eyes closed surrounded by glowing light and floating soft symbols, A simple children's painting style, naive art, cute, minimalist, colorful crayon drawing, clear definition"
"spite"|"He kept talking despite the noise, out of spite."|"A stubborn man talking loudly with arms crossed while a noisy crowd surrounds him, A simple children's painting style, naive art, cute, minimalist, colorful crayon drawing, clear definition"
"spokesman"|"The company spokesman declined to comment."|"A man in a suit standing before microphones holding up a hand to stop reporters questions, A simple children's painting style, naive art, cute, minimalist, colorful crayon drawing, clear definition"
"sponsor"|"A local business is the main sponsor of the event."|"A small shop owner holding a big banner with their logo at a colorful outdoor event, A simple children's painting style, naive art, cute, minimalist, colorful crayon drawing, clear definition"
"spoon"|"Can you grab me a spoon for the soup?"|"A hand reaching into a kitchen drawer to grab a spoon beside a steaming bowl of soup, A simple children's painting style, naive art, cute, minimalist, colorful crayon drawing, clear definition"
"sport"|"Basketball is his favorite sport."|"A smiling boy bouncing a basketball on a colorful outdoor court under a sunny sky, A simple children's painting style, naive art, cute, minimalist, colorful crayon drawing, clear definition"
"spot"|"We found a great spot for the picnic."|"A family spreading a blanket on a perfect grassy spot under a tree for a picnic, A simple children's painting style, naive art, cute, minimalist, colorful crayon drawing, clear definition"
"spouse"|"You can add your spouse to your health insurance."|"A smiling couple at an insurance office desk filling out a health insurance form together, A simple children's painting style, naive art, cute, minimalist, colorful crayon drawing, clear definition"
"spray"|"She keeps a bottle of spray near the plants."|"A woman holding a spray bottle misting green potted plants on a sunny windowsill, A simple children's painting style, naive art, cute, minimalist, colorful crayon drawing, clear definition"
"spread"|"The spread of misinformation online is a serious problem."|"A phone screen showing false news with arrows spreading outward to many confused people, A simple children's painting style, naive art, cute, minimalist, colorful crayon drawing, clear definition"
"spring"|"Spring is my favorite season because of the flowers."|"A happy child running through a colorful field of blooming flowers on a bright spring day, A simple children's painting style, naive art, cute, minimalist, colorful crayon drawing, clear definition"
"spy"|"The spy hid the documents inside his coat."|"A sneaky figure in a trench coat and hat tucking secret documents inside their coat, A simple children's painting style, naive art, cute, minimalist, colorful crayon drawing, clear definition"
"squad"|"Our squad won every game this season."|"A cheerful sports team hugging and holding a trophy after winning a game on a field, A simple children's painting style, naive art, cute, minimalist, colorful crayon drawing, clear definition"
"square"|"The table is square, so it fits perfectly in the corner."|"A perfectly square table fitting snugly into the corner of a cozy room, A simple children's painting style, naive art, cute, minimalist, colorful crayon drawing, clear definition"
"square"|"We met at the square in the center of town."|"Two friends waving at each other in a sunny town square with a fountain at the center, A simple children's painting style, naive art, cute, minimalist, colorful crayon drawing, clear definition"
"stability"|"Financial stability is important for raising a family."|"A happy family standing on a solid steady platform with coins and a house around them, A simple children's painting style, naive art, cute, minimalist, colorful crayon drawing, clear definition"
"stable"|"Her health is stable after the surgery."|"A patient resting calmly in a hospital bed with a steady flat heart monitor line, A simple children's painting style, naive art, cute, minimalist, colorful crayon drawing, clear definition"
"stack"|"There was a stack of dirty dishes in the sink."|"A tall wobbly stack of dirty plates and bowls piled up inside a kitchen sink, A simple children's painting style, naive art, cute, minimalist, colorful crayon drawing, clear definition"
"stadium"|"The stadium was packed with fans."|"A large colorful stadium completely filled with cheering fans waving flags and banners, A simple children's painting style, naive art, cute, minimalist, colorful crayon drawing, clear definition"
"staff"|"The hotel staff was very friendly and helpful."|"Smiling hotel workers in uniforms greeting guests warmly at a bright hotel reception desk, A simple children's painting style, naive art, cute, minimalist, colorful crayon drawing, clear definition"
"stage"|"She was nervous before going on stage."|"A nervous girl standing in the wings of a theater, bright stage lights ahead, A simple children's painting style, naive art, cute, minimalist, colorful crayon drawing, clear definition"
"stair"|"He slipped on the last stair and hurt his ankle."|"A man slipping on the bottom stair of a staircase, holding his ankle in pain, A simple children's painting style, naive art, cute, minimalist, colorful crayon drawing, clear definition"
"stake"|"There's a lot at stake in this negotiation."|"Two people at a table with a large pile of coins and documents between them, A simple children's painting style, naive art, cute, minimalist, colorful crayon drawing, clear definition"
"stance"|"His stance on the issue surprised everyone."|"A man standing at a podium with a surprised crowd reacting to his speech, A simple children's painting style, naive art, cute, minimalist, colorful crayon drawing, clear definition"
"stand"|"There was a food stand near the entrance."|"A colorful food stand with snacks and a vendor near a park entrance gate, A simple children's painting style, naive art, cute, minimalist, colorful crayon drawing, clear definition"
"standard"|"The quality of this product doesn't meet our standard."|"A factory worker holding a product next to a checklist with a red X mark, A simple children's painting style, naive art, cute, minimalist, colorful crayon drawing, clear definition"
"standard"|"This is the standard procedure for new employees."|"A new employee reading a procedure manual at a desk in an office, A simple children's painting style, naive art, cute, minimalist, colorful crayon drawing, clear definition"
"standing"|"He has a good standing in the community."|"A smiling man shaking hands with cheerful neighbors in front of a neighborhood, A simple children's painting style, naive art, cute, minimalist, colorful crayon drawing, clear definition"
"star"|"She's been a star in Hollywood for over twenty years."|"A glamorous woman on a Hollywood red carpet surrounded by cameras and bright lights, A simple children's painting style, naive art, cute, minimalist, colorful crayon drawing, clear definition"
"start"|"The start of the race was delayed by the rain."|"Runners waiting at the starting line in the rain, a referee holding a flag, A simple children's painting style, naive art, cute, minimalist, colorful crayon drawing, clear definition"
"starter"|"I'll have the soup as a starter."|"A waiter serving a small bowl of soup to a smiling person at a restaurant table, A simple children's painting style, naive art, cute, minimalist, colorful crayon drawing, clear definition"
"starting"|"The starting point of the hike is right here."|"A hiker pointing at a trail sign marking the starting point of a forest path, A simple children's painting style, naive art, cute, minimalist, colorful crayon drawing, clear definition"
"state"|"He was in a terrible state after the accident."|"A man sitting on a curb looking disheveled and upset after a car accident, A simple children's painting style, naive art, cute, minimalist, colorful crayon drawing, clear definition"
"statement"|"She made a brief statement to the press."|"A woman speaking at a microphone in front of reporters with cameras and notepads, A simple children's painting style, naive art, cute, minimalist, colorful crayon drawing, clear definition"
"station"|"I'll meet you at the train station at noon."|"Two friends waving to each other outside a train station at midday, A simple children's painting style, naive art, cute, minimalist, colorful crayon drawing, clear definition"
"statistical"|"The statistical data supports our conclusion."|"A researcher pointing at colorful bar charts and graphs on a large screen, A simple children's painting style, naive art, cute, minimalist, colorful crayon drawing, clear definition"
"statistics"|"The statistics show a clear increase in sales."|"A smiling businessperson presenting a rising sales graph on a whiteboard, A simple children's painting style, naive art, cute, minimalist, colorful crayon drawing, clear definition"
"statue"|"There's a famous statue in the middle of the park."|"A large stone statue standing on a pedestal in the center of a green park, A simple children's painting style, naive art, cute, minimalist, colorful crayon drawing, clear definition"
"status"|"What's the status of my order?"|"A person looking at a phone screen showing an order tracking page with a package icon, A simple children's painting style, naive art, cute, minimalist, colorful crayon drawing, clear definition"
"statute"|"The new statute limits working hours for minors."|"A judge holding a document with a clock and a young worker in the background, A simple children's painting style, naive art, cute, minimalist, colorful crayon drawing, clear definition"
"stay"|"Our stay at the hotel was really comfortable."|"A couple relaxing happily in a cozy hotel room with a window and soft beds, A simple children's painting style, naive art, cute, minimalist, colorful crayon drawing, clear definition"
"steadily"|"Her English has been improving steadily."|"A girl studying English books with a rising progress chart visible on the wall behind her, A simple children's painting style, naive art, cute, minimalist, colorful crayon drawing, clear definition"
"steady"|"Keep your hand steady while you cut."|"A person carefully holding scissors with a steady hand to cut along a line, A simple children's painting style, naive art, cute, minimalist, colorful crayon drawing, clear definition"
"steak"|"I ordered a medium-rare steak for dinner."|"A juicy steak on a plate with grill marks served on a restaurant dinner table, A simple children's painting style, naive art, cute, minimalist, colorful crayon drawing, clear definition"
"steam"|"Steam was rising from the hot coffee."|"A steaming cup of coffee on a table with visible wisps of steam curling upward, A simple children's painting style, naive art, cute, minimalist, colorful crayon drawing, clear definition"
"steel"|"The bridge is made of steel and concrete."|"A large bridge with visible steel beams and concrete pillars over a wide river, A simple children's painting style, naive art, cute, minimalist, colorful crayon drawing, clear definition"
"steep"|"The road up the mountain was very steep."|"A winding very steep road going sharply up a tall mountain with a tiny car climbing, A simple children's painting style, naive art, cute, minimalist, colorful crayon drawing, clear definition"
"stem"|"The stem of the flower broke when she grabbed it."|"A girl holding a flower with a snapped broken stem drooping in her hand, A simple children's painting style, naive art, cute, minimalist, colorful crayon drawing, clear definition"
"step"|"The first step is to create an account."|"A person at a computer screen with a large number one and a sign-up form visible, A simple children's painting style, naive art, cute, minimalist, colorful crayon drawing, clear definition"
"stereotype"|"That stereotype about teenagers isn't fair or accurate."|"A teenager standing confidently crossing arms while a thought bubble shows unfair labels being crossed out, A simple children's painting style, naive art, cute, minimalist, colorful crayon drawing, clear definition"
"stick"|"He used a stick to draw shapes in the sand."|"A boy kneeling on a beach drawing shapes in sand with a long stick, A simple children's painting style, naive art, cute, minimalist, colorful crayon drawing, clear definition"
"stiff"|"My neck is stiff from sleeping in a bad position."|"A person waking up in bed grabbing their neck in pain with a twisted pillow, A simple children's painting style, naive art, cute, minimalist, colorful crayon drawing, clear definition"
"still"|"She still hasn't replied to my message."|"A girl staring at her phone screen showing an unanswered message with a sad expression, A simple children's painting style, naive art, cute, minimalist, colorful crayon drawing, clear definition"
"still"|"The lake was completely still in the early morning."|"A perfectly calm flat lake reflecting trees in soft morning light with no ripples, A simple children's painting style, naive art, cute, minimalist, colorful crayon drawing, clear definition"
"stimulus"|"The government offered a financial stimulus to small businesses."|"A government official handing a large check to a smiling small shop owner, A simple children's painting style, naive art, cute, minimalist, colorful crayon drawing, clear definition"
"stock"|"The store is out of stock on that item."|"A shopkeeper pointing to an empty shelf with an out of stock sign in a store, A simple children's painting style, naive art, cute, minimalist, colorful crayon drawing, clear definition"
"stomach"|"My stomach hurts after eating so much."|"A boy sitting at a table holding his round belly with a pained face and many empty plates, A simple children's painting style, naive art, cute, minimalist, colorful crayon drawing, clear definition"
"stone"|"She picked up a flat stone and skipped it across the river."|"A girl throwing a flat stone that bounces across a wide blue river, A simple children's painting style, naive art, cute, minimalist, colorful crayon drawing, clear definition"
"stop"|"There's a bus stop right in front of my building."|"A yellow bus stop sign standing on a sidewalk directly in front of a tall apartment building, A simple children's painting style, naive art, cute, minimalist, colorful crayon drawing, clear definition"
"storage"|"We need more storage in the kitchen."|"A woman looking frustrated at overcrowded kitchen cabinets with items spilling out, A simple children's painting style, naive art, cute, minimalist, colorful crayon drawing, clear definition"
"store"|"There's a grocery store on the corner."|"A colorful grocery store with fruits and vegetables displayed on a busy street corner, A simple children's painting style, naive art, cute, minimalist, colorful crayon drawing, clear definition"
"storm"|"A big storm is coming tonight."|"A dark sky filled with storm clouds and lightning approaching a small house at night, A simple children's painting style, naive art, cute, minimalist, colorful crayon drawing, clear definition"
"story"|"She told us a funny story about her dog."|"A girl laughing while telling friends a story with a silly dog doing tricks behind her, A simple children's painting style, naive art, cute, minimalist, colorful crayon drawing, clear definition"
"stove"|"Don't forget to turn off the stove."|"A person rushing out the door while a kitchen stove is left on with flames visible, A simple children's painting style, naive art, cute, minimalist, colorful crayon drawing, clear definition"
"straight"|"Go straight and then turn left."|"A person walking straight along a road then turning left at a bright intersection with arrows, A simple children's painting style, naive art, cute, minimalist, colorful crayon drawing, clear definition"
"straight"|"Draw a straight line across the page."|"A child using a ruler to draw a perfectly straight line across a white sheet of paper, A simple children's painting style, naive art, cute, minimalist, colorful crayon drawing, clear definition"
"strain"|"The long hours put a strain on her health."|"A tired woman slumped at a desk surrounded by stacks of papers late at night looking exhausted, A simple children's painting style, naive art, cute, minimalist, colorful crayon drawing, clear definition"
"strange"|"That's a strange noise coming from the garage."|"A person pressing their ear to a garage door with a puzzled face hearing an odd sound, A simple children's painting style, naive art, cute, minimalist, colorful crayon drawing, clear definition"
"stranger"|"Don't take rides from strangers."|"A child stepping back from a car window with a hand raised refusing a ride from an unknown adult, A simple children's painting style, naive art, cute, minimalist, colorful crayon drawing, clear definition"
"strategic"|"They made a strategic decision to cut costs."|"Two business people studying a board with charts and arrows making a careful planning decision, A simple children's painting style, naive art, cute, minimalist, colorful crayon drawing, clear definition"
"strategy"|"We need a better strategy to grow the business."|"A team gathered around a whiteboard covered in arrows and plans for growing a small business, A simple children's painting style, naive art, cute, minimalist, colorful crayon drawing, clear definition"
"straw"|"Can I get a straw for my drink?"|"A child at a counter asking for a colorful straw to put into a tall cold drink, A simple children's painting style, naive art, cute, minimalist, colorful crayon drawing, clear definition"
"streak"|"She's on a winning streak this week."|"A girl holding multiple trophies in a row with a big smile and a scoreboard showing all wins, A simple children's painting style, naive art, cute, minimalist, colorful crayon drawing, clear definition"
"stream"|"We sat by the stream and had lunch."|"Two friends sitting on a grassy bank beside a small flowing stream eating a picnic lunch, A simple children's painting style, naive art, cute, minimalist, colorful crayon drawing, clear definition"
"street"|"There's a coffee shop at the end of the street."|"A cozy coffee shop with a bright sign sitting at the far end of a long city street, A simple children's painting style, naive art, cute, minimalist, colorful crayon drawing, clear definition"
"strength"|"Regular exercise builds strength over time."|"A person lifting weights at a gym with strong muscles visible and a calendar showing many workout days, A simple children's painting style, naive art, cute, minimalist, colorful crayon drawing, clear definition"
"stress"|"Work stress has been affecting his sleep."|"A man lying awake in bed at night with thought bubbles showing work and deadlines above his head, A simple children's painting style, naive art, cute, minimalist, colorful crayon drawing, clear definition"
"stretch"|"After the run, do a good stretch."|"A runner standing on a track bending forward doing a full body stretch after a jog, A simple children's painting style, naive art, cute, minimalist, colorful crayon drawing, clear definition"
"strict"|"Our teacher is very strict about deadlines."|"A stern teacher pointing at a calendar deadline on the board while students sit up straight attentively, A simple children's painting style, naive art, cute, minimalist, colorful crayon drawing, clear definition"
"strictly"|"Phones are strictly forbidden during the exam."|"A large no phone sign posted on an exam room wall while students write tests without devices, A simple children's painting style, naive art, cute, minimalist, colorful crayon drawing, clear definition"
"strike"|"The workers voted in favor of a strike."|"A crowd of workers holding protest signs gathered outside a factory gate, A simple children's painting style, naive art, cute, minimalist, colorful crayon drawing, clear definition"
"striking"|"The difference between the two photos is striking."|"A person pointing with wide eyes at two very different side-by-side photos on a wall, A simple children's painting style, naive art, cute, minimalist, colorful crayon drawing, clear definition"
"string"|"She tied the box with a piece of string."|"A girl wrapping and tying a brown string around a cardboard box on a table, A simple children's painting style, naive art, cute, minimalist, colorful crayon drawing, clear definition"
"strip"|"Tear the paper into thin strips."|"A pair of hands tearing a sheet of paper into several thin strips on a desk, A simple children's painting style, naive art, cute, minimalist, colorful crayon drawing, clear definition"
"stroke"|"He had a stroke and was rushed to the hospital."|"A man on a stretcher being wheeled into a hospital emergency entrance by paramedics, A simple children's painting style, naive art, cute, minimalist, colorful crayon drawing, clear definition"
"strong"|"You need strong arms to move that couch."|"A person with big muscular arms lifting a heavy couch in a living room, A simple children's painting style, naive art, cute, minimalist, colorful crayon drawing, clear definition"
"strongly"|"I strongly recommend seeing a doctor."|"A person pointing firmly toward a hospital with a very serious and emphatic expression, A simple children's painting style, naive art, cute, minimalist, colorful crayon drawing, clear definition"
"structural"|"The engineers found a structural problem in the building."|"Two engineers in hard hats examining a cracked wall inside a building with clipboards, A simple children's painting style, naive art, cute, minimalist, colorful crayon drawing, clear definition"
"structure"|"The new structure took two years to build."|"A large newly finished building standing tall at a construction site under blue sky, A simple children's painting style, naive art, cute, minimalist, colorful crayon drawing, clear definition"
"struggle"|"Finding affordable housing is a daily struggle."|"A tired person carrying heavy bags standing outside a row of houses with high price tags, A simple children's painting style, naive art, cute, minimalist, colorful crayon drawing, clear definition"
"student"|"Every student received a copy of the syllabus."|"A teacher handing a paper to each student sitting at desks in a bright classroom, A simple children's painting style, naive art, cute, minimalist, colorful crayon drawing, clear definition"
"studio"|"She rents a small studio in downtown."|"A woman standing in a tiny cozy apartment with a bed kitchen and window showing city buildings, A simple children's painting style, naive art, cute, minimalist, colorful crayon drawing, clear definition"
"study"|"The latest study shows that sleep improves memory."|"A researcher holding a report with a sleeping person and a glowing brain illustrated on it, A simple children's painting style, naive art, cute, minimalist, colorful crayon drawing, clear definition"
"stuff"|"There's a lot of stuff in the attic."|"A cluttered attic filled with boxes old furniture lamps and various objects piled up, A simple children's painting style, naive art, cute, minimalist, colorful crayon drawing, clear definition"
"stupid"|"It was a stupid mistake and I know it."|"A person slapping their forehead with a big frown looking at an obvious error on paper, A simple children's painting style, naive art, cute, minimalist, colorful crayon drawing, clear definition"
"style"|"I love her style — always so put together."|"A stylish woman in a coordinated colorful outfit walking confidently down a city street, A simple children's painting style, naive art, cute, minimalist, colorful crayon drawing, clear definition"
"subject"|"Math is my favorite subject in school."|"A happy student at a desk with a math textbook and numbers written on a chalkboard behind, A simple children's painting style, naive art, cute, minimalist, colorful crayon drawing, clear definition"
"subject"|"Subject to availability, we can book for Saturday."|"A person at a reception desk checking a calendar with some dates marked and others crossed out, A simple children's painting style, naive art, cute, minimalist, colorful crayon drawing, clear definition"
"subsequent"|"The first meeting went well, and subsequent ones were even better."|"Three calendar pages in a row each showing a meeting with bigger smiles at each session, A simple children's painting style, naive art, cute, minimalist, colorful crayon drawing, clear definition"
"subsidy"|"The government offered a subsidy for solar panels."|"A government official handing a check to a homeowner standing next to rooftop solar panels, A simple children's painting style, naive art, cute, minimalist, colorful crayon drawing, clear definition"
"substance"|"The police found an unknown substance in the bag."|"A police officer holding up a bag and examining a mysterious unlabeled container inside it, A simple children's painting style, naive art, cute, minimalist, colorful crayon drawing, clear definition"
"substantial"|"There was a substantial improvement in her grades."|"A girl holding a report card with a dramatically higher grade and a big proud smile, A simple children's painting style, naive art, cute, minimalist, colorful crayon drawing, clear definition"
"substantially"|"Prices have increased substantially this year."|"A store shelf with price tags showing much higher numbers than before with a steep upward arrow, A simple children's painting style, naive art, cute, minimalist, colorful crayon drawing, clear definition"
"subtle"|"There's a subtle difference between the two shades."|"A person squinting closely at two paint swatches on a wall that look almost identical in color, A simple children's painting style, naive art, cute, minimalist, colorful crayon drawing, clear definition"
"suburb"|"They moved to a quiet suburb outside the city."|"A family unloading a moving truck in front of a peaceful house with a small garden far from city buildings, A simple children's painting style, naive art, cute, minimalist, colorful crayon drawing, clear definition"
"suburban"|"Suburban life is much calmer than city life."|"A quiet street with houses and trees on one side and a busy noisy city skyline on the other, A simple children's painting style, naive art, cute, minimalist, colorful crayon drawing, clear definition"
"success"|"Hard work is the key to success."|"A person climbing a ladder made of books reaching a shining trophy at the top, A simple children's painting style, naive art, cute, minimalist, colorful crayon drawing, clear definition"
"successful"|"She launched a very successful online business."|"A smiling woman at a laptop surrounded by rising graphs and many order notification bubbles on screen, A simple children's painting style, naive art, cute, minimalist, colorful crayon drawing, clear definition"
"successfully"|"They successfully completed the project on time."|"A happy team raising their arms around a finished project board with a checkmark and a clock, A simple children's painting style, naive art, cute, minimalist, colorful crayon drawing, clear definition"
"such"|"I've never seen such a beautiful sunset."|"A person standing on a hill with mouth open in awe watching a breathtaking colorful sunset sky, A simple children's painting style, naive art, cute, minimalist, colorful crayon drawing, clear definition"
"sudden"|"The sudden noise scared everyone in the room."|"People in a room jumping in fright from a loud sudden bang, shocked faces, A simple children's painting style, naive art, cute, minimalist, colorful crayon drawing, clear definition"
"suddenly"|"She suddenly stood up and left the meeting."|"A woman abruptly standing up from a conference table while others look surprised, A simple children's painting style, naive art, cute, minimalist, colorful crayon drawing, clear definition"
"suffering"|"The doctor worked hard to reduce the patient's suffering."|"A doctor at a hospital bedside tending carefully to a patient in pain, A simple children's painting style, naive art, cute, minimalist, colorful crayon drawing, clear definition"
"sufficient"|"We don't have sufficient time to finish this today."|"Two people at a desk looking anxious at a clock with unfinished work piled up, A simple children's painting style, naive art, cute, minimalist, colorful crayon drawing, clear definition"
"sugar"|"How much sugar do you put in your coffee?"|"A hand spooning white sugar from a bowl into a steaming coffee cup, A simple children's painting style, naive art, cute, minimalist, colorful crayon drawing, clear definition"
"suggestion"|"Do you have any suggestions for a good restaurant?"|"A person pointing at a restaurant on a city map while a friend listens curiously, A simple children's painting style, naive art, cute, minimalist, colorful crayon drawing, clear definition"
"suicide"|"The city launched a campaign to prevent suicide among teenagers."|"A colorful city billboard showing a supportive message and a helpline number for teenagers, A simple children's painting style, naive art, cute, minimalist, colorful crayon drawing, clear definition"
"suit"|"He wore a dark suit to the job interview."|"A smiling man in a dark suit sitting across a desk at a job interview, A simple children's painting style, naive art, cute, minimalist, colorful crayon drawing, clear definition"
"suitable"|"This movie is not suitable for children."|"A parent blocking two small children from watching a scary movie on a screen, A simple children's painting style, naive art, cute, minimalist, colorful crayon drawing, clear definition"
"suite"|"They stayed in a suite on the top floor of the hotel."|"A couple entering a luxurious hotel suite with a large window view from the top floor, A simple children's painting style, naive art, cute, minimalist, colorful crayon drawing, clear definition"
"sum"|"The sum of all expenses was higher than expected."|"A person looking shocked at a long receipt with a large total at the bottom, A simple children's painting style, naive art, cute, minimalist, colorful crayon drawing, clear definition"
"summary"|"Please send me a summary of the meeting."|"A person at a desk typing a short document labeled summary on a laptop screen, A simple children's painting style, naive art, cute, minimalist, colorful crayon drawing, clear definition"
"summer"|"We spent the whole summer at the beach."|"A happy family relaxing on a sunny beach with colorful umbrellas and calm waves, A simple children's painting style, naive art, cute, minimalist, colorful crayon drawing, clear definition"
"summit"|"World leaders met at the climate summit last week."|"Several world leaders sitting around a large round table at a formal climate summit, A simple children's painting style, naive art, cute, minimalist, colorful crayon drawing, clear definition"
"sun"|"The sun was so strong that we had to find shade."|"Two people rushing under a tree for shade beneath a blazing bright sun overhead, A simple children's painting style, naive art, cute, minimalist, colorful crayon drawing, clear definition"
"sunlight"|"The room gets a lot of sunlight in the morning."|"A bright bedroom with golden morning sunlight streaming in through a large open window, A simple children's painting style, naive art, cute, minimalist, colorful crayon drawing, clear definition"
"sunny"|"It's sunny today, so let's eat outside."|"A family eating lunch at an outdoor table under a bright clear sunny sky, A simple children's painting style, naive art, cute, minimalist, colorful crayon drawing, clear definition"
"super"|"That was a super idea — everyone loved it."|"A person sharing an idea at a table while everyone around them cheers and smiles, A simple children's painting style, naive art, cute, minimalist, colorful crayon drawing, clear definition"
"superior"|"This brand is clearly superior to the cheaper options."|"A shopper holding up a high-quality product next to smaller cheaper items on a shelf, A simple children's painting style, naive art, cute, minimalist, colorful crayon drawing, clear definition"
"supermarket"|"I need to stop by the supermarket on my way home."|"A person pushing a shopping cart through colorful aisles of a bright supermarket, A simple children's painting style, naive art, cute, minimalist, colorful crayon drawing, clear definition"
"supervisor"|"My supervisor approved my vacation request."|"A smiling supervisor stamping an approved document handed by a happy employee at a desk, A simple children's painting style, naive art, cute, minimalist, colorful crayon drawing, clear definition"
"supplier"|"We need to find a new supplier for these parts."|"Two businesspeople examining mechanical parts next to stacked boxes in a warehouse, A simple children's painting style, naive art, cute, minimalist, colorful crayon drawing, clear definition"
"supply"|"The supply of clean water is limited in that region."|"A nearly empty water tank in a dry landscape with people waiting with buckets, A simple children's painting style, naive art, cute, minimalist, colorful crayon drawing, clear definition"
"support"|"Thank you for your support during such a hard time."|"A friend placing a comforting hand on the shoulder of a sad person on a bench, A simple children's painting style, naive art, cute, minimalist, colorful crayon drawing, clear definition"
"supporter"|"She's been a lifelong supporter of that team."|"A woman in a team jersey cheering enthusiastically at a packed sports stadium, A simple children's painting style, naive art, cute, minimalist, colorful crayon drawing, clear definition"
"supportive"|"My family has always been very supportive of my choices."|"A family hugging together warmly while a young person holds a diploma and smiles, A simple children's painting style, naive art, cute, minimalist, colorful crayon drawing, clear definition"
"supposed"|"He's supposed to be here by nine."|"A woman tapping her watch impatiently at a door waiting for someone at nine o clock, A simple children's painting style, naive art, cute, minimalist, colorful crayon drawing, clear definition"
"supposedly"|"Supposedly, the new policy will save the company money."|"A manager presenting a chart to skeptical employees in a bright office meeting room, A simple children's painting style, naive art, cute, minimalist, colorful crayon drawing, clear definition"
"Supreme"|"The case went all the way to the Supreme Court."|"A grand courthouse with tall columns and a sign reading Supreme Court under a blue sky, A simple children's painting style, naive art, cute, minimalist, colorful crayon drawing, clear definition"
"sure"|"Are you sure you turned off the stove?"|"A person at the front door looking back with a worried face toward the kitchen stove, A simple children's painting style, naive art, cute, minimalist, colorful crayon drawing, clear definition"
"sure"|"Sure, I can help you with that."|"A smiling person giving a thumbs up while sitting at a desk ready to help, A simple children's painting style, naive art, cute, minimalist, colorful crayon drawing, clear definition"
"surely"|"Surely there's a better way to handle this situation."|"A person standing with arms crossed looking thoughtfully at a tangled messy pile of objects, A simple children's painting style, naive art, cute, minimalist, colorful crayon drawing, clear definition"
"surface"|"There were scratches all over the surface of the table."|"A wooden table with visible scratch marks covering its entire flat surface, A simple children's painting style, naive art, cute, minimalist, colorful crayon drawing, clear definition"
"surgeon"|"The surgeon performed the operation in under two hours."|"A surgeon in scrubs and mask standing over a patient in an operating room, A simple children's painting style, naive art, cute, minimalist, colorful crayon drawing, clear definition"
"surgery"|"She's recovering well after the surgery."|"A woman resting in a hospital bed with bandages smiling at a nurse, A simple children's painting style, naive art, cute, minimalist, colorful crayon drawing, clear definition"
"surprise"|"The party was a complete surprise to him."|"A man walking through a door looking shocked at a room full of party decorations and people, A simple children's painting style, naive art, cute, minimalist, colorful crayon drawing, clear definition"
"surprised"|"I was surprised to see her at the event."|"A wide-eyed person with open mouth seeing a familiar friend unexpectedly at a crowded event, A simple children's painting style, naive art, cute, minimalist, colorful crayon drawing, clear definition"
"surprising"|"It's surprising how fast kids learn new things."|"A child quickly solving a puzzle while amazed adults watch with open mouths, A simple children's painting style, naive art, cute, minimalist, colorful crayon drawing, clear definition"
"surprisingly"|"The test was surprisingly easy."|"A student smiling with wide eyes looking at a test paper with a big gold star, A simple children's painting style, naive art, cute, minimalist, colorful crayon drawing, clear definition"
"surrounding"|"The surrounding area is full of great restaurants."|"A building in the center with colorful restaurants and eateries filling the streets all around it, A simple children's painting style, naive art, cute, minimalist, colorful crayon drawing, clear definition"
"surveillance"|"The parking lot has 24-hour surveillance cameras."|"A parking lot with security cameras mounted on poles watching over parked cars, A simple children's painting style, naive art, cute, minimalist, colorful crayon drawing, clear definition"
"survey"|"The company sent out a customer satisfaction survey."|"A person sitting at a desk filling out a printed questionnaire form with a pen, A simple children's painting style, naive art, cute, minimalist, colorful crayon drawing, clear definition"
"survival"|"The survival of the business depended on cutting costs."|"A small shop on the edge of a cliff with a person carefully trimming a large money bag, A simple children's painting style, naive art, cute, minimalist, colorful crayon drawing, clear definition"
"survivor"|"She was the only survivor of the accident."|"A lone woman standing beside a wrecked car surrounded by emergency responders, A simple children's painting style, naive art, cute, minimalist, colorful crayon drawing, clear definition"
"suspect"|"The police brought in a suspect for questioning."|"A police officer walking a person into a station for a formal interview at a table, A simple children's painting style, naive art, cute, minimalist, colorful crayon drawing, clear definition"
"suspicion"|"He left early, which raised my suspicion."|"A person glancing sideways with a raised eyebrow watching someone sneak out the door early, A simple children's painting style, naive art, cute, minimalist, colorful crayon drawing, clear definition"
"suspicious"|"The cashier noticed some suspicious activity at the register."|"A cashier leaning forward with a furrowed brow watching a customer acting strangely at the register, A simple children's painting style, naive art, cute, minimalist, colorful crayon drawing, clear definition"
"sustainable"|"We need more sustainable energy sources."|"A city skyline powered by bright wind turbines and solar panels under a clear blue sky, A simple children's painting style, naive art, cute, minimalist, colorful crayon drawing, clear definition"
"sweat"|"There was sweat on his forehead after the run."|"A man with sweat drops on his forehead breathing heavily after finishing a run, A simple children's painting style, naive art, cute, minimalist, colorful crayon drawing, clear definition"
"sweater"|"She put on a sweater because it was cold."|"A girl pulling a cozy knitted sweater over her head on a cold snowy day, A simple children's painting style, naive art, cute, minimalist, colorful crayon drawing, clear definition"
"sweet"|"This cake is too sweet for me."|"A person making a sour face after tasting a slice of heavily frosted colorful cake, A simple children's painting style, naive art, cute, minimalist, colorful crayon drawing, clear definition"
"swimming"|"Swimming is great exercise for your whole body."|"A person doing freestyle swimming laps in a bright blue pool, A simple children's painting style, naive art, cute, minimalist, colorful crayon drawing, clear definition"
"swing"|"The kids played on the swing all afternoon."|"Two happy children swinging high on colorful playground swings under a sunny sky, A simple children's painting style, naive art, cute, minimalist, colorful crayon drawing, clear definition"
"switch"|"Can you flip the switch to turn on the light?"|"A hand reaching up to flip a wall light switch turning on a bright ceiling lamp, A simple children's painting style, naive art, cute, minimalist, colorful crayon drawing, clear definition"
"sword"|"The knight carried a sword at his side."|"An armored knight walking with a shiny sword hanging at his side, A simple children's painting style, naive art, cute, minimalist, colorful crayon drawing, clear definition"
"symbol"|"The heart is a symbol of love."|"A large red heart shape glowing at the center of a simple illustration representing love, A simple children's painting style, naive art, cute, minimalist, colorful crayon drawing, clear definition"
"symbolic"|"The gesture was symbolic, not practical."|"A person handing a small dove figurine to another person in a formal ceremony setting, A simple children's painting style, naive art, cute, minimalist, colorful crayon drawing, clear definition"
"sympathy"|"She sent a card to express her sympathy."|"A woman writing a heartfelt card and placing it in an envelope with gentle care, A simple children's painting style, naive art, cute, minimalist, colorful crayon drawing, clear definition"
"symptom"|"A sore throat is a common symptom of a cold."|"A person holding their red sore throat with a thermometer and tissues nearby, A simple children's painting style, naive art, cute, minimalist, colorful crayon drawing, clear definition"
"syndrome"|"He was diagnosed with a rare syndrome."|"A doctor pointing to a medical chart while speaking seriously to a patient in a clinic, A simple children's painting style, naive art, cute, minimalist, colorful crayon drawing, clear definition"
"system"|"The school uses a new grading system."|"A teacher writing grades on a colorful chart labeled new grading system on a classroom wall, A simple children's painting style, naive art, cute, minimalist, colorful crayon drawing, clear definition"
"T-shirt"|"He wore a white T-shirt to the barbecue."|"A smiling man in a white T-shirt standing next to a smoking barbecue grill outdoors, A simple children's painting style, naive art, cute, minimalist, colorful crayon drawing, clear definition"
"table"|"We ate dinner at the kitchen table."|"A family sitting together eating dinner around a kitchen table with plates of food, A simple children's painting style, naive art, cute, minimalist, colorful crayon drawing, clear definition"
"tablespoon"|"Add one tablespoon of sugar to the mixture."|"A hand holding a large tablespoon of white sugar over a mixing bowl, A simple children's painting style, naive art, cute, minimalist, colorful crayon drawing, clear definition"
"tactic"|"The coach explained a new tactic before the game."|"A coach drawing a play diagram on a whiteboard while players listen in a locker room, A simple children's painting style, naive art, cute, minimalist, colorful crayon drawing, clear definition"
"tag"|"The price tag was still on the shirt."|"A folded shirt on a store shelf with a visible price tag hanging from the collar, A simple children's painting style, naive art, cute, minimalist, colorful crayon drawing, clear definition"
"tail"|"The dog wagged its tail when she came home."|"A happy dog wagging its tail enthusiastically at a woman walking through the front door, A simple children's painting style, naive art, cute, minimalist, colorful crayon drawing, clear definition"
"tale"|"My grandma told us a tale before bed."|"A grandmother sitting in a chair telling a story to children tucked into bed at night, A simple children's painting style, naive art, cute, minimalist, colorful crayon drawing, clear definition"
"talent"|"She has a natural talent for music."|"A girl playing violin on a small stage with musical notes floating around her, A simple children's painting style, naive art, cute, minimalist, colorful crayon drawing, clear definition"
"talented"|"He is a talented painter who sells his work online."|"A smiling man holding a colorful painting next to a laptop showing an online art shop, A simple children's painting style, naive art, cute, minimalist, colorful crayon drawing, clear definition"
"talk"|"We had a long talk about our plans."|"Two friends sitting across from each other at a cafe table deep in conversation, A simple children's painting style, naive art, cute, minimalist, colorful crayon drawing, clear definition"
"tall"|"The tall building blocks the sunlight."|"A very tall skyscraper casting a long shadow over smaller sunny buildings below, A simple children's painting style, naive art, cute, minimalist, colorful crayon drawing, clear definition"
"tank"|"The fish tank needs to be cleaned this weekend."|"A child looking at a cloudy dirty fish tank with colorful fish inside on a stand, A simple children's painting style, naive art, cute, minimalist, colorful crayon drawing, clear definition"
"tape"|"He used tape to wrap the gift."|"A man carefully wrapping a colorful gift box using a roll of clear tape, A simple children's painting style, naive art, cute, minimalist, colorful crayon drawing, clear definition"
"target"|"The team hit every target this quarter."|"A group of workers cheering in front of a board showing all targets checked off with green marks, A simple children's painting style, naive art, cute, minimalist, colorful crayon drawing, clear definition"
"task"|"She finished every task on her list before noon."|"A woman smiling and checking off all items on a to-do list on a sunny morning, A simple children's painting style, naive art, cute, minimalist, colorful crayon drawing, clear definition"
"taste"|"This soup has a rich, smoky taste."|"A person closing their eyes happily while tasting a steaming bowl of dark smoky soup, A simple children's painting style, naive art, cute, minimalist, colorful crayon drawing, clear definition"
"tax"|"He paid his income tax in April."|"A man sitting at a desk filling out tax forms with a calendar showing April on the wall, A simple children's painting style, naive art, cute, minimalist, colorful crayon drawing, clear definition"
"taxpayer"|"The project was funded by taxpayer money."|"A smiling citizen dropping coins into a large public construction project fund box on a city street, A simple children's painting style, naive art, cute, minimalist, colorful crayon drawing, clear definition"
"tea"|"She drinks a cup of tea every morning."|"A woman in a cozy kitchen holding a steaming cup of tea in the morning sunlight, A simple children's painting style, naive art, cute, minimalist, colorful crayon drawing, clear definition"
"teacher"|"Our teacher explained the lesson very clearly."|"A cheerful teacher standing at a chalkboard pointing to a clearly written lesson for attentive students, A simple children's painting style, naive art, cute, minimalist, colorful crayon drawing, clear definition"
"teaching"|"Teaching young kids requires a lot of patience."|"A calm smiling adult kneeling down patiently helping a small child learn to read at a desk, A simple children's painting style, naive art, cute, minimalist, colorful crayon drawing, clear definition"
"team"|"Our team won the championship this year."|"A group of kids in matching uniforms holding a large trophy and celebrating together on a field, A simple children's painting style, naive art, cute, minimalist, colorful crayon drawing, clear definition"
"teammate"|"He passed the ball to his teammate."|"A soccer player kicking the ball across the field to a teammate wearing the same jersey, A simple children's painting style, naive art, cute, minimalist, colorful crayon drawing, clear definition"
"tear"|"A tear ran down her cheek during the movie."|"A girl sitting in a dark cinema with a single tear rolling down her cheek watching the screen, A simple children's painting style, naive art, cute, minimalist, colorful crayon drawing, clear definition"
"teaspoon"|"Add half a teaspoon of salt to the dough."|"A hand tipping a small teaspoon of white salt into a ball of bread dough on a counter, A simple children's painting style, naive art, cute, minimalist, colorful crayon drawing, clear definition"
"technical"|"The manual is full of technical terms."|"A person looking confused at an open manual covered in diagrams and complex labeled technical terms, A simple children's painting style, naive art, cute, minimalist, colorful crayon drawing, clear definition"
"technician"|"The technician fixed the machine in an hour."|"A technician in a uniform using tools to repair a large machine in a bright workshop, A simple children's painting style, naive art, cute, minimalist, colorful crayon drawing, clear definition"
"technique"|"She learned a new technique for watercolor painting."|"A girl at an easel carefully applying a new brushstroke technique to a watercolor painting, A simple children's painting style, naive art, cute, minimalist, colorful crayon drawing, clear definition"
"technological"|"The last decade brought huge technological changes."|"A timeline showing old devices on one side and modern smartphones and robots on the other side, A simple children's painting style, naive art, cute, minimalist, colorful crayon drawing, clear definition"
"technology"|"New technology has changed the way we communicate."|"A smartphone, laptop, and tablet glowing on a desk with speech bubbles connecting them, A simple children's painting style, naive art, cute, minimalist, colorful crayon drawing, clear definition"
"teen"|"As a teen, he spent hours playing video games."|"A teenage boy sitting on a couch for hours holding a game controller playing video games, A simple children's painting style, naive art, cute, minimalist, colorful crayon drawing, clear definition"
"teenage"|"She has two teenage daughters."|"A mother standing beside two teenage girls smiling together in a living room, A simple children's painting style, naive art, cute, minimalist, colorful crayon drawing, clear definition"
"teenager"|"Being a teenager can be exciting and confusing at the same time."|"A teenager with a big smile and a puzzled expression standing at a crossroads with colorful signs, A simple children's painting style, naive art, cute, minimalist, colorful crayon drawing, clear definition"
"telephone"|"The telephone rang just as she left the room."|"A ringing telephone on a table while a woman walks out through a doorway, A simple children's painting style, naive art, cute, minimalist, colorful crayon drawing, clear definition"
"telescope"|"He used a telescope to see the moon up close."|"A boy looking through a large telescope pointed at a bright full moon in the night sky, A simple children's painting style, naive art, cute, minimalist, colorful crayon drawing, clear definition"
"television"|"They watched the news on television after dinner."|"A family sitting on a sofa watching a news broadcast on a television after a meal, A simple children's painting style, naive art, cute, minimalist, colorful crayon drawing, clear definition"
"temperature"|"The temperature dropped below freezing last night."|"A thermometer outside a window at night showing a temperature below zero with frost on the ground, A simple children's painting style, naive art, cute, minimalist, colorful crayon drawing, clear definition"
"temple"|"There's an ancient temple on top of the hill."|"An ancient stone temple with columns sitting on top of a green grassy hill, A simple children's painting style, naive art, cute, minimalist, colorful crayon drawing, clear definition"
"temporary"|"This is just a temporary fix."|"A person applying a small patch of tape over a cracked pipe with a clock nearby, A simple children's painting style, naive art, cute, minimalist, colorful crayon drawing, clear definition"
"ten"|"She waited ten minutes and then left."|"A woman standing by a door looking at a clock showing ten minutes have passed, A simple children's painting style, naive art, cute, minimalist, colorful crayon drawing, clear definition"
"tendency"|"He has a tendency to arrive late."|"A man rushing through a door while everyone else inside is already seated and waiting, A simple children's painting style, naive art, cute, minimalist, colorful crayon drawing, clear definition"
"tender"|"The chicken was so tender it fell off the bone."|"A piece of perfectly cooked chicken falling softly off the bone onto a plate, A simple children's painting style, naive art, cute, minimalist, colorful crayon drawing, clear definition"
"tennis"|"She plays tennis every Saturday morning."|"A girl hitting a tennis ball with a racket on a sunny tennis court on a Saturday morning, A simple children's painting style, naive art, cute, minimalist, colorful crayon drawing, clear definition"
"tension"|"There was a lot of tension between them after the argument."|"Two people standing with crossed arms and frowning faces facing each other with a storm cloud above them, A simple children's painting style, naive art, cute, minimalist, colorful crayon drawing, clear definition"
"tent"|"We set up the tent before it got dark."|"Two children setting up a colorful camping tent in a field as the sun sets in the background, A simple children's painting style, naive art, cute, minimalist, colorful crayon drawing, clear definition"
"term"|"What does that term mean in medicine?"|"A student pointing at an unfamiliar medical term written on a chalkboard with a question mark above their head, A simple children's painting style, naive art, cute, minimalist, colorful crayon drawing, clear definition"
"terms"|"In terms of price, this option is much better."|"A person comparing two price tags on store shelves and pointing to the cheaper one with a big smile, A simple children's painting style, naive art, cute, minimalist, colorful crayon drawing, clear definition"
"terrain"|"The terrain was too rough for a regular car."|"A small regular car struggling on a rocky bumpy dirt road full of stones and holes, A simple children's painting style, naive art, cute, minimalist, colorful crayon drawing, clear definition"
"terrible"|"I had a terrible headache all day."|"A person sitting at a desk all day holding their head in pain with wavy lines around their head, A simple children's painting style, naive art, cute, minimalist, colorful crayon drawing, clear definition"
"terribly"|"I'm terribly sorry for the inconvenience."|"A person bowing deeply with hands together and a very apologetic expression on their face, A simple children's painting style, naive art, cute, minimalist, colorful crayon drawing, clear definition"
"terrific"|"You did a terrific job on that presentation."|"A person standing beside a presentation screen while colleagues clap and give thumbs up with big smiles, A simple children's painting style, naive art, cute, minimalist, colorful crayon drawing, clear definition"
"territory"|"The wolves defended their territory fiercely."|"Two wolves growling and standing guard at the edge of a forest to protect their territory, A simple children's painting style, naive art, cute, minimalist, colorful crayon drawing, clear definition"
"terror"|"The children ran away in terror."|"A group of children running away with wide frightened eyes and arms waving in the air, A simple children's painting style, naive art, cute, minimalist, colorful crayon drawing, clear definition"
"terrorism"|"The government passed new laws to fight terrorism."|"A government official signing a large document at a desk with a shield and peace symbols nearby, A simple children's painting style, naive art, cute, minimalist, colorful crayon drawing, clear definition"
"terrorist"|"The terrorist was arrested at the airport."|"A police officer handcuffing a suspicious figure inside a busy airport terminal, A simple children's painting style, naive art, cute, minimalist, colorful crayon drawing, clear definition"
"terrorist"|"The police uncovered a terrorist plot."|"Two police officers at a desk uncovering and examining documents revealing a hidden criminal plan, A simple children's painting style, naive art, cute, minimalist, colorful crayon drawing, clear definition"
"test"|"I have a math test tomorrow morning."|"A student sitting at a school desk writing a math test paper with numbers and equations on it, A simple children's painting style, naive art, cute, minimalist, colorful crayon drawing, clear definition"
"testimony"|"Her testimony was key to the case."|"A woman speaking confidently at a courtroom witness stand with a judge and lawyers listening closely, A simple children's painting style, naive art, cute, minimalist, colorful crayon drawing, clear definition"
"testing"|"The testing phase takes about two weeks."|"A scientist in a lab coat running tests on a product with a calendar showing two weeks marked off, A simple children's painting style, naive art, cute, minimalist, colorful crayon drawing, clear definition"
"text"|"She sent me a text saying she'd be late."|"A woman reading a glowing phone screen showing a text message, looking surprised, A simple children's painting style, naive art, cute, minimalist, colorful crayon drawing, clear definition"
"textbook"|"I forgot my textbook at home."|"A sad student at a school desk with an empty bag, a textbook sitting on a table at home, A simple children's painting style, naive art, cute, minimalist, colorful crayon drawing, clear definition"
"texture"|"I love the texture of fresh bread."|"A happy child pressing fingers into the bumpy golden crust of a fresh round loaf of bread, A simple children's painting style, naive art, cute, minimalist, colorful crayon drawing, clear definition"
"than"|"She's taller than her older brother."|"A tall smiling girl standing back to back with her shorter older brother showing height difference, A simple children's painting style, naive art, cute, minimalist, colorful crayon drawing, clear definition"
"than"|"He finished faster than expected."|"A boy crossing a finish line far ahead of a surprised crowd holding a stopwatch, A simple children's painting style, naive art, cute, minimalist, colorful crayon drawing, clear definition"
"thanks"|"A quick thanks goes a long way."|"A smiling child handing a thank-you card to a surprised and happy neighbor, A simple children's painting style, naive art, cute, minimalist, colorful crayon drawing, clear definition"
"Thanksgiving"|"We always gather as a family on Thanksgiving."|"A large happy family sitting around a table with a big roasted turkey on Thanksgiving, A simple children's painting style, naive art, cute, minimalist, colorful crayon drawing, clear definition"
"that"|"She said that she would call me back."|"A woman on the phone making a call-back gesture with her finger to a friend, A simple children's painting style, naive art, cute, minimalist, colorful crayon drawing, clear definition"
"that"|"Can I borrow that pen?"|"A student pointing at a pen on a classmate's desk asking to borrow it, A simple children's painting style, naive art, cute, minimalist, colorful crayon drawing, clear definition"
"that"|"The coffee was that good — I ordered another cup."|"A delighted person at a cafe holding an empty cup and eagerly ordering a second coffee, A simple children's painting style, naive art, cute, minimalist, colorful crayon drawing, clear definition"
"the"|"Please close the door on your way out."|"A person walking out of a room turning back to close a door behind them, A simple children's painting style, naive art, cute, minimalist, colorful crayon drawing, clear definition"
"theater"|"We went to the theater to see a play."|"Two friends sitting in a theater watching colorful performers on a lit stage, A simple children's painting style, naive art, cute, minimalist, colorful crayon drawing, clear definition"
"their"|"The kids left their backpacks by the door."|"Two children running outside leaving their colorful backpacks piled beside a front door, A simple children's painting style, naive art, cute, minimalist, colorful crayon drawing, clear definition"
"them"|"I called them but no one answered."|"A person holding a phone with a sad expression and no answer from the other side, A simple children's painting style, naive art, cute, minimalist, colorful crayon drawing, clear definition"
"theme"|"The theme of the party was the 1980s."|"Kids at a party wearing 1980s clothes with cassette tapes and neon decorations everywhere, A simple children's painting style, naive art, cute, minimalist, colorful crayon drawing, clear definition"
"themselves"|"They painted the whole house themselves."|"Two people on ladders painting the outside of their house with no helpers around, A simple children's painting style, naive art, cute, minimalist, colorful crayon drawing, clear definition"
"then"|"Finish your homework, then we can watch a movie."|"A child finishing homework at a desk then happily moving to the couch to watch a movie, A simple children's painting style, naive art, cute, minimalist, colorful crayon drawing, clear definition"
"theological"|"It was a deep theological debate."|"Two robed scholars at a table surrounded by thick books engaged in a serious discussion, A simple children's painting style, naive art, cute, minimalist, colorful crayon drawing, clear definition"
"theology"|"She studied theology at the university."|"A young woman at a university library reading large books about religion and theology, A simple children's painting style, naive art, cute, minimalist, colorful crayon drawing, clear definition"
"theoretical"|"That's a theoretical possibility, not a real one."|"A professor pointing to a chalkboard with question marks and dotted outlines of unreal objects, A simple children's painting style, naive art, cute, minimalist, colorful crayon drawing, clear definition"
"theory"|"Do you have a theory about what happened?"|"A curious detective looking at clues on a board with arrows and question marks connecting them, A simple children's painting style, naive art, cute, minimalist, colorful crayon drawing, clear definition"
"therapist"|"She sees a therapist every other week."|"A woman sitting comfortably on a couch talking to a calm therapist in a warm office, A simple children's painting style, naive art, cute, minimalist, colorful crayon drawing, clear definition"
"therapy"|"Physical therapy helped him walk again."|"A man holding parallel bars taking his first steps guided by a smiling physical therapist, A simple children's painting style, naive art, cute, minimalist, colorful crayon drawing, clear definition"
"there"|"There are three messages on your phone."|"A phone on a table glowing with three visible message notifications on the screen, A simple children's painting style, naive art, cute, minimalist, colorful crayon drawing, clear definition"
"there"|"I left my keys right there on the table."|"A person pointing at a set of keys sitting on a table right in front of them, A simple children's painting style, naive art, cute, minimalist, colorful crayon drawing, clear definition"
"thereby"|"He skipped the line, thereby saving an hour."|"A man stepping past a long queue and cheerfully checking his watch showing saved time, A simple children's painting style, naive art, cute, minimalist, colorful crayon drawing, clear definition"
"therefore"|"She was sick; therefore, she stayed home."|"A girl with a thermometer in her mouth tucked under blankets in bed instead of at school, A simple children's painting style, naive art, cute, minimalist, colorful crayon drawing, clear definition"
"these"|"These shoes are too tight."|"A child sitting on the floor grimacing while squeezing into a pair of too-small shoes, A simple children's painting style, naive art, cute, minimalist, colorful crayon drawing, clear definition"
"they"|"They left without saying goodbye."|"Two friends walking away from a party through a door while the host waves unnoticed behind them, A simple children's painting style, naive art, cute, minimalist, colorful crayon drawing, clear definition"
"thick"|"The walls in this house are really thick."|"A person pressing hands on an enormously wide stone wall inside a house looking amazed, A simple children's painting style, naive art, cute, minimalist, colorful crayon drawing, clear definition"
"thigh"|"She pulled a muscle in her thigh."|"A woman sitting on a bench holding her upper leg in pain after exercise, A simple children's painting style, naive art, cute, minimalist, colorful crayon drawing, clear definition"
"thin"|"The ice is too thin to walk on."|"A person standing at the edge of a frozen lake with thin cracked ice, a warning sign nearby, A simple children's painting style, naive art, cute, minimalist, colorful crayon drawing, clear definition"
"thing"|"The best thing about summer is the longer days."|"A child playing outside under a bright sun with a long sunny sky still glowing at evening, A simple children's painting style, naive art, cute, minimalist, colorful crayon drawing, clear definition"
"thinking"|"His thinking changed after the experience."|"A man sitting quietly with a thought bubble showing a before and after idea shift, A simple children's painting style, naive art, cute, minimalist, colorful crayon drawing, clear definition"
"third"|"She finished in third place."|"A smiling girl standing on a podium holding a bronze medal in third place position, A simple children's painting style, naive art, cute, minimalist, colorful crayon drawing, clear definition"
"thirty"|"He just turned thirty."|"A happy man blowing out candles on a cake with the number 30 on it, A simple children's painting style, naive art, cute, minimalist, colorful crayon drawing, clear definition"
"this"|"This bag is mine."|"A girl pointing firmly at a colorful bag on a table claiming it as hers, A simple children's painting style, naive art, cute, minimalist, colorful crayon drawing, clear definition"
"this"|"I didn't expect it to be this cold."|"A surprised person bundled in a scarf and coat shivering on an unexpectedly icy street, A simple children's painting style, naive art, cute, minimalist, colorful crayon drawing, clear definition"
"thoroughly"|"She thoroughly cleaned the kitchen."|"A woman scrubbing every corner of a sparkling kitchen with mop bucket and sponge, A simple children's painting style, naive art, cute, minimalist, colorful crayon drawing, clear definition"
"those"|"Those kids are always so loud."|"A neighbor covering their ears while a group of noisy children play loudly nearby, A simple children's painting style, naive art, cute, minimalist, colorful crayon drawing, clear definition"
"though"|"Even though it was raining, we went for a walk."|"Two people walking cheerfully with umbrellas in the rain on a wet street, A simple children's painting style, naive art, cute, minimalist, colorful crayon drawing, clear definition"
"though"|"It was a hard day. A good one, though."|"A tired but smiling person relaxing in a chair at the end of a long day, A simple children's painting style, naive art, cute, minimalist, colorful crayon drawing, clear definition"
"thought"|"That's an interesting thought."|"A person with a glowing light bulb in a thought bubble above their head looking curious, A simple children's painting style, naive art, cute, minimalist, colorful crayon drawing, clear definition"
"thousand"|"Over a thousand people showed up."|"A huge colorful crowd of people filling a wide open outdoor space at an event, A simple children's painting style, naive art, cute, minimalist, colorful crayon drawing, clear definition"
"thread"|"I need a needle and thread to fix this shirt."|"A person holding a needle and spool of thread next to a shirt with a tear, A simple children's painting style, naive art, cute, minimalist, colorful crayon drawing, clear definition"
"threat"|"The storm posed a serious threat to the town."|"A dark storm cloud looming over a small town with houses and trees below, A simple children's painting style, naive art, cute, minimalist, colorful crayon drawing, clear definition"
"three"|"I'll be there in three minutes."|"A person pointing at a clock showing three minutes remaining while grabbing their coat, A simple children's painting style, naive art, cute, minimalist, colorful crayon drawing, clear definition"
"threshold"|"We're on the threshold of a major discovery."|"Two scientists standing at a glowing doorway in a lab on the edge of a breakthrough, A simple children's painting style, naive art, cute, minimalist, colorful crayon drawing, clear definition"
"throat"|"My throat hurts every time I swallow."|"A person wincing and touching their neck while swallowing a glass of water painfully, A simple children's painting style, naive art, cute, minimalist, colorful crayon drawing, clear definition"
"through"|"We drove through the tunnel."|"A small car driving through a long curved tunnel with light at the other end, A simple children's painting style, naive art, cute, minimalist, colorful crayon drawing, clear definition"
"through"|"She read the whole report through."|"A woman sitting at a desk turning the last page of a thick stack of papers, A simple children's painting style, naive art, cute, minimalist, colorful crayon drawing, clear definition"
"throughout"|"It rained throughout the entire trip."|"A family in a car driving along a long road with rain falling the whole way, A simple children's painting style, naive art, cute, minimalist, colorful crayon drawing, clear definition"
"thumb"|"He hit his thumb with the hammer."|"A man yelping and holding up a red throbbing thumb after missing a nail with a hammer, A simple children's painting style, naive art, cute, minimalist, colorful crayon drawing, clear definition"
"thus"|"The project was delayed, thus pushing back the deadline."|"A worker updating a calendar pushing a deadline arrow further along a timeline chart, A simple children's painting style, naive art, cute, minimalist, colorful crayon drawing, clear definition"
"ticket"|"Did you buy a ticket for the concert?"|"A person holding up a colorful concert ticket outside a bright music venue at night, A simple children's painting style, naive art, cute, minimalist, colorful crayon drawing, clear definition"
"tide"|"The tide is coming in."|"Ocean waves slowly creeping up a sandy beach covering footprints as the tide rises, A simple children's painting style, naive art, cute, minimalist, colorful crayon drawing, clear definition"
"tie"|"He straightened his tie before the interview."|"A man in a suit adjusting his tie in front of a mirror before a job interview, A simple children's painting style, naive art, cute, minimalist, colorful crayon drawing, clear definition"
"tight"|"This jar is really tight — I can't open it."|"A person straining with both hands trying to twist open a stubborn sealed glass jar, A simple children's painting style, naive art, cute, minimalist, colorful crayon drawing, clear definition"
"tight"|"Hold tight — we're almost there."|"A child gripping a handlebar tightly on a fast moving ride with eyes wide open, A simple children's painting style, naive art, cute, minimalist, colorful crayon drawing, clear definition"
"tightly"|"She held his hand tightly."|"A woman gripping a mans hand firmly with both hands on a park bench, A simple children's painting style, naive art, cute, minimalist, colorful crayon drawing, clear definition"
"tile"|"One of the bathroom tiles is cracked."|"A bathroom wall with one cracked white tile surrounded by intact tiles, A simple children's painting style, naive art, cute, minimalist, colorful crayon drawing, clear definition"
"till"|"I'll wait here till you get back."|"A person sitting on a bench outside a door waiting patiently for someone to return, A simple children's painting style, naive art, cute, minimalist, colorful crayon drawing, clear definition"
"till"|"She worked till midnight."|"A woman at a desk working under a lamp with a clock on the wall showing midnight, A simple children's painting style, naive art, cute, minimalist, colorful crayon drawing, clear definition"
"timber"|"The cabin was built with local timber."|"A small wooden cabin in a forest surrounded by tall trees and stacked log timber, A simple children's painting style, naive art, cute, minimalist, colorful crayon drawing, clear definition"
"time"|"What time does your flight leave?"|"A person at an airport looking at a large clock and checking a boarding pass, A simple children's painting style, naive art, cute, minimalist, colorful crayon drawing, clear definition"
"timing"|"The timing of the announcement was terrible."|"A speaker at a podium making an announcement while the audience looks shocked and upset, A simple children's painting style, naive art, cute, minimalist, colorful crayon drawing, clear definition"
"tiny"|"The apartment is tiny but cozy."|"A very small apartment interior with a cozy chair lamp and rug crammed together warmly, A simple children's painting style, naive art, cute, minimalist, colorful crayon drawing, clear definition"
"tip"|"Do you leave a tip at restaurants?"|"A smiling customer leaving coins and a bill on a restaurant table for the waiter, A simple children's painting style, naive art, cute, minimalist, colorful crayon drawing, clear definition"
"tired"|"I'm too tired to cook tonight."|"An exhausted person slouching in the kitchen staring at the stove with drooping eyes, A simple children's painting style, naive art, cute, minimalist, colorful crayon drawing, clear definition"
"tissue"|"Can you hand me a tissue?"|"A person reaching out to hand a tissue from a box to a friend with a runny nose, A simple children's painting style, naive art, cute, minimalist, colorful crayon drawing, clear definition"
"title"|"What's the title of that book you're reading?"|"A person holding an open book while another person points curiously at the book cover title, A simple children's painting style, naive art, cute, minimalist, colorful crayon drawing, clear definition"
"to"|"She walked to the store."|"A girl walking along a path toward a small colorful corner store on a sunny day, A simple children's painting style, naive art, cute, minimalist, colorful crayon drawing, clear definition"
"to abandon"|"He decided to abandon the project."|"A man walking away from a messy unfinished project on a desk leaving papers scattered behind, A simple children's painting style, naive art, cute, minimalist, colorful crayon drawing, clear definition"
"to absorb"|"The sponge absorbs water quickly."|"A large yellow sponge soaking up a puddle of blue water on a kitchen counter, A simple children's painting style, naive art, cute, minimalist, colorful crayon drawing, clear definition"
"to abuse"|"It's wrong to abuse someone's trust."|"A sad person holding a broken heart symbol while another person looks guilty and ashamed, A simple children's painting style, naive art, cute, minimalist, colorful crayon drawing, clear definition"
"to accelerate"|"The car accelerated onto the highway."|"A red car speeding up with motion lines as it merges onto a wide open highway, A simple children's painting style, naive art, cute, minimalist, colorful crayon drawing, clear definition"
"to accept"|"She finally accepted the job offer."|"A smiling woman shaking hands across a desk with a man holding a job offer letter, A simple children's painting style, naive art, cute, minimalist, colorful crayon drawing, clear definition"
"to access"|"I can't access my email from this computer."|"A frustrated person at a computer screen showing a red error lock icon on the email page, A simple children's painting style, naive art, cute, minimalist, colorful crayon drawing, clear definition"
"to accommodate"|"The hotel can accommodate up to 200 guests."|"A large hotel lobby filled with many smiling guests checking in at the front desk, A simple children's painting style, naive art, cute, minimalist, colorful crayon drawing, clear definition"
"to accompany"|"She asked me to accompany her to the doctor."|"Two friends walking together through a hospital entrance one supporting the other kindly, A simple children's painting style, naive art, cute, minimalist, colorful crayon drawing, clear definition"
"to accomplish"|"He accomplished everything on his to-do list."|"A happy man holding a checklist with every item checked off and a big smile, A simple children's painting style, naive art, cute, minimalist, colorful crayon drawing, clear definition"
"to account"|"How do you account for the missing money?"|"A confused person pointing at an open empty wallet while looking at a financial report, A simple children's painting style, naive art, cute, minimalist, colorful crayon drawing, clear definition"
"to accuse"|"She accused him of lying to her."|"An angry woman pointing her finger at a guilty-looking man standing in front of her, A simple children's painting style, naive art, cute, minimalist, colorful crayon drawing, clear definition"
"to achieve"|"She worked hard to achieve her goals."|"A woman raising her arms in triumph at the top of a mountain holding a flag with a star, A simple children's painting style, naive art, cute, minimalist, colorful crayon drawing, clear definition"
"to acknowledge"|"He acknowledged that he had made a mistake."|"A man with his hand on his chest nodding humbly while someone points to an error on paper, A simple children's painting style, naive art, cute, minimalist, colorful crayon drawing, clear definition"
"to acquire"|"They acquired a new company last year."|"Two businesspeople shaking hands in front of a building with a sold sign and company logo, A simple children's painting style, naive art, cute, minimalist, colorful crayon drawing, clear definition"
"to act"|"You need to act fast before it's too late."|"A person leaping into action urgently while a clock on the wall shows time running out, A simple children's painting style, naive art, cute, minimalist, colorful crayon drawing, clear definition"
"to adapt"|"It took me a while to adapt to the new schedule."|"A person looking at a new weekly calendar on a wall slowly adjusting with a thoughtful expression, A simple children's painting style, naive art, cute, minimalist, colorful crayon drawing, clear definition"
"to add"|"Can you add some salt to the soup?"|"A hand sprinkling salt from a shaker into a steaming pot of soup on a stove, A simple children's painting style, naive art, cute, minimalist, colorful crayon drawing, clear definition"
"to address"|"We need to address this problem right away."|"A group of people gathered around a table urgently pointing at a problem written on a board, A simple children's painting style, naive art, cute, minimalist, colorful crayon drawing, clear definition"
"to adjust"|"I had to adjust the seat before driving."|"A person sliding a car seat forward before gripping the steering wheel, A simple children's painting style, naive art, cute, minimalist, colorful crayon drawing, clear definition"
"to administer"|"The nurse administered the medication carefully."|"A nurse in white uniform carefully giving medicine to a patient in a hospital bed, A simple children's painting style, naive art, cute, minimalist, colorful crayon drawing, clear definition"
"to admire"|"I really admire her patience with the kids."|"A smiling woman calmly reading to three energetic children sitting around her, A simple children's painting style, naive art, cute, minimalist, colorful crayon drawing, clear definition"
"to admit"|"He finally admitted that he was wrong."|"A boy with a sheepish expression holding up both hands as if confessing to a friend, A simple children's painting style, naive art, cute, minimalist, colorful crayon drawing, clear definition"
"to adopt"|"They decided to adopt a child."|"A happy couple holding hands with a small child between them outside an office building, A simple children's painting style, naive art, cute, minimalist, colorful crayon drawing, clear definition"
"to advance"|"The army advanced toward the city."|"A line of small toy-like soldiers marching forward toward a distant walled city, A simple children's painting style, naive art, cute, minimalist, colorful crayon drawing, clear definition"
"to advise"|"My doctor advised me to rest for a week."|"A doctor in a white coat pointing to a calendar while talking to a patient in a chair, A simple children's painting style, naive art, cute, minimalist, colorful crayon drawing, clear definition"
"to advocate"|"She advocates for better public schools."|"A woman holding a colorful sign in front of a school building with children nearby, A simple children's painting style, naive art, cute, minimalist, colorful crayon drawing, clear definition"
"to affect"|"The cold weather affected his health."|"A man wrapped in a scarf and blanket sneezing outdoors in snowy cold weather, A simple children's painting style, naive art, cute, minimalist, colorful crayon drawing, clear definition"
"to afford"|"I can't afford a new car right now."|"A man standing in front of a shiny car at a dealership with empty pockets turned out, A simple children's painting style, naive art, cute, minimalist, colorful crayon drawing, clear definition"
"to age"|"He has aged a lot since I last saw him."|"Two versions of the same man side by side young and old with white hair and wrinkles, A simple children's painting style, naive art, cute, minimalist, colorful crayon drawing, clear definition"
"to agree"|"We all agreed to meet at seven."|"A group of four smiling friends all nodding and pointing at a clock showing seven, A simple children's painting style, naive art, cute, minimalist, colorful crayon drawing, clear definition"
"to aid"|"The organization aids families in need."|"A volunteer handing a box of food and supplies to a grateful family at a doorstep, A simple children's painting style, naive art, cute, minimalist, colorful crayon drawing, clear definition"
"to aim"|"She aimed the camera at the sunset."|"A woman holding a camera up and pointing it at a bright colorful sunset over the horizon, A simple children's painting style, naive art, cute, minimalist, colorful crayon drawing, clear definition"
"to allow"|"My parents don't allow me to stay out late."|"Parents standing at a doorway shaking their heads at a child pointing at a dark night sky, A simple children's painting style, naive art, cute, minimalist, colorful crayon drawing, clear definition"
"to alter"|"The tailor altered the dress to fit her better."|"A tailor kneeling beside a woman on a stool pinning and adjusting a dress with a measuring tape, A simple children's painting style, naive art, cute, minimalist, colorful crayon drawing, clear definition"
"to analyze"|"We need to analyze the results carefully."|"Two people leaning over a desk covered in charts and papers with a magnifying glass, A simple children's painting style, naive art, cute, minimalist, colorful crayon drawing, clear definition"
"to announce"|"The principal announced a school holiday."|"A school principal speaking into a microphone at a podium while children cheer in the hall, A simple children's painting style, naive art, cute, minimalist, colorful crayon drawing, clear definition"
"to answer"|"Please answer the question honestly."|"A student raising a hand and speaking directly while a teacher listens attentively at the board, A simple children's painting style, naive art, cute, minimalist, colorful crayon drawing, clear definition"
"to anticipate"|"I didn't anticipate how hard the test would be."|"A student staring wide-eyed at a very long difficult test paper full of questions, A simple children's painting style, naive art, cute, minimalist, colorful crayon drawing, clear definition"
"to apologize"|"He apologized for being late."|"A man arriving late through a door looking sorry and bowing his head to waiting friends, A simple children's painting style, naive art, cute, minimalist, colorful crayon drawing, clear definition"
"to appeal"|"The decision didn't appeal to everyone on the team."|"A group of teammates standing together with mixed expressions some frowning at a whiteboard decision, A simple children's painting style, naive art, cute, minimalist, colorful crayon drawing, clear definition"
"to appear"|"She appeared nervous before the presentation."|"A woman standing backstage clutching notes with shaky hands before walking on stage, A simple children's painting style, naive art, cute, minimalist, colorful crayon drawing, clear definition"
"to apply"|"I applied for three jobs this week."|"A person sitting at a desk sending three different job application envelopes on a computer screen, A simple children's painting style, naive art, cute, minimalist, colorful crayon drawing, clear definition"
"to appoint"|"The board appointed a new director."|"A group of suited people at a table clapping as one person stands to receive a nameplate saying Director, A simple children's painting style, naive art, cute, minimalist, colorful crayon drawing, clear definition"
"to appreciate"|"I really appreciate everything you've done for me."|"A person placing both hands over their heart smiling warmly at a friend who helped them, A simple children's painting style, naive art, cute, minimalist, colorful crayon drawing, clear definition"
"to approach"|"A stranger approached me on the street."|"An unknown person walking toward a surprised young man on a busy city sidewalk, A simple children's painting style, naive art, cute, minimalist, colorful crayon drawing, clear definition"
"to approve"|"My boss approved my vacation request."|"A smiling boss stamping a big green approved mark on a vacation request form at a desk, A simple children's painting style, naive art, cute, minimalist, colorful crayon drawing, clear definition"
"to argue"|"They always argue about money."|"A man and woman standing face to face with angry expressions and a pile of coins between them, A simple children's painting style, naive art, cute, minimalist, colorful crayon drawing, clear definition"
"to arise"|"A problem arose during the meeting."|"People sitting at a meeting table looking alarmed as a large warning sign pops up from the center, A simple children's painting style, naive art, cute, minimalist, colorful crayon drawing, clear definition"
"to arm"|"The guard was armed with a rifle."|"A uniformed guard standing at a gate holding a rifle, A simple children's painting style, naive art, cute, minimalist, colorful crayon drawing, clear definition"
"to arrange"|"Can you arrange a meeting for Monday?"|"A person at a desk circling Monday on a calendar while writing a meeting note, A simple children's painting style, naive art, cute, minimalist, colorful crayon drawing, clear definition"
"to arrest"|"The police arrested the suspect downtown."|"A police officer placing handcuffs on a person on a busy downtown street, A simple children's painting style, naive art, cute, minimalist, colorful crayon drawing, clear definition"
"to arrive"|"They arrived at the airport two hours early."|"Two smiling travelers with suitcases walking through airport entrance doors, A simple children's painting style, naive art, cute, minimalist, colorful crayon drawing, clear definition"
"to articulate"|"She articulated her ideas very clearly."|"A confident woman speaking at a podium with clear speech bubbles showing organized ideas, A simple children's painting style, naive art, cute, minimalist, colorful crayon drawing, clear definition"
"to ask"|"Don't be afraid to ask for help."|"A child raising their hand confidently in a classroom to ask the teacher for help, A simple children's painting style, naive art, cute, minimalist, colorful crayon drawing, clear definition"
"to assemble"|"It took an hour to assemble the furniture."|"A person on the floor surrounded by wooden pieces and tools putting furniture together, A simple children's painting style, naive art, cute, minimalist, colorful crayon drawing, clear definition"
"to assert"|"She asserted her right to speak."|"A woman standing tall with one hand raised firmly speaking in front of a group, A simple children's painting style, naive art, cute, minimalist, colorful crayon drawing, clear definition"
"to assess"|"The doctor assessed his condition carefully."|"A doctor with a clipboard examining a seated patient carefully in a bright clinic, A simple children's painting style, naive art, cute, minimalist, colorful crayon drawing, clear definition"
"to assign"|"The teacher assigned three pages of homework."|"A teacher at a chalkboard handing out papers to students sitting at desks, A simple children's painting style, naive art, cute, minimalist, colorful crayon drawing, clear definition"
"to assist"|"Can you assist me with these bags?"|"A smiling person helping another carry several heavy shopping bags on a sidewalk, A simple children's painting style, naive art, cute, minimalist, colorful crayon drawing, clear definition"
"to associate"|"I associate that smell with my grandmother's house."|"A person sniffing a flower with a dreamy thought bubble showing a cozy grandmother house, A simple children's painting style, naive art, cute, minimalist, colorful crayon drawing, clear definition"
"to assume"|"Don't assume she already knows the news."|"A person whispering news to a surprised woman who clearly had not heard it before, A simple children's painting style, naive art, cute, minimalist, colorful crayon drawing, clear definition"
"to assure"|"He assured me everything would be fine."|"A man placing a reassuring hand on a worried friend shoulder with a calm smile, A simple children's painting style, naive art, cute, minimalist, colorful crayon drawing, clear definition"
"to attach"|"Please attach the file before sending the email."|"A person at a computer clipping a document icon onto an email on screen, A simple children's painting style, naive art, cute, minimalist, colorful crayon drawing, clear definition"
"to attack"|"The dog attacked the mailman."|"An angry barking dog leaping toward a startled mailman holding letters at a gate, A simple children's painting style, naive art, cute, minimalist, colorful crayon drawing, clear definition"
"to attempt"|"She attempted the exam even without studying."|"A nervous girl sitting at a school desk writing on an exam paper with a pencil, A simple children's painting style, naive art, cute, minimalist, colorful crayon drawing, clear definition"
"to attend"|"All students must attend class on Friday."|"A group of students walking through a school classroom door on a sunny Friday, A simple children's painting style, naive art, cute, minimalist, colorful crayon drawing, clear definition"
"to attract"|"Flowers attract bees."|"Bright colorful flowers in a garden with several bees flying toward them happily, A simple children's painting style, naive art, cute, minimalist, colorful crayon drawing, clear definition"
"to attribute"|"He attributed his success to hard work."|"A man holding a trophy pointing proudly at a pile of books and work tools nearby, A simple children's painting style, naive art, cute, minimalist, colorful crayon drawing, clear definition"
"to authorize"|"Only the manager can authorize that payment."|"A manager at a desk stamping a payment document with an official approval stamp, A simple children's painting style, naive art, cute, minimalist, colorful crayon drawing, clear definition"
"to average"|"She averages eight hours of sleep a night."|"A woman peacefully sleeping in bed with a clock on the nightstand showing eight hours, A simple children's painting style, naive art, cute, minimalist, colorful crayon drawing, clear definition"
"to avoid"|"He avoids sugar as much as possible."|"A man turning away and crossing his arms in front of a table full of cakes and candy, A simple children's painting style, naive art, cute, minimalist, colorful crayon drawing, clear definition"
"to await"|"We are awaiting your response."|"Two people sitting by a mailbox looking expectantly at an empty inbox waiting for a letter, A simple children's painting style, naive art, cute, minimalist, colorful crayon drawing, clear definition"
"to award"|"They awarded her first place in the competition."|"A smiling woman on a podium receiving a gold trophy and first place ribbon from a judge, A simple children's painting style, naive art, cute, minimalist, colorful crayon drawing, clear definition"
"to back"|"I'll back you up no matter what."|"A friend standing firmly side by side behind another person with arms crossed supportively, A simple children's painting style, naive art, cute, minimalist, colorful crayon drawing, clear definition"
"to bake"|"She bakes bread every Sunday morning."|"A woman in an apron pulling a golden loaf of bread out of a warm oven on Sunday morning, A simple children's painting style, naive art, cute, minimalist, colorful crayon drawing, clear definition"
"to balance"|"He balanced the plate on one finger."|"A smiling man carefully balancing a large round plate on the tip of one finger, A simple children's painting style, naive art, cute, minimalist, colorful crayon drawing, clear definition"
"to ban"|"The school banned cell phones in the classroom."|"A classroom wall sign showing a crossed-out cell phone while students study without phones, A simple children's painting style, naive art, cute, minimalist, colorful crayon drawing, clear definition"
"to base"|"The movie is based on a true story."|"A movie clapperboard next to an open book labeled true story on a cinema screen background, A simple children's painting style, naive art, cute, minimalist, colorful crayon drawing, clear definition"
"to battle"|"She has been battling cancer for two years."|"A determined woman standing strong holding a shield with a cancer ribbon symbol, A simple children's painting style, naive art, cute, minimalist, colorful crayon drawing, clear definition"
"to be"|"She is very tired today."|"A young woman slouched on a couch with heavy drooping eyes looking exhausted, A simple children's painting style, naive art, cute, minimalist, colorful crayon drawing, clear definition"
"to be born"|"He was born in São Paulo."|"A baby wrapped in a blanket held by a nurse inside a hospital room with a São Paulo skyline through the window, A simple children's painting style, naive art, cute, minimalist, colorful crayon drawing, clear definition"
"to bear"|"I can't bear the cold anymore."|"A person bundled in layers of coats and scarves shivering dramatically in a snowy street, A simple children's painting style, naive art, cute, minimalist, colorful crayon drawing, clear definition"
"to beat"|"Our team beat them by two points."|"A cheering soccer team celebrating a scoreboard showing a two-point victory over the other team, A simple children's painting style, naive art, cute, minimalist, colorful crayon drawing, clear definition"
"to become"|"She became a doctor at twenty-six."|"A young smiling woman in a white doctor coat holding a diploma in a hospital hallway, A simple children's painting style, naive art, cute, minimalist, colorful crayon drawing, clear definition"
"to beg"|"He begged her not to leave."|"A man on his knees with hands clasped reaching toward a woman walking toward a door with a suitcase, A simple children's painting style, naive art, cute, minimalist, colorful crayon drawing, clear definition"
"to begin"|"The movie begins at eight."|"A cinema screen lighting up as the clock on the wall shows eight o clock and the audience settles in, A simple children's painting style, naive art, cute, minimalist, colorful crayon drawing, clear definition"
"to behave"|"Please behave yourself at the dinner table."|"A child sitting up straight with a napkin on lap and hands folded at a neatly set dinner table, A simple children's painting style, naive art, cute, minimalist, colorful crayon drawing, clear definition"
"to believe"|"I believe you're telling the truth."|"A person placing a hand over their heart looking sincerely at another person speaking to them, A simple children's painting style, naive art, cute, minimalist, colorful crayon drawing, clear definition"
"to belong"|"This jacket belongs to my brother."|"A boy pointing proudly at a jacket hanging on a hook with his name tag clearly attached to it, A simple children's painting style, naive art, cute, minimalist, colorful crayon drawing, clear definition"
"to bend"|"Bend your knees when you lift something heavy."|"A person with bent knees squatting down to lift a large heavy box from the floor, A simple children's painting style, naive art, cute, minimalist, colorful crayon drawing, clear definition"
"to benefit"|"Regular exercise benefits your entire body."|"A smiling person jogging outdoors with glowing arrows pointing to different healthy body parts, A simple children's painting style, naive art, cute, minimalist, colorful crayon drawing, clear definition"
"to bet"|"I bet he forgot about the meeting."|"A man snapping his fingers with a surprised look while his colleagues wait for him at an empty meeting table, A simple children's painting style, naive art, cute, minimalist, colorful crayon drawing, clear definition"
"to bind"|"The contract binds both parties."|"Two people at a table each holding one end of a large document with a chain linking their hands together, A simple children's painting style, naive art, cute, minimalist, colorful crayon drawing, clear definition"
"to bite"|"Be careful — that dog bites."|"A small growling dog with bared teeth next to a warning sign as a person cautiously steps back, A simple children's painting style, naive art, cute, minimalist, colorful crayon drawing, clear definition"
"to blame"|"Don't blame yourself for what happened."|"A sad person pointing a finger at themselves in a mirror with a gentle hand on their own shoulder, A simple children's painting style, naive art, cute, minimalist, colorful crayon drawing, clear definition"
"to blend"|"Blend the ingredients until smooth."|"A person pouring fruits and liquid into a running blender on a kitchen counter making a smooth mixture, A simple children's painting style, naive art, cute, minimalist, colorful crayon drawing, clear definition"
"to bless"|"She blessed her children before they left."|"A mother placing both hands gently on her two children s heads near an open front door with bags on the floor, A simple children's painting style, naive art, cute, minimalist, colorful crayon drawing, clear definition"
"to blink"|"He blinked when the light hit his eyes."|"A man squinting and blinking as a bright lamp suddenly shines directly into his face, A simple children's painting style, naive art, cute, minimalist, colorful crayon drawing, clear definition"
"to block"|"A truck was blocking the road."|"A large truck parked sideways across a road with cars lined up and unable to pass, A simple children's painting style, naive art, cute, minimalist, colorful crayon drawing, clear definition"
"to blow"|"The wind blew my hat off."|"A person grabbing at empty air above their head as a gust of wind carries their hat away down the street, A simple children's painting style, naive art, cute, minimalist, colorful crayon drawing, clear definition"
"to boast"|"He always boasts about his grades."|"A boy holding up a test paper with a big A+ while classmates roll their eyes around him, A simple children's painting style, naive art, cute, minimalist, colorful crayon drawing, clear definition"
"to boil"|"Boil the water before adding the pasta."|"A pot of vigorously bubbling boiling water on a stove with a box of pasta waiting beside it, A simple children's painting style, naive art, cute, minimalist, colorful crayon drawing, clear definition"
"to bomb"|"The building was bombed during the war."|"A crumbling building with smoke and rubble around it under a dark wartime sky, A simple children's painting style, naive art, cute, minimalist, colorful crayon drawing, clear definition"
"to boost"|"A good breakfast boosts your energy in the morning."|"A person eating a colorful healthy breakfast at a table with a glowing energy arrow rising above them, A simple children's painting style, naive art, cute, minimalist, colorful crayon drawing, clear definition"
"to borrow"|"Can I borrow your charger for a minute?"|"A person holding out a phone charger to a friend whose phone shows a very low battery warning, A simple children's painting style, naive art, cute, minimalist, colorful crayon drawing, clear definition"
"to bother"|"Stop bothering me while I'm working."|"A person at a desk trying to concentrate while someone persistently taps on their shoulder repeatedly, A simple children's painting style, naive art, cute, minimalist, colorful crayon drawing, clear definition"
"to bounce"|"The ball bounced off the wall."|"A colorful rubber ball hitting a brick wall and rebounding away with a curved motion trail behind it, A simple children's painting style, naive art, cute, minimalist, colorful crayon drawing, clear definition"
"to bow"|"The actor bowed after the show."|"A smiling actor in costume bowing deeply on a stage as an audience claps and cheers from their seats, A simple children's painting style, naive art, cute, minimalist, colorful crayon drawing, clear definition"
"to break"|"I broke my phone yesterday."|"A cracked smartphone lying on the floor, shattered screen, sad face nearby, A simple children's painting style, naive art, cute, minimalist, colorful crayon drawing, clear definition"
"to breathe"|"Breathe slowly and relax."|"A person sitting cross-legged eyes closed breathing slowly with wavy air lines around them, A simple children's painting style, naive art, cute, minimalist, colorful crayon drawing, clear definition"
"to bring"|"Can you bring me a glass of water?"|"A smiling person carrying a glass of water toward someone sitting at a table, A simple children's painting style, naive art, cute, minimalist, colorful crayon drawing, clear definition"
"to broadcast"|"The game was broadcast live on TV."|"A television showing a live soccer game with a broadcast antenna sending signal waves, A simple children's painting style, naive art, cute, minimalist, colorful crayon drawing, clear definition"
"to brush"|"I brush my teeth twice a day."|"A child brushing teeth in front of a bathroom mirror with a toothbrush and toothpaste, A simple children's painting style, naive art, cute, minimalist, colorful crayon drawing, clear definition"
"to build"|"They're building a new school nearby."|"Two workers in hard hats constructing a brick school building with scaffolding nearby, A simple children's painting style, naive art, cute, minimalist, colorful crayon drawing, clear definition"
"to burn"|"I burned the toast this morning."|"A toaster with black burnt toast popping up, smoke rising in a kitchen in the morning, A simple children's painting style, naive art, cute, minimalist, colorful crayon drawing, clear definition"
"to burst"|"The pipe burst during the night."|"A water pipe cracked open spraying water all over a dark floor at night, A simple children's painting style, naive art, cute, minimalist, colorful crayon drawing, clear definition"
"to bury"|"We buried the dog in the backyard."|"A family standing sadly around a small grave with a cross in a green backyard, A simple children's painting style, naive art, cute, minimalist, colorful crayon drawing, clear definition"
"to buy"|"I need to buy more coffee."|"A person placing a bag of coffee into a shopping cart in a grocery store aisle, A simple children's painting style, naive art, cute, minimalist, colorful crayon drawing, clear definition"
"to calculate"|"She calculated the total in her head."|"A woman with a thinking bubble showing numbers and math symbols above her head, A simple children's painting style, naive art, cute, minimalist, colorful crayon drawing, clear definition"
"to call"|"I'll call you when I get home."|"A smiling person holding a phone to their ear standing inside a cozy home, A simple children's painting style, naive art, cute, minimalist, colorful crayon drawing, clear definition"
"to calm"|"He tried to calm the crying baby."|"A man gently holding a crying baby rocking it softly in a quiet room, A simple children's painting style, naive art, cute, minimalist, colorful crayon drawing, clear definition"
"to cancel"|"They canceled the meeting at the last minute."|"A calendar with a meeting circled and a big red X drawn over it at the last minute, A simple children's painting style, naive art, cute, minimalist, colorful crayon drawing, clear definition"
"to capture"|"The photo captured a beautiful moment."|"A person holding a camera photographing two friends laughing together in a sunny park, A simple children's painting style, naive art, cute, minimalist, colorful crayon drawing, clear definition"
"to care"|"She really cares about her students."|"A smiling teacher kneeling beside a student at a desk with a warm caring expression, A simple children's painting style, naive art, cute, minimalist, colorful crayon drawing, clear definition"
"to carry"|"Can you carry this box for me?"|"A person handing a large cardboard box to a friend who stretches out their arms to receive it, A simple children's painting style, naive art, cute, minimalist, colorful crayon drawing, clear definition"
"to carve"|"He carved his name into the tree."|"A boy using a small knife to carve letters into the trunk of a big tree, A simple children's painting style, naive art, cute, minimalist, colorful crayon drawing, clear definition"
"to cast"|"The director cast a new actor in the role."|"A film director pointing at a smiling actor on a stage under a bright spotlight, A simple children's painting style, naive art, cute, minimalist, colorful crayon drawing, clear definition"
"to catch"|"I caught the ball with one hand."|"A child stretching one hand up high catching a ball mid-air on a grassy field, A simple children's painting style, naive art, cute, minimalist, colorful crayon drawing, clear definition"
"to cause"|"The storm caused a lot of damage."|"A dark stormy sky with lightning over a neighborhood with fallen trees and broken fences, A simple children's painting style, naive art, cute, minimalist, colorful crayon drawing, clear definition"
"to cease"|"The noise finally ceased after midnight."|"A quiet dark street after midnight with a clock showing 12 and musical notes fading away, A simple children's painting style, naive art, cute, minimalist, colorful crayon drawing, clear definition"
"to celebrate"|"We celebrated her birthday at a restaurant."|"A group of happy people at a restaurant table with a birthday cake and balloons, A simple children's painting style, naive art, cute, minimalist, colorful crayon drawing, clear definition"
"to challenge"|"She challenged her friend to a race."|"Two girls at a starting line in a park one pointing forward challenging the other to race, A simple children's painting style, naive art, cute, minimalist, colorful crayon drawing, clear definition"
"to change"|"I need to change my password."|"A person at a computer screen typing a new password with a lock icon on the screen, A simple children's painting style, naive art, cute, minimalist, colorful crayon drawing, clear definition"
"to characterize"|"How would you characterize his leadership style?"|"A person presenting a chart about a leader to a small group in a meeting room, A simple children's painting style, naive art, cute, minimalist, colorful crayon drawing, clear definition"
"to charge"|"I forgot to charge my phone last night."|"A dead smartphone with an empty battery icon lying beside an unplugged charger on a nightstand, A simple children's painting style, naive art, cute, minimalist, colorful crayon drawing, clear definition"
"to chase"|"The dog chased the cat around the yard."|"A happy dog running after a cat around a grassy backyard with a fence, A simple children's painting style, naive art, cute, minimalist, colorful crayon drawing, clear definition"
"to cheat"|"He cheated on the exam and got caught."|"A boy peeking at a classmates paper during an exam while a teacher points at him, A simple children's painting style, naive art, cute, minimalist, colorful crayon drawing, clear definition"
"to check"|"Check your email before the meeting."|"A person looking at their laptop screen reading emails before entering a meeting room, A simple children's painting style, naive art, cute, minimalist, colorful crayon drawing, clear definition"
"to cheer"|"The crowd cheered when the team scored."|"A cheering crowd in stadium stands celebrating as a soccer team scores a goal, A simple children's painting style, naive art, cute, minimalist, colorful crayon drawing, clear definition"
"to chew"|"Chew your food before swallowing."|"A child sitting at a table carefully chewing a big bite of food with eyes wide open, A simple children's painting style, naive art, cute, minimalist, colorful crayon drawing, clear definition"
"to choose"|"You can choose any seat you want."|"A smiling person standing in an empty theater looking at many available seats to pick, A simple children's painting style, naive art, cute, minimalist, colorful crayon drawing, clear definition"
"to chop"|"She chopped the onions for the soup."|"A woman chopping onions on a cutting board next to a pot of soup on the stove, A simple children's painting style, naive art, cute, minimalist, colorful crayon drawing, clear definition"
"to circle"|"Circle the correct answer on the test."|"A student drawing a circle around one answer on a paper test with a red pen, A simple children's painting style, naive art, cute, minimalist, colorful crayon drawing, clear definition"
"to cite"|"The lawyer cited three important cases."|"A lawyer in a courtroom pointing to a list of three cases on a document, A simple children's painting style, naive art, cute, minimalist, colorful crayon drawing, clear definition"
"to claim"|"He claimed he had never been there before."|"A man raising one hand and shaking his head insisting he has never visited a place, A simple children's painting style, naive art, cute, minimalist, colorful crayon drawing, clear definition"
"to classify"|"The teacher asked us to classify the animals."|"A teacher pointing to a board where students sort animal pictures into labeled groups, A simple children's painting style, naive art, cute, minimalist, colorful crayon drawing, clear definition"
"to clean"|"I clean my room every Saturday."|"A child vacuuming and tidying up a bedroom with toys neatly put away on a shelf, A simple children's painting style, naive art, cute, minimalist, colorful crayon drawing, clear definition"
"to clear"|"Can you clear the table after dinner?"|"A person removing plates and glasses from a dining table after a family dinner, A simple children's painting style, naive art, cute, minimalist, colorful crayon drawing, clear definition"
"to click"|"Click the button to confirm your order."|"A hand pressing a large confirm button on a computer screen showing a shopping order, A simple children's painting style, naive art, cute, minimalist, colorful crayon drawing, clear definition"
"to climb"|"The kids love to climb trees."|"Two happy children climbing the thick branches of a big leafy tree in a park, A simple children's painting style, naive art, cute, minimalist, colorful crayon drawing, clear definition"
"to cling"|"She clung to her mother at the airport."|"A young girl hugging tightly onto her mothers legs inside a busy airport terminal, A simple children's painting style, naive art, cute, minimalist, colorful crayon drawing, clear definition"
"to close"|"Please close the door behind you."|"A person turning back to gently shut a door behind them as they leave a room, A simple children's painting style, naive art, cute, minimalist, colorful crayon drawing, clear definition"
"to coach"|"He coaches a youth soccer team on weekends."|"A man on a grass field giving instructions to a group of young soccer players, A simple children's painting style, naive art, cute, minimalist, colorful crayon drawing, clear definition"
"to collapse"|"The old building collapsed during the earthquake."|"An old crumbling building falling down into rubble during a shaking earthquake, A simple children's painting style, naive art, cute, minimalist, colorful crayon drawing, clear definition"
"to collect"|"She collects vintage postcards from around the world."|"A woman sitting at a desk carefully arranging a pile of colorful vintage postcards, A simple children's painting style, naive art, cute, minimalist, colorful crayon drawing, clear definition"
"to color"|"She colored her hair red last week."|"A woman at a hair salon with a stylist applying bright red dye to her hair, A simple children's painting style, naive art, cute, minimalist, colorful crayon drawing, clear definition"
"to combine"|"Combine the flour and sugar in a bowl."|"Two hands pouring flour and sugar from separate bags into one large mixing bowl, A simple children's painting style, naive art, cute, minimalist, colorful crayon drawing, clear definition"
"to come"|"Come here, please."|"An adult kneeling down and waving a hand beckoning a small child to walk over, A simple children's painting style, naive art, cute, minimalist, colorful crayon drawing, clear definition"
"to command"|"The general commanded his troops to advance."|"A uniformed general pointing forward dramatically while soldiers march ahead in formation, A simple children's painting style, naive art, cute, minimalist, colorful crayon drawing, clear definition"
"to comment"|"She commented on my post right away."|"A woman on a phone quickly typing a comment below a social media photo post, A simple children's painting style, naive art, cute, minimalist, colorful crayon drawing, clear definition"
"to commit"|"He committed to finishing the project on time."|"A man shaking hands firmly across a desk with a calendar and deadline visible nearby, A simple children's painting style, naive art, cute, minimalist, colorful crayon drawing, clear definition"
"to communicate"|"It's important to communicate clearly at work."|"Two coworkers talking face to face at an office desk with open and attentive expressions, A simple children's painting style, naive art, cute, minimalist, colorful crayon drawing, clear definition"
"to compare"|"Don't compare yourself to others."|"A person looking sadly at their reflection while pointing at another person beside them, A simple children's painting style, naive art, cute, minimalist, colorful crayon drawing, clear definition"
"to compel"|"The rain compelled us to cancel the picnic."|"A family standing at a window watching heavy rain fall on their picnic basket outside, A simple children's painting style, naive art, cute, minimalist, colorful crayon drawing, clear definition"
"to compete"|"She competes in swimming tournaments every summer."|"A girl in a swim cap diving into a pool lane at a sunny outdoor swimming tournament, A simple children's painting style, naive art, cute, minimalist, colorful crayon drawing, clear definition"
"to complain"|"He always complains about the food."|"A man at a restaurant frowning and gesturing unhappily at a plate of food to a waiter, A simple children's painting style, naive art, cute, minimalist, colorful crayon drawing, clear definition"
"to complete"|"I need to complete this form before noon."|"A person sitting at a desk filling in the last lines of a paper form with a clock showing noon, A simple children's painting style, naive art, cute, minimalist, colorful crayon drawing, clear definition"
"to comply"|"All employees must comply with the safety rules."|"Workers in helmets and vests reading a safety rules sign posted on a factory wall, A simple children's painting style, naive art, cute, minimalist, colorful crayon drawing, clear definition"
"to compose"|"She composed a beautiful song for her mother."|"A young woman sitting at a piano writing musical notes on paper, smiling, A simple children's painting style, naive art, cute, minimalist, colorful crayon drawing, clear definition"
"to comprise"|"The team comprises five members."|"Five smiling people standing together in a circle forming a team, A simple children's painting style, naive art, cute, minimalist, colorful crayon drawing, clear definition"
"to compromise"|"They had to compromise to reach an agreement."|"Two people at a table each giving up something and shaking hands with a document between them, A simple children's painting style, naive art, cute, minimalist, colorful crayon drawing, clear definition"
"to concede"|"He finally conceded that he was wrong."|"A man raising both hands with a humble expression admitting to another person he was wrong, A simple children's painting style, naive art, cute, minimalist, colorful crayon drawing, clear definition"
"to conceive"|"She conceived the idea during a long walk."|"A woman walking on a path outdoors with a bright lightbulb appearing above her head, A simple children's painting style, naive art, cute, minimalist, colorful crayon drawing, clear definition"
"to concentrate"|"I can't concentrate with all this noise."|"A student at a desk covering their ears with hands while loud noise swirls around them, A simple children's painting style, naive art, cute, minimalist, colorful crayon drawing, clear definition"
"to concern"|"This issue concerns everyone in the neighborhood."|"A group of neighbors gathered outside looking worried at a shared problem in the street, A simple children's painting style, naive art, cute, minimalist, colorful crayon drawing, clear definition"
"to conclude"|"The doctor concluded that rest was the best treatment."|"A doctor pointing at a resting patient in bed with a clipboard showing a checkmark, A simple children's painting style, naive art, cute, minimalist, colorful crayon drawing, clear definition"
"to condemn"|"The community condemned the act of vandalism."|"A crowd of people pointing disapprovingly at graffiti sprayed on a building wall, A simple children's painting style, naive art, cute, minimalist, colorful crayon drawing, clear definition"
"to conduct"|"She conducted the meeting very professionally."|"A confident woman standing at the head of a table leading a group of attentive colleagues, A simple children's painting style, naive art, cute, minimalist, colorful crayon drawing, clear definition"
"to confess"|"He confessed that he had eaten the last slice of cake."|"A guilty-looking boy pointing to an empty cake plate confessing to a surprised adult, A simple children's painting style, naive art, cute, minimalist, colorful crayon drawing, clear definition"
"to confirm"|"Please confirm your appointment by tomorrow."|"A person on a phone call next to a calendar circling an appointment date with a pen, A simple children's painting style, naive art, cute, minimalist, colorful crayon drawing, clear definition"
"to confront"|"She finally confronted her coworker about the problem."|"A woman standing firmly facing a coworker at an office desk in a serious conversation, A simple children's painting style, naive art, cute, minimalist, colorful crayon drawing, clear definition"
"to confuse"|"The instructions confused everyone in the class."|"A teacher pointing at a confusing diagram while all students look puzzled with question marks above their heads, A simple children's painting style, naive art, cute, minimalist, colorful crayon drawing, clear definition"
"to connect"|"Connect the cable to the back of the TV."|"A hand plugging a cable into the back of a television set, A simple children's painting style, naive art, cute, minimalist, colorful crayon drawing, clear definition"
"to consider"|"I'm considering changing jobs."|"A person sitting thoughtfully at a desk looking at two different job listings with a thinking expression, A simple children's painting style, naive art, cute, minimalist, colorful crayon drawing, clear definition"
"to consist"|"The dish consists of rice, beans, and beef."|"A colorful plate divided into portions showing rice, beans, and beef clearly separated, A simple children's painting style, naive art, cute, minimalist, colorful crayon drawing, clear definition"
"to constitute"|"These findings constitute a major breakthrough."|"A scientist holding a glowing discovery in a lab with a large star burst behind them, A simple children's painting style, naive art, cute, minimalist, colorful crayon drawing, clear definition"
"to construct"|"They constructed the bridge in just two years."|"Workers in hard hats building a large bridge over a river with cranes and beams, A simple children's painting style, naive art, cute, minimalist, colorful crayon drawing, clear definition"
"to consult"|"You should consult a doctor before taking that medication."|"A patient sitting across from a doctor at a desk holding a medicine bottle and listening carefully, A simple children's painting style, naive art, cute, minimalist, colorful crayon drawing, clear definition"
"to consume"|"We consume too much sugar without even noticing."|"A person unknowingly pouring a huge mountain of sugar into a cup of coffee, A simple children's painting style, naive art, cute, minimalist, colorful crayon drawing, clear definition"
"to contact"|"Contact me if you need anything."|"A person handing another person a phone with their contact details displayed on the screen, A simple children's painting style, naive art, cute, minimalist, colorful crayon drawing, clear definition"
"to contain"|"This box contains all my old photos."|"An open cardboard box filled with old photographs spilling out on a wooden floor, A simple children's painting style, naive art, cute, minimalist, colorful crayon drawing, clear definition"
"to contemplate"|"She sat by the window, contemplating her next move."|"A woman sitting quietly by a large window looking outside with a thoughtful distant expression, A simple children's painting style, naive art, cute, minimalist, colorful crayon drawing, clear definition"
"to contend"|"Several teams are contending for the championship."|"Multiple colorful sports teams competing fiercely on a field with a trophy displayed at the center, A simple children's painting style, naive art, cute, minimalist, colorful crayon drawing, clear definition"
"to continue"|"Please continue reading from where you stopped."|"A child opening a book to a bookmarked page ready to keep reading under a lamp, A simple children's painting style, naive art, cute, minimalist, colorful crayon drawing, clear definition"
"to contribute"|"Everyone contributed to the surprise party."|"A group of people each bringing food, balloons, and gifts to set up a surprise party, A simple children's painting style, naive art, cute, minimalist, colorful crayon drawing, clear definition"
"to control"|"He struggled to control his anger."|"A man clenching his fists with a red face trying to hold back a storm cloud above his head, A simple children's painting style, naive art, cute, minimalist, colorful crayon drawing, clear definition"
"to convert"|"Can you convert this file to PDF?"|"A hand clicking a button on a computer screen showing a file transforming into a PDF icon, A simple children's painting style, naive art, cute, minimalist, colorful crayon drawing, clear definition"
"to convey"|"The movie conveys a powerful message about family."|"A cinema screen showing a family scene with a glowing heart message radiating out to a moved audience, A simple children's painting style, naive art, cute, minimalist, colorful crayon drawing, clear definition"
"to convict"|"The jury convicted him of theft."|"A jury in a courtroom pointing at a man standing before a judge, A simple children's painting style, naive art, cute, minimalist, colorful crayon drawing, clear definition"
"to convince"|"She convinced me to try the new restaurant."|"A smiling woman pointing enthusiastically at a colorful restaurant entrance to a hesitant friend, A simple children's painting style, naive art, cute, minimalist, colorful crayon drawing, clear definition"
"to cook"|"My dad cooks dinner every Sunday."|"A cheerful dad standing at a stove stirring a pot on a Sunday evening, A simple children's painting style, naive art, cute, minimalist, colorful crayon drawing, clear definition"
"to cool"|"Let the soup cool before you eat it."|"A bowl of steaming soup on a table with a hand hovering and waiting for it to cool, A simple children's painting style, naive art, cute, minimalist, colorful crayon drawing, clear definition"
"to cooperate"|"The students cooperated well during the group project."|"A group of smiling students working together around a table covered with project materials, A simple children's painting style, naive art, cute, minimalist, colorful crayon drawing, clear definition"
"to coordinate"|"She coordinates all the events at the school."|"A woman with a clipboard standing in a school hallway directing people setting up event decorations, A simple children's painting style, naive art, cute, minimalist, colorful crayon drawing, clear definition"
"to cope"|"It's hard to cope with stress after a long day."|"A tired person sitting on a couch taking a deep breath after a long exhausting day, A simple children's painting style, naive art, cute, minimalist, colorful crayon drawing, clear definition"
"to copy"|"Can you copy this file for me?"|"A person clicking a mouse at a computer screen with a file being duplicated on the desktop, A simple children's painting style, naive art, cute, minimalist, colorful crayon drawing, clear definition"
"to correct"|"She corrected my pronunciation."|"A woman gently pointing at a speech bubble correcting the words coming from a student, A simple children's painting style, naive art, cute, minimalist, colorful crayon drawing, clear definition"
"to cost"|"How much does this coat cost?"|"A person holding up a coat in a shop while looking at a price tag with wide eyes, A simple children's painting style, naive art, cute, minimalist, colorful crayon drawing, clear definition"
"to count"|"Count the chairs before the guests arrive."|"A child pointing at and counting a row of empty chairs in a decorated room, A simple children's painting style, naive art, cute, minimalist, colorful crayon drawing, clear definition"
"to counter"|"He countered every argument she made."|"A man and a woman facing each other at a table with speech bubbles clashing between them, A simple children's painting style, naive art, cute, minimalist, colorful crayon drawing, clear definition"
"to cover"|"Cover the pot so the water boils faster."|"A hand placing a lid firmly onto a steaming boiling pot on a stove, A simple children's painting style, naive art, cute, minimalist, colorful crayon drawing, clear definition"
"to crack"|"I cracked an egg into the bowl."|"Two hands cracking open an egg over a large mixing bowl on a kitchen counter, A simple children's painting style, naive art, cute, minimalist, colorful crayon drawing, clear definition"
"to crash"|"My computer crashed right before the meeting."|"A person staring in panic at a frozen computer screen showing an error just before a meeting, A simple children's painting style, naive art, cute, minimalist, colorful crayon drawing, clear definition"
"to crawl"|"The baby is learning to crawl."|"A smiling baby on hands and knees crawling across a colorful play mat, A simple children's painting style, naive art, cute, minimalist, colorful crayon drawing, clear definition"
"to create"|"She created a new playlist for the road trip."|"A young woman smiling while building a music playlist on her phone beside a packed car, A simple children's painting style, naive art, cute, minimalist, colorful crayon drawing, clear definition"
"to credit"|"The professor credited her for the idea."|"A professor gesturing proudly toward a smiling female student in front of a classroom, A simple children's painting style, naive art, cute, minimalist, colorful crayon drawing, clear definition"
"to criticize"|"Try not to criticize people in public."|"A person whispering harsh words at someone embarrassed in the middle of a busy street, A simple children's painting style, naive art, cute, minimalist, colorful crayon drawing, clear definition"
"to cross"|"Look both ways before you cross the street."|"A child looking left and right carefully before stepping onto a striped pedestrian crossing, A simple children's painting style, naive art, cute, minimalist, colorful crayon drawing, clear definition"
"to crowd"|"Fans crowded around the stage."|"Excited fans pressing together and cheering around a brightly lit concert stage, A simple children's painting style, naive art, cute, minimalist, colorful crayon drawing, clear definition"
"to crush"|"She crushed the garlic with the back of the knife."|"A woman pressing the flat back of a large knife down hard onto a garlic clove on a cutting board, A simple children's painting style, naive art, cute, minimalist, colorful crayon drawing, clear definition"
"to cry"|"He cried when he heard the news."|"A man sitting on a chair with tears streaming down his face holding a phone, A simple children's painting style, naive art, cute, minimalist, colorful crayon drawing, clear definition"
"to cure"|"Doctors are still trying to cure that disease."|"Two doctors in white coats studying test tubes and charts in a bright laboratory, A simple children's painting style, naive art, cute, minimalist, colorful crayon drawing, clear definition"
"to cut"|"I cut my finger while chopping vegetables."|"A person holding up a bleeding finger beside a cutting board full of chopped vegetables, A simple children's painting style, naive art, cute, minimalist, colorful crayon drawing, clear definition"
"to damage"|"The storm damaged several houses in the area."|"A neighborhood street with broken roofs and fallen trees after a heavy storm, A simple children's painting style, naive art, cute, minimalist, colorful crayon drawing, clear definition"
"to dance"|"They danced all night at the wedding."|"A happy couple dancing together on a decorated wedding dance floor surrounded by guests, A simple children's painting style, naive art, cute, minimalist, colorful crayon drawing, clear definition"
"to dare"|"I dared him to jump into the pool."|"A child pointing at a swimming pool while a friend stands nervously at the edge ready to jump, A simple children's painting style, naive art, cute, minimalist, colorful crayon drawing, clear definition"
"to date"|"They've been dating for about six months."|"A smiling couple holding hands and walking together past a calendar showing six months, A simple children's painting style, naive art, cute, minimalist, colorful crayon drawing, clear definition"
"to deal"|"We need to deal with this problem right away."|"Two people sitting at a table rolling up their sleeves facing a large tangled problem diagram, A simple children's painting style, naive art, cute, minimalist, colorful crayon drawing, clear definition"
"to debate"|"The students debated whether social media is harmful."|"Two students standing at podiums facing each other, gesturing and arguing in a classroom, A simple children's painting style, naive art, cute, minimalist, colorful crayon drawing, clear definition"
"to decide"|"Have you decided what to order?"|"A person sitting at a restaurant table staring at a large open menu with a thinking expression, A simple children's painting style, naive art, cute, minimalist, colorful crayon drawing, clear definition"
"to declare"|"He declared his love in front of everyone."|"A man holding flowers and speaking to a woman in a crowded park with people watching, A simple children's painting style, naive art, cute, minimalist, colorful crayon drawing, clear definition"
"to decline"|"She declined the job offer politely."|"A woman smiling and gently pushing away a paper job offer across a desk to a surprised interviewer, A simple children's painting style, naive art, cute, minimalist, colorful crayon drawing, clear definition"
"to decorate"|"We decorated the apartment for the holidays."|"Two people hanging colorful lights and ornaments around a cozy apartment living room, A simple children's painting style, naive art, cute, minimalist, colorful crayon drawing, clear definition"
"to decrease"|"The temperature decreased overnight."|"A thermometer on a window showing a low temperature with a cold dark night sky outside, A simple children's painting style, naive art, cute, minimalist, colorful crayon drawing, clear definition"
"to dedicate"|"He dedicated the book to his mother."|"A man writing a heartfelt dedication message on the first page of an open book for his mother, A simple children's painting style, naive art, cute, minimalist, colorful crayon drawing, clear definition"
"to deem"|"The judge deemed the evidence insufficient."|"A judge in robes sitting at a bench shaking his head at a small pile of evidence, A simple children's painting style, naive art, cute, minimalist, colorful crayon drawing, clear definition"
"to defeat"|"Our team defeated the champions last night."|"A soccer team jumping and celebrating on a field while the opposing champion team looks downcast, A simple children's painting style, naive art, cute, minimalist, colorful crayon drawing, clear definition"
"to defend"|"She defended her thesis in front of the committee."|"A young woman standing confidently at a presentation board in front of a panel of seated professors, A simple children's painting style, naive art, cute, minimalist, colorful crayon drawing, clear definition"
"to define"|"Can you define this word for me?"|"A student pointing at a word in a dictionary while a teacher explains its meaning, A simple children's painting style, naive art, cute, minimalist, colorful crayon drawing, clear definition"
"to delay"|"The flight was delayed by two hours."|"Passengers sitting in an airport waiting area looking at a departure board showing a delayed flight, A simple children's painting style, naive art, cute, minimalist, colorful crayon drawing, clear definition"
"to deliver"|"The package was delivered this morning."|"A delivery person in uniform placing a brown cardboard package at a front door in the morning, A simple children's painting style, naive art, cute, minimalist, colorful crayon drawing, clear definition"
"to demand"|"The workers demanded better pay."|"A group of workers outside a building holding signs and raising fists demanding better wages, A simple children's painting style, naive art, cute, minimalist, colorful crayon drawing, clear definition"
"to demonstrate"|"She demonstrated how to use the new software."|"A woman pointing at a computer screen in front of a small group of attentive colleagues in an office, A simple children's painting style, naive art, cute, minimalist, colorful crayon drawing, clear definition"
"to deny"|"He denied taking the money."|"A man crossing his arms and shaking his head firmly while a wallet with coins sits on the table nearby, A simple children's painting style, naive art, cute, minimalist, colorful crayon drawing, clear definition"
"to depart"|"The train departs at seven in the morning."|"A train pulling away from a station platform at sunrise with a clock showing seven o clock, A simple children's painting style, naive art, cute, minimalist, colorful crayon drawing, clear definition"
"to depend"|"It depends on how much time we have."|"Two friends looking at a wall clock together with a calendar and a list of activities on the table, A simple children's painting style, naive art, cute, minimalist, colorful crayon drawing, clear definition"
"to depict"|"The painting depicts a scene from everyday life."|"A framed painting on a wall showing a colorful street market scene with people shopping, A simple children's painting style, naive art, cute, minimalist, colorful crayon drawing, clear definition"
"to deploy"|"The company deployed the update last night."|"A technician at a computer pressing a button while progress bars fill on the screen late at night, A simple children's painting style, naive art, cute, minimalist, colorful crayon drawing, clear definition"
"to derive"|"This word derives from Latin."|"An open Latin textbook with an arrow pointing from a Latin word to a modern English word on a chalkboard, A simple children's painting style, naive art, cute, minimalist, colorful crayon drawing, clear definition"
"to descend"|"We descended the stairs carefully."|"Two people carefully stepping down a tall staircase holding the railing inside a building, A simple children's painting style, naive art, cute, minimalist, colorful crayon drawing, clear definition"
"to describe"|"Can you describe what the person looked like?"|"A police officer taking notes while a witness gestures and describes a person standing nearby, A simple children's painting style, naive art, cute, minimalist, colorful crayon drawing, clear definition"
"to deserve"|"You deserve a break after all that work."|"A tired worker sitting back in a chair with a cup of tea surrounded by a completed pile of papers, A simple children's painting style, naive art, cute, minimalist, colorful crayon drawing, clear definition"
"to design"|"She designed the logo herself."|"A young woman sitting at a desk drawing a colorful logo on paper with pencils and markers, A simple children's painting style, naive art, cute, minimalist, colorful crayon drawing, clear definition"
"to desire"|"He desired nothing more than a quiet life."|"A man sitting peacefully in a cozy armchair by a window reading a book in a calm quiet room, A simple children's painting style, naive art, cute, minimalist, colorful crayon drawing, clear definition"
"to destroy"|"The fire destroyed the entire building."|"A large orange fire engulfing a tall building while firefighters spray water from the street below, A simple children's painting style, naive art, cute, minimalist, colorful crayon drawing, clear definition"
"to detect"|"The smoke detector failed to detect the fire in time."|"A smoke detector on the ceiling with no alarm while flames grow visibly in a room below it, A simple children's painting style, naive art, cute, minimalist, colorful crayon drawing, clear definition"
"to determine"|"We need to determine the cause of the problem."|"Two scientists examining charts and clues on a whiteboard trying to find the root cause together, A simple children's painting style, naive art, cute, minimalist, colorful crayon drawing, clear definition"
"to develop"|"She's developing a new app for her company."|"A woman typing code on a laptop with a smartphone showing an app interface on the desk beside her, A simple children's painting style, naive art, cute, minimalist, colorful crayon drawing, clear definition"
"to devote"|"He devotes two hours a day to studying English."|"A boy sitting at a desk with books and a clock showing two hours of study, A simple children's painting style, naive art, cute, minimalist, colorful crayon drawing, clear definition"
"to diagnose"|"The doctor diagnosed her with diabetes."|"A doctor in a white coat speaking to a woman patient in a clinic, holding a clipboard, A simple children's painting style, naive art, cute, minimalist, colorful crayon drawing, clear definition"
"to dictate"|"The boss tried to dictate every decision in the office."|"A bossy man in a suit pointing and giving orders to workers sitting at desks, A simple children's painting style, naive art, cute, minimalist, colorful crayon drawing, clear definition"
"to die"|"Her grandfather died peacefully in his sleep."|"An elderly man sleeping calmly in a bed with a peaceful expression, soft light in bedroom, A simple children's painting style, naive art, cute, minimalist, colorful crayon drawing, clear definition"
"to differ"|"Our opinions differ on almost everything."|"Two people facing each other with speech bubbles showing opposite symbols like sun and moon, A simple children's painting style, naive art, cute, minimalist, colorful crayon drawing, clear definition"
"to dig"|"The kids dug a big hole in the backyard."|"Two children using shovels to dig a large hole in a grassy backyard, A simple children's painting style, naive art, cute, minimalist, colorful crayon drawing, clear definition"
"to diminish"|"The pain slowly diminished after she took the medication."|"A woman taking a pill with a fading red glow on her arm showing pain disappearing, A simple children's painting style, naive art, cute, minimalist, colorful crayon drawing, clear definition"
"to dip"|"She dipped the chip in the salsa."|"A girl holding a tortilla chip and dipping it into a bowl of red salsa, A simple children's painting style, naive art, cute, minimalist, colorful crayon drawing, clear definition"
"to direct"|"He directed the new students to the registration desk."|"A man pointing and guiding a group of students toward a registration desk in a hallway, A simple children's painting style, naive art, cute, minimalist, colorful crayon drawing, clear definition"
"to disagree"|"I disagree with your decision, but I'll respect it."|"Two people talking with one shaking their head no but extending a handshake respectfully, A simple children's painting style, naive art, cute, minimalist, colorful crayon drawing, clear definition"
"to disappear"|"My keys disappeared again."|"A person looking confused at an empty table where a set of keys should be, question marks above their head, A simple children's painting style, naive art, cute, minimalist, colorful crayon drawing, clear definition"
"to disclose"|"The company refused to disclose its profits."|"A businessman crossing his arms in front of a locked safe with dollar signs on it, A simple children's painting style, naive art, cute, minimalist, colorful crayon drawing, clear definition"
"to discourage"|"Don't let one failure discourage you."|"A child looking sad beside a fallen tower of blocks with a friend offering an encouraging hand, A simple children's painting style, naive art, cute, minimalist, colorful crayon drawing, clear definition"
"to discover"|"Scientists discovered a new species in the Amazon."|"Two excited scientists in the Amazon jungle pointing at a colorful unknown animal in the leaves, A simple children's painting style, naive art, cute, minimalist, colorful crayon drawing, clear definition"
"to discuss"|"Let's discuss this after the meeting."|"Two colleagues talking beside a whiteboard after a meeting in a bright office room, A simple children's painting style, naive art, cute, minimalist, colorful crayon drawing, clear definition"
"to dismiss"|"The judge dismissed the case due to lack of evidence."|"A judge in a courtroom waving a gavel and closing a folder marked case dismissed, A simple children's painting style, naive art, cute, minimalist, colorful crayon drawing, clear definition"
"to display"|"The museum displays ancient artifacts from Egypt."|"A museum room with glass cases showing Egyptian vases and golden artifacts on pedestals, A simple children's painting style, naive art, cute, minimalist, colorful crayon drawing, clear definition"
"to dissolve"|"Dissolve the sugar in warm water."|"A hand stirring a spoon in a glass of warm water with sugar granules disappearing into it, A simple children's painting style, naive art, cute, minimalist, colorful crayon drawing, clear definition"
"to distinguish"|"Can you distinguish between the two flavors?"|"A person tasting two different colored ice cream scoops with a thoughtful expression, A simple children's painting style, naive art, cute, minimalist, colorful crayon drawing, clear definition"
"to distract"|"Loud music distracts me when I'm working."|"A person trying to study at a desk while loud music notes float from a speaker nearby, A simple children's painting style, naive art, cute, minimalist, colorful crayon drawing, clear definition"
"to distribute"|"The volunteers distributed food to the families."|"Smiling volunteers handing boxes of food to families lined up outside on a sunny day, A simple children's painting style, naive art, cute, minimalist, colorful crayon drawing, clear definition"
"to disturb"|"Please don't disturb me while I'm on the call."|"A person on a phone call holding up a hand to stop someone from entering their room, A simple children's painting style, naive art, cute, minimalist, colorful crayon drawing, clear definition"
"to divide"|"Divide the pizza into eight equal slices."|"Two hands using a pizza cutter to slice a round pizza into eight equal pieces, A simple children's painting style, naive art, cute, minimalist, colorful crayon drawing, clear definition"
"to divorce"|"They divorced after fifteen years of marriage."|"A man and woman standing apart with a torn wedding photo between them on a table, A simple children's painting style, naive art, cute, minimalist, colorful crayon drawing, clear definition"
"to do"|"I do the dishes every night after dinner."|"A person washing plates and glasses at a kitchen sink after a dinner meal, A simple children's painting style, naive art, cute, minimalist, colorful crayon drawing, clear definition"
"to document"|"Make sure you document every step of the process."|"A person writing detailed notes on a clipboard beside a step-by-step diagram on the wall, A simple children's painting style, naive art, cute, minimalist, colorful crayon drawing, clear definition"
"to dominate"|"That team dominated the entire championship."|"A soccer team celebrating with a large trophy while all other teams stand far behind them, A simple children's painting style, naive art, cute, minimalist, colorful crayon drawing, clear definition"
"to donate"|"She donates a portion of her salary to charity every month."|"A smiling woman dropping money into a charity donation box on a bright sunny street, A simple children's painting style, naive art, cute, minimalist, colorful crayon drawing, clear definition"
"to double"|"They doubled their revenue in just one year."|"A bar chart on a board showing one bar growing to exactly twice its original height, A simple children's painting style, naive art, cute, minimalist, colorful crayon drawing, clear definition"
"to doubt"|"I doubt he'll show up on time."|"A person looking at a clock with arms crossed and a skeptical expression on their face, A simple children's painting style, naive art, cute, minimalist, colorful crayon drawing, clear definition"
"to draft"|"She spent the afternoon drafting her resignation letter."|"A woman sitting at a desk writing a letter with a pen, papers around her, A simple children's painting style, naive art, cute, minimalist, colorful crayon drawing, clear definition"
"to drag"|"He dragged the heavy box across the floor."|"A boy straining to drag a large brown box across a wooden floor, A simple children's painting style, naive art, cute, minimalist, colorful crayon drawing, clear definition"
"to drain"|"Drain the pasta before adding the sauce."|"A person pouring steaming pasta into a colander over a sink, water draining out, A simple children's painting style, naive art, cute, minimalist, colorful crayon drawing, clear definition"
"to draw"|"My daughter loves to draw animals."|"A little girl sitting at a table happily drawing colorful animals on paper, A simple children's painting style, naive art, cute, minimalist, colorful crayon drawing, clear definition"
"to dream"|"I dreamed about my old neighborhood last night."|"A person sleeping in bed with a dream bubble showing a familiar neighborhood street, A simple children's painting style, naive art, cute, minimalist, colorful crayon drawing, clear definition"
"to dress"|"He dressed quickly and ran out the door."|"A man buttoning his shirt hurriedly while rushing toward an open front door, A simple children's painting style, naive art, cute, minimalist, colorful crayon drawing, clear definition"
"to drift"|"The boat drifted slowly down the river."|"A small wooden boat floating gently along a calm river with no one steering, A simple children's painting style, naive art, cute, minimalist, colorful crayon drawing, clear definition"
"to drill"|"The dentist had to drill two of my teeth."|"A dentist using a dental drill on a patient sitting in a dentist chair, A simple children's painting style, naive art, cute, minimalist, colorful crayon drawing, clear definition"
"to drink"|"He drinks a glass of water every morning."|"A man standing in a sunny kitchen drinking a tall glass of water, A simple children's painting style, naive art, cute, minimalist, colorful crayon drawing, clear definition"
"to drive"|"She drives her kids to school every day."|"A woman driving a car with two children visible in the back seat, school ahead, A simple children's painting style, naive art, cute, minimalist, colorful crayon drawing, clear definition"
"to drop"|"I dropped my phone on the sidewalk."|"A person watching their smartphone fall and hit a gray sidewalk, A simple children's painting style, naive art, cute, minimalist, colorful crayon drawing, clear definition"
"to drown"|"He almost drowned when he was a child."|"A small boy struggling in a swimming pool with arms raised above water, A simple children's painting style, naive art, cute, minimalist, colorful crayon drawing, clear definition"
"to dry"|"Dry your hands before touching the equipment."|"A person rubbing their wet hands on a towel next to a piece of equipment, A simple children's painting style, naive art, cute, minimalist, colorful crayon drawing, clear definition"
"to dump"|"He dumped all his old clothes in the trash."|"A man tossing a big pile of old clothes into a large trash bin, A simple children's painting style, naive art, cute, minimalist, colorful crayon drawing, clear definition"
"to earn"|"She earns more than her husband."|"A smiling woman receiving a large paycheck at a desk while her husband looks on, A simple children's painting style, naive art, cute, minimalist, colorful crayon drawing, clear definition"
"to ease"|"A hot bath can ease muscle pain."|"A person relaxing in a steaming bathtub with a look of relief on their face, A simple children's painting style, naive art, cute, minimalist, colorful crayon drawing, clear definition"
"to eat"|"We eat dinner together as a family every Sunday."|"A happy family sitting around a dinner table sharing a meal on a Sunday evening, A simple children's painting style, naive art, cute, minimalist, colorful crayon drawing, clear definition"
"to echo"|"Her words echoed in my head all day."|"A person holding their head with speech bubbles repeating the same words swirling around, A simple children's painting style, naive art, cute, minimalist, colorful crayon drawing, clear definition"
"to edit"|"Can you edit this paragraph for me?"|"A person at a computer screen highlighting and correcting text in a document, A simple children's painting style, naive art, cute, minimalist, colorful crayon drawing, clear definition"
"to educate"|"We need to educate kids about healthy eating."|"A teacher showing children a colorful food pyramid chart in a bright classroom, A simple children's painting style, naive art, cute, minimalist, colorful crayon drawing, clear definition"
"to elect"|"They elected a new president last month."|"A crowd of people placing ballots into a voting box with a winner podium nearby, A simple children's painting style, naive art, cute, minimalist, colorful crayon drawing, clear definition"
"to eliminate"|"We need to eliminate all errors before the deadline."|"A person at a desk crossing out red error marks on a document with a pen, A simple children's painting style, naive art, cute, minimalist, colorful crayon drawing, clear definition"
"to embrace"|"She embraced her daughter at the airport."|"A mother hugging her daughter tightly at a busy airport arrivals area, A simple children's painting style, naive art, cute, minimalist, colorful crayon drawing, clear definition"
"to emerge"|"A solution finally emerged after hours of discussion."|"A group of tired people at a meeting table as a glowing lightbulb appears above them, A simple children's painting style, naive art, cute, minimalist, colorful crayon drawing, clear definition"
"to emphasize"|"The doctor emphasized the importance of sleep."|"A doctor pointing firmly at a poster of a sleeping person in a medical office, A simple children's painting style, naive art, cute, minimalist, colorful crayon drawing, clear definition"
"to employ"|"The company employs over two hundred people."|"A large office building filled with many workers at desks seen through big windows, A simple children's painting style, naive art, cute, minimalist, colorful crayon drawing, clear definition"
"to enable"|"This app enables you to track your spending."|"A hand holding a smartphone displaying a colorful spending tracker app with charts, A simple children's painting style, naive art, cute, minimalist, colorful crayon drawing, clear definition"
"to enact"|"The government enacted a new law last week."|"A official figure signing a large document at a podium in front of a government building, A simple children's painting style, naive art, cute, minimalist, colorful crayon drawing, clear definition"
"to encounter"|"I encountered a lot of problems at work today."|"A frustrated worker at a desk surrounded by stacks of problem files and warning signs, A simple children's painting style, naive art, cute, minimalist, colorful crayon drawing, clear definition"
"to encourage"|"My teacher always encouraged me to keep trying."|"A smiling teacher placing a supportive hand on a student's shoulder over a school desk, A simple children's painting style, naive art, cute, minimalist, colorful crayon drawing, clear definition"
"to end"|"The movie ends with a surprise twist."|"A surprised audience watching a cinema screen showing a shocking unexpected ending scene, A simple children's painting style, naive art, cute, minimalist, colorful crayon drawing, clear definition"
"to endorse"|"Several celebrities endorsed the product."|"Three smiling famous people holding and pointing to a product bottle with big grins, A simple children's painting style, naive art, cute, minimalist, colorful crayon drawing, clear definition"
"to endure"|"She endured years of hardship before things got better."|"A tired woman walking through rain and storm clouds with a bright sunny sky ahead, A simple children's painting style, naive art, cute, minimalist, colorful crayon drawing, clear definition"
"to enforce"|"The police enforce traffic laws every day."|"A police officer standing on a road stopping a car and pointing to a traffic sign, A simple children's painting style, naive art, cute, minimalist, colorful crayon drawing, clear definition"
"to engage"|"It's hard to engage students when they're tired."|"A teacher trying to get the attention of sleepy yawning students slumped at their desks, A simple children's painting style, naive art, cute, minimalist, colorful crayon drawing, clear definition"
"to enhance"|"Good lighting can enhance any photo."|"A photographer adjusting a bright lamp next to a camera making a photo look vivid and beautiful, A simple children's painting style, naive art, cute, minimalist, colorful crayon drawing, clear definition"
"to enjoy"|"I really enjoy cooking on weekends."|"A happy person smiling while stirring a colorful pot in a cozy kitchen on a weekend, A simple children's painting style, naive art, cute, minimalist, colorful crayon drawing, clear definition"
"to enroll"|"She enrolled in an online Spanish course."|"A young woman sitting at a laptop signing up for an online Spanish language course, A simple children's painting style, naive art, cute, minimalist, colorful crayon drawing, clear definition"
"to ensure"|"Please ensure all doors are locked before you leave."|"A person carefully checking and locking each door of a house before walking away, A simple children's painting style, naive art, cute, minimalist, colorful crayon drawing, clear definition"
"to enter"|"He entered the room without knocking."|"A man pushing open a door and walking straight into a room without knocking, A simple children's painting style, naive art, cute, minimalist, colorful crayon drawing, clear definition"
"to entitle"|"This pass entitles you to free parking."|"A smiling driver holding up a pass card at a parking lot barrier that opens for free, A simple children's painting style, naive art, cute, minimalist, colorful crayon drawing, clear definition"
"to envision"|"I can't envision living without my phone."|"A person with a thought bubble showing a confused blank life with no smartphone anywhere, A simple children's painting style, naive art, cute, minimalist, colorful crayon drawing, clear definition"
"to equip"|"The school equipped every classroom with new computers."|"Workers placing brand new computers on desks inside a bright colorful school classroom, A simple children's painting style, naive art, cute, minimalist, colorful crayon drawing, clear definition"
"to escape"|"We barely escaped the rain before the storm hit."|"Two people running inside just as dark storm clouds burst open with heavy rain behind them, A simple children's painting style, naive art, cute, minimalist, colorful crayon drawing, clear definition"
"to establish"|"They established the company in 2005."|"Two smiling founders cutting a ribbon in front of a new company building with a 2005 sign, A simple children's painting style, naive art, cute, minimalist, colorful crayon drawing, clear definition"
"to estimate"|"Can you estimate how long the repair will take?"|"A mechanic scratching his head looking at a broken car while holding a clipboard with a question mark, A simple children's painting style, naive art, cute, minimalist, colorful crayon drawing, clear definition"
"to evaluate"|"The manager evaluated each employee's performance."|"A manager sitting at a desk reviewing a chart and taking notes about an employee standing nearby, A simple children's painting style, naive art, cute, minimalist, colorful crayon drawing, clear definition"
"to evolve"|"Our plans evolved as we learned more."|"A simple sketch of a plan on paper gradually transforming into a detailed colorful blueprint across steps, A simple children's painting style, naive art, cute, minimalist, colorful crayon drawing, clear definition"
"to examine"|"The doctor examined the patient carefully."|"A doctor with a stethoscope carefully examining a patient sitting on a medical bed, A simple children's painting style, naive art, cute, minimalist, colorful crayon drawing, clear definition"
"to exceed"|"The project costs exceeded our budget."|"A bar chart with costs bursting above a red budget line with coins spilling over the top, A simple children's painting style, naive art, cute, minimalist, colorful crayon drawing, clear definition"
"to exchange"|"We exchanged phone numbers after the meeting."|"Two smiling people writing their phone numbers on slips of paper and handing them to each other, A simple children's painting style, naive art, cute, minimalist, colorful crayon drawing, clear definition"
"to exclude"|"The price excludes taxes and shipping."|"A price tag on a box with taxes and a delivery truck crossed out beside it, A simple children's painting style, naive art, cute, minimalist, colorful crayon drawing, clear definition"
"to excuse"|"Please excuse me, I need to take this call."|"A polite person raising one hand and stepping away from a group to answer a ringing phone, A simple children's painting style, naive art, cute, minimalist, colorful crayon drawing, clear definition"
"to execute"|"The team executed the plan perfectly."|"A happy team giving thumbs up next to a completed checklist with every item ticked off, A simple children's painting style, naive art, cute, minimalist, colorful crayon drawing, clear definition"
"to exercise"|"She exercises for thirty minutes every morning."|"A woman jogging energetically outdoors in the early morning sunshine with a timer showing thirty minutes, A simple children's painting style, naive art, cute, minimalist, colorful crayon drawing, clear definition"
"to exhaust"|"The long hike exhausted everyone."|"A group of tired hikers collapsed on the ground with droopy eyes after a long mountain trail, A simple children's painting style, naive art, cute, minimalist, colorful crayon drawing, clear definition"
"to exhibit"|"The museum is exhibiting local artists this month."|"Colorful paintings by local artists hanging on museum walls with visitors admiring them inside, A simple children's painting style, naive art, cute, minimalist, colorful crayon drawing, clear definition"
"to exist"|"I didn't know this restaurant existed until yesterday."|"A person discovering a charming little restaurant on a street corner with wide surprised eyes, A simple children's painting style, naive art, cute, minimalist, colorful crayon drawing, clear definition"
"to expand"|"The company plans to expand to three new cities."|"A map with a company logo and arrows pointing to three new cities marked with bright stars, A simple children's painting style, naive art, cute, minimalist, colorful crayon drawing, clear definition"
"to expect"|"I didn't expect so many people to show up."|"A person standing at a door with a shocked expression as a huge crowd of guests pours in, A simple children's painting style, naive art, cute, minimalist, colorful crayon drawing, clear definition"
"to experience"|"Have you ever experienced a power outage lasting days?"|"A family sitting in a dark house with candles lit, no electricity for days, A simple children's painting style, naive art, cute, minimalist, colorful crayon drawing, clear definition"
"to explain"|"Can you explain how this works?"|"A teacher pointing at a diagram on a blackboard explaining something to a student, A simple children's painting style, naive art, cute, minimalist, colorful crayon drawing, clear definition"
"to explode"|"The tire exploded while he was driving."|"A car on a road with a burst flat tire exploding, driver looking shocked, A simple children's painting style, naive art, cute, minimalist, colorful crayon drawing, clear definition"
"to exploit"|"Big companies sometimes exploit cheap labor."|"A large boss figure in a suit watching tiny workers laboring in a factory for very little pay, A simple children's painting style, naive art, cute, minimalist, colorful crayon drawing, clear definition"
"to explore"|"We spent the afternoon exploring the old town."|"Two friends walking through narrow cobblestone streets of a charming old town, A simple children's painting style, naive art, cute, minimalist, colorful crayon drawing, clear definition"
"to expose"|"The documentary exposed widespread corruption."|"A filmmaker pointing a camera at shadowy figures exchanging money in secret, A simple children's painting style, naive art, cute, minimalist, colorful crayon drawing, clear definition"
"to express"|"It's important to express how you feel."|"A person placing a hand on their chest speaking openly with a warm expression on their face, A simple children's painting style, naive art, cute, minimalist, colorful crayon drawing, clear definition"
"to extend"|"Can you extend the deadline by one week?"|"A person at a desk pointing to a calendar asking to move a deadline forward by one week, A simple children's painting style, naive art, cute, minimalist, colorful crayon drawing, clear definition"
"to face"|"She had to face her fears alone."|"A girl standing alone before a large dark shadow looming in front of her, looking brave, A simple children's painting style, naive art, cute, minimalist, colorful crayon drawing, clear definition"
"to facilitate"|"The teacher used games to facilitate learning."|"A cheerful teacher leading students in a fun board game inside a bright classroom, A simple children's painting style, naive art, cute, minimalist, colorful crayon drawing, clear definition"
"to fade"|"The colors on the shirt faded after washing."|"A once bright colorful shirt hanging on a clothesline looking pale and washed out, A simple children's painting style, naive art, cute, minimalist, colorful crayon drawing, clear definition"
"to fail"|"He failed the math test twice."|"A sad boy holding a math test paper with a big red F marked on it, A simple children's painting style, naive art, cute, minimalist, colorful crayon drawing, clear definition"
"to fall"|"She slipped and fell on the wet floor."|"A girl slipping on a wet floor with a yellow caution sign nearby, A simple children's painting style, naive art, cute, minimalist, colorful crayon drawing, clear definition"
"to favor"|"The coach tends to favor the older players."|"A coach handing a trophy to an older player while younger players watch from the bench, A simple children's painting style, naive art, cute, minimalist, colorful crayon drawing, clear definition"
"to fear"|"He fears losing his job."|"A worried man at his office desk clutching papers with a fearful expression, A simple children's painting style, naive art, cute, minimalist, colorful crayon drawing, clear definition"
"to feature"|"The new phone features a better camera."|"A shiny new smartphone with a large camera lens highlighted and glowing on the back, A simple children's painting style, naive art, cute, minimalist, colorful crayon drawing, clear definition"
"to feed"|"She feeds her cat twice a day."|"A smiling woman pouring cat food into a bowl while a happy cat waits eagerly, A simple children's painting style, naive art, cute, minimalist, colorful crayon drawing, clear definition"
"to feel"|"I feel tired after work."|"A person slouching on a couch looking exhausted after a long day at work, A simple children's painting style, naive art, cute, minimalist, colorful crayon drawing, clear definition"
"to fight"|"The brothers fight over the remote control."|"Two young brothers tugging at a TV remote control on a living room sofa, A simple children's painting style, naive art, cute, minimalist, colorful crayon drawing, clear definition"
"to figure"|"I can't figure out how this app works."|"A confused person staring at a smartphone screen with question marks floating above their head, A simple children's painting style, naive art, cute, minimalist, colorful crayon drawing, clear definition"
"to file"|"She filed her taxes online this year."|"A woman at a laptop submitting a tax form on a government website, A simple children's painting style, naive art, cute, minimalist, colorful crayon drawing, clear definition"
"to fill"|"Fill the glass with water, please."|"A hand pouring water from a pitcher into a tall clear glass on a table, A simple children's painting style, naive art, cute, minimalist, colorful crayon drawing, clear definition"
"to finance"|"They financed the house over 30 years."|"A couple signing loan papers in front of a new house with a bank sign nearby, A simple children's painting style, naive art, cute, minimalist, colorful crayon drawing, clear definition"
"to find"|"I can't find my keys anywhere."|"A person searching through couch cushions and looking around a messy room for lost keys, A simple children's painting style, naive art, cute, minimalist, colorful crayon drawing, clear definition"
"to finish"|"Did you finish your homework?"|"A child closing a notebook and putting down a pencil with a completed homework sheet, A simple children's painting style, naive art, cute, minimalist, colorful crayon drawing, clear definition"
"to fire"|"The company fired ten employees last month."|"A stern boss at a desk handing a dismissal letter to a sad employee carrying a box, A simple children's painting style, naive art, cute, minimalist, colorful crayon drawing, clear definition"
"to fish"|"My dad loves to fish on weekends."|"A cheerful dad sitting by a calm lake holding a fishing rod on a sunny weekend, A simple children's painting style, naive art, cute, minimalist, colorful crayon drawing, clear definition"
"to fit"|"These jeans don't fit me anymore."|"A person struggling to button up a pair of tight jeans that no longer fit, A simple children's painting style, naive art, cute, minimalist, colorful crayon drawing, clear definition"
"to fix"|"Can you fix the leak under the sink?"|"A plumber crouching under a kitchen sink fixing a dripping leaking pipe, A simple children's painting style, naive art, cute, minimalist, colorful crayon drawing, clear definition"
"to flash"|"A light flashed in the dark hallway."|"A single bright flash of light glowing in a long dark hallway, A simple children's painting style, naive art, cute, minimalist, colorful crayon drawing, clear definition"
"to flee"|"The family had to flee the city during the storm."|"A family running away from a dark stormy city with lightning and heavy rain, A simple children's painting style, naive art, cute, minimalist, colorful crayon drawing, clear definition"
"to flip"|"He flipped the pancake perfectly."|"A smiling man tossing a round pancake high in the air above a frying pan, A simple children's painting style, naive art, cute, minimalist, colorful crayon drawing, clear definition"
"to float"|"The kids love to float on their backs in the pool."|"Two happy children floating on their backs in a bright blue swimming pool, A simple children's painting style, naive art, cute, minimalist, colorful crayon drawing, clear definition"
"to flood"|"Heavy rain flooded the streets downtown."|"Dark rain clouds pouring water onto downtown streets completely covered in floodwater, A simple children's painting style, naive art, cute, minimalist, colorful crayon drawing, clear definition"
"to flow"|"The river flows slowly through the valley."|"A gentle blue river flowing slowly through a green valley with rolling hills, A simple children's painting style, naive art, cute, minimalist, colorful crayon drawing, clear definition"
"to fly"|"We're flying to Miami on Friday."|"A colorful airplane flying through a sunny sky with a destination sign reading Miami, A simple children's painting style, naive art, cute, minimalist, colorful crayon drawing, clear definition"
"to focus"|"Try to focus on one task at a time."|"A person sitting at a desk staring intently at a single open notebook, one task visible, A simple children's painting style, naive art, cute, minimalist, colorful crayon drawing, clear definition"
"to fold"|"Fold the letter before putting it in the envelope."|"A pair of hands carefully folding a piece of paper next to an open envelope on a table, A simple children's painting style, naive art, cute, minimalist, colorful crayon drawing, clear definition"
"to follow"|"Follow the instructions carefully."|"A person reading a step-by-step instruction sheet and carefully following each step, A simple children's painting style, naive art, cute, minimalist, colorful crayon drawing, clear definition"
"to forbid"|"Her parents forbid her to stay out past midnight."|"Two parents pointing firmly at a clock showing midnight while their daughter stands at the door, A simple children's painting style, naive art, cute, minimalist, colorful crayon drawing, clear definition"
"to force"|"Don't force the door — it's stuck."|"A frustrated person pushing hard against a stuck closed door that will not open, A simple children's painting style, naive art, cute, minimalist, colorful crayon drawing, clear definition"
"to forget"|"I always forget to take my umbrella."|"A person walking out the door into rain leaving an umbrella standing forgotten by the entrance, A simple children's painting style, naive art, cute, minimalist, colorful crayon drawing, clear definition"
"to forgive"|"It took her years to forgive him."|"A woman and a man facing each other warmly shaking hands with a soft glowing light between them, A simple children's painting style, naive art, cute, minimalist, colorful crayon drawing, clear definition"
"to form"|"Ice forms when water gets cold enough."|"A glass of water turning into solid ice with snowflake patterns forming on its surface, A simple children's painting style, naive art, cute, minimalist, colorful crayon drawing, clear definition"
"to foster"|"The program fosters creativity in young students."|"A teacher encouraging young students who are painting and drawing colorful artwork at their desks, A simple children's painting style, naive art, cute, minimalist, colorful crayon drawing, clear definition"
"to found"|"He founded the company in his garage."|"A smiling man standing proudly in a garage next to a small sign with a company name on it, A simple children's painting style, naive art, cute, minimalist, colorful crayon drawing, clear definition"
"to frame"|"She framed the photo and hung it on the wall."|"A woman hanging a wooden-framed photograph onto a bright wall in her home, A simple children's painting style, naive art, cute, minimalist, colorful crayon drawing, clear definition"
"to free"|"The organization works to free political prisoners."|"A person opening a large cell door letting a prisoner walk out into bright sunlight, A simple children's painting style, naive art, cute, minimalist, colorful crayon drawing, clear definition"
"to freeze"|"Water freezes at 32 degrees Fahrenheit."|"A glass of water turning into a solid block of ice with a thermometer showing 32 degrees, A simple children's painting style, naive art, cute, minimalist, colorful crayon drawing, clear definition"
"to frown"|"She frowned when she saw the bill."|"A woman with a deep frown on her face holding a large restaurant bill in her hands, A simple children's painting style, naive art, cute, minimalist, colorful crayon drawing, clear definition"
"to frustrate"|"The slow internet frustrated everyone in the office."|"Several office workers throwing their hands up in frustration staring at frozen loading screens, A simple children's painting style, naive art, cute, minimalist, colorful crayon drawing, clear definition"
"to function"|"The elevator isn't functioning today."|"A broken elevator with an out of order sign on its closed doors in an office building hallway, A simple children's painting style, naive art, cute, minimalist, colorful crayon drawing, clear definition"
"to fund"|"The city funded the new school with tax money."|"A bright new school building with a city mayor cutting a ribbon holding a large check, A simple children's painting style, naive art, cute, minimalist, colorful crayon drawing, clear definition"
"to gain"|"She gained a lot of experience working abroad."|"A smiling woman at an international office holding a suitcase with travel stamps on her passport, A simple children's painting style, naive art, cute, minimalist, colorful crayon drawing, clear definition"
"to gather"|"The family gathered around the table for dinner."|"A happy family of four sitting together around a dinner table filled with food, A simple children's painting style, naive art, cute, minimalist, colorful crayon drawing, clear definition"
"to gaze"|"He gazed at the stars for a long time."|"A boy lying on grass at night looking up at a sky full of bright glowing stars, A simple children's painting style, naive art, cute, minimalist, colorful crayon drawing, clear definition"
"to generate"|"The solar panels generate enough energy for the whole house."|"Bright solar panels on a rooftop with glowing energy lines flowing into a cozy house below, A simple children's painting style, naive art, cute, minimalist, colorful crayon drawing, clear definition"
"to get"|"I need to get some groceries before dinner."|"A person pushing a shopping cart through a colorful grocery store filled with food, A simple children's painting style, naive art, cute, minimalist, colorful crayon drawing, clear definition"
"to give"|"She gave me a ride to work this morning."|"A smiling woman in a car giving a friend a lift driving toward an office building in the morning, A simple children's painting style, naive art, cute, minimalist, colorful crayon drawing, clear definition"
"to glance"|"He glanced at his phone during the meeting."|"A man secretly looking down at his glowing phone under a conference table during a meeting, A simple children's painting style, naive art, cute, minimalist, colorful crayon drawing, clear definition"
"to go"|"We usually go to the gym on Mondays."|"Two people carrying gym bags walking into a gym on a Monday morning, A simple children's painting style, naive art, cute, minimalist, colorful crayon drawing, clear definition"
"to govern"|"It's hard to govern a country during a crisis."|"A tired leader at a large desk surrounded by maps and worried advisors during a crisis, A simple children's painting style, naive art, cute, minimalist, colorful crayon drawing, clear definition"
"to grab"|"Can you grab me a glass of water?"|"A person reaching across a kitchen counter to hand a glass of water to someone, A simple children's painting style, naive art, cute, minimalist, colorful crayon drawing, clear definition"
"to graduate"|"She's going to graduate from college next year."|"A smiling young woman in cap and gown holding a diploma outside a college building, A simple children's painting style, naive art, cute, minimalist, colorful crayon drawing, clear definition"
"to grant"|"The company granted him two weeks off."|"A happy man receiving a printed vacation approval letter from a manager at an office desk, A simple children's painting style, naive art, cute, minimalist, colorful crayon drawing, clear definition"
"to grasp"|"He grasped the railing so he wouldn't fall."|"A man gripping a staircase railing tightly with both hands to keep from falling, A simple children's painting style, naive art, cute, minimalist, colorful crayon drawing, clear definition"
"to greet"|"She always greets customers with a smile."|"A smiling woman at a shop entrance welcoming customers with a warm wave, A simple children's painting style, naive art, cute, minimalist, colorful crayon drawing, clear definition"
"to grin"|"He grinned when he saw his birthday cake."|"A boy with a huge wide grin looking at a colorful birthday cake with lit candles, A simple children's painting style, naive art, cute, minimalist, colorful crayon drawing, clear definition"
"to grow"|"These tomatoes grow really fast in summer."|"Bright red tomatoes growing tall and fast on green vines under a hot summer sun, A simple children's painting style, naive art, cute, minimalist, colorful crayon drawing, clear definition"
"to guarantee"|"I can't guarantee the package will arrive on time."|"A worried delivery person shrugging beside a package with a question mark above it, A simple children's painting style, naive art, cute, minimalist, colorful crayon drawing, clear definition"
"to guard"|"Two officers were guarding the entrance."|"Two uniformed officers standing on either side of a building entrance looking alert, A simple children's painting style, naive art, cute, minimalist, colorful crayon drawing, clear definition"
"to guess"|"Just guess — there's no wrong answer."|"A child raising a hand with a big smile guessing an answer in a bright classroom, A simple children's painting style, naive art, cute, minimalist, colorful crayon drawing, clear definition"
"to guide"|"She guided us through the old part of the city."|"A woman pointing ahead while leading a small group through a narrow old cobblestone street, A simple children's painting style, naive art, cute, minimalist, colorful crayon drawing, clear definition"
"to hand"|"Can you hand me that pen?"|"A person stretching an arm out to pass a pen to someone sitting nearby at a desk, A simple children's painting style, naive art, cute, minimalist, colorful crayon drawing, clear definition"
"to handle"|"He handled the situation really well."|"A calm man with hands raised confidently settling a tense discussion between two people, A simple children's painting style, naive art, cute, minimalist, colorful crayon drawing, clear definition"
"to hang"|"I need to hang this picture on the wall."|"A person standing on a step stool hanging a framed picture on a living room wall, A simple children's painting style, naive art, cute, minimalist, colorful crayon drawing, clear definition"
"to happen"|"What happened to your car?"|"A person standing beside a dented car with a confused and worried expression on their face, A simple children's painting style, naive art, cute, minimalist, colorful crayon drawing, clear definition"
"to harm"|"Too much sun can harm your skin."|"A person with red sunburned skin sitting under a blazing sun without sunscreen or shade, A simple children's painting style, naive art, cute, minimalist, colorful crayon drawing, clear definition"
"to harvest"|"The farmers harvested the corn last week."|"Two farmers collecting tall golden corn stalks in a sunny field with a wooden cart, A simple children's painting style, naive art, cute, minimalist, colorful crayon drawing, clear definition"
"to hate"|"I hate waking up early on weekends."|"A grumpy person lying in bed with a pillow over their face while an alarm clock rings, A simple children's painting style, naive art, cute, minimalist, colorful crayon drawing, clear definition"
"to haul"|"They hauled all the furniture up to the third floor."|"Two people struggling to carry a heavy sofa up a staircase to a third floor apartment, A simple children's painting style, naive art, cute, minimalist, colorful crayon drawing, clear definition"
"to have"|"Do you have any plans for the weekend?"|"Two friends sitting at a cafe table chatting with a weekend calendar visible on the wall, A simple children's painting style, naive art, cute, minimalist, colorful crayon drawing, clear definition"
"to head"|"We're heading downtown after lunch."|"Two friends walking together toward a city skyline after leaving a restaurant at midday, A simple children's painting style, naive art, cute, minimalist, colorful crayon drawing, clear definition"
"to heal"|"It took months for the wound to heal."|"A healed arm with a faded scar next to a calendar showing several months crossed off, A simple children's painting style, naive art, cute, minimalist, colorful crayon drawing, clear definition"
"to hear"|"Did you hear that noise?"|"A person freezing mid-step with a hand cupped to their ear listening to a strange sound, A simple children's painting style, naive art, cute, minimalist, colorful crayon drawing, clear definition"
"to heat"|"Heat the soup before you eat it."|"A person stirring a steaming pot of soup on a kitchen stove before sitting down to eat, A simple children's painting style, naive art, cute, minimalist, colorful crayon drawing, clear definition"
"to help"|"My neighbor helped me move the couch."|"Two people together lifting and carrying a large couch through a living room doorway, A simple children's painting style, naive art, cute, minimalist, colorful crayon drawing, clear definition"
"to hesitate"|"Don't hesitate to call me if you need anything."|"A person holding a phone looking uncertain with a thought bubble showing someone calling for help, A simple children's painting style, naive art, cute, minimalist, colorful crayon drawing, clear definition"
"to hide"|"The kids were hiding behind the couch."|"Two giggling children crouching and hiding behind a large couch in a living room, A simple children's painting style, naive art, cute, minimalist, colorful crayon drawing, clear definition"
"to highlight"|"She highlighted the most important sentences."|"A girl using a bright yellow marker to highlight lines in an open book at a desk, A simple children's painting style, naive art, cute, minimalist, colorful crayon drawing, clear definition"
"to hike"|"We hiked for five hours through the forest."|"A group of people walking on a trail through a dense green forest with backpacks, A simple children's painting style, naive art, cute, minimalist, colorful crayon drawing, clear definition"
"to hire"|"They hired a new designer last month."|"Two smiling people shaking hands across a desk in an office, a portfolio open nearby, A simple children's painting style, naive art, cute, minimalist, colorful crayon drawing, clear definition"
"to hit"|"He hit his knee on the corner of the table."|"A man bumping his knee against the sharp corner of a wooden table, grimacing in pain, A simple children's painting style, naive art, cute, minimalist, colorful crayon drawing, clear definition"
"to hold"|"Can you hold my bag for a second?"|"A person handing a colorful bag to a friend who holds it with both hands, A simple children's painting style, naive art, cute, minimalist, colorful crayon drawing, clear definition"
"to honor"|"They held a ceremony to honor the veterans."|"A crowd gathered at an outdoor ceremony presenting medals to elderly veterans in uniform, A simple children's painting style, naive art, cute, minimalist, colorful crayon drawing, clear definition"
"to hook"|"She hooked the picture frame onto the nail."|"A woman hanging a picture frame onto a nail on a white wall, A simple children's painting style, naive art, cute, minimalist, colorful crayon drawing, clear definition"
"to hope"|"I hope it doesn't rain tomorrow."|"A person looking out a window at cloudy skies with fingers crossed and a hopeful expression, A simple children's painting style, naive art, cute, minimalist, colorful crayon drawing, clear definition"
"to host"|"They're hosting a dinner party on Saturday."|"A smiling couple welcoming guests at the door of a home with a decorated dinner table inside, A simple children's painting style, naive art, cute, minimalist, colorful crayon drawing, clear definition"
"to house"|"The building houses over 200 families."|"A large apartment building with many lit windows showing families visible inside each unit, A simple children's painting style, naive art, cute, minimalist, colorful crayon drawing, clear definition"
"to hug"|"She hugged her daughter at the airport."|"A mother embracing her daughter tightly at an airport arrival gate with luggage nearby, A simple children's painting style, naive art, cute, minimalist, colorful crayon drawing, clear definition"
"to hunt"|"They used to hunt deer in the fall."|"Two hunters in orange vests walking through autumn woods with a deer visible among the trees, A simple children's painting style, naive art, cute, minimalist, colorful crayon drawing, clear definition"
"to hurry"|"Hurry up or we'll miss the bus."|"A child running toward a bus at a bus stop while checking a wristwatch urgently, A simple children's painting style, naive art, cute, minimalist, colorful crayon drawing, clear definition"
"to hurt"|"My back has been hurting all day."|"A person standing with one hand pressed against their lower back, a pained expression on their face, A simple children's painting style, naive art, cute, minimalist, colorful crayon drawing, clear definition"
"to identify"|"Can you identify which wire is broken?"|"A person leaning over a tangle of colorful wires pointing at one broken frayed wire, A simple children's painting style, naive art, cute, minimalist, colorful crayon drawing, clear definition"
"to ignore"|"She ignored his calls for two days."|"A woman sitting on a sofa looking away from a ringing phone on the table beside her, A simple children's painting style, naive art, cute, minimalist, colorful crayon drawing, clear definition"
"to illustrate"|"He used diagrams to illustrate his point."|"A man pointing to colorful diagrams drawn on a whiteboard while explaining to an audience, A simple children's painting style, naive art, cute, minimalist, colorful crayon drawing, clear definition"
"to imagine"|"Imagine waking up with no alarm."|"A person sleeping peacefully in bed with a thought bubble showing sunshine and no alarm clock, A simple children's painting style, naive art, cute, minimalist, colorful crayon drawing, clear definition"
"to implement"|"They plan to implement the new policy next month."|"Office workers gathered around a table reviewing a printed policy document with a calendar on the wall, A simple children's painting style, naive art, cute, minimalist, colorful crayon drawing, clear definition"
"to imply"|"Are you implying that I made a mistake?"|"Two people facing each other with one giving a skeptical sideways glance and raised eyebrow, A simple children's painting style, naive art, cute, minimalist, colorful crayon drawing, clear definition"
"to impose"|"Don't impose your opinions on others."|"A person forcefully pushing their speech bubble of words onto another person who looks uncomfortable, A simple children's painting style, naive art, cute, minimalist, colorful crayon drawing, clear definition"
"to impress"|"She impressed everyone with her presentation."|"A woman at a podium giving a presentation while the audience claps with wide amazed eyes, A simple children's painting style, naive art, cute, minimalist, colorful crayon drawing, clear definition"
"to improve"|"I want to improve my English this year."|"A student studying an English book at a desk with a progress chart showing growth on the wall, A simple children's painting style, naive art, cute, minimalist, colorful crayon drawing, clear definition"
"to include"|"Does the price include breakfast?"|"A hotel guest pointing at a menu price tag while a waiter gestures toward a breakfast buffet, A simple children's painting style, naive art, cute, minimalist, colorful crayon drawing, clear definition"
"to incorporate"|"We need to incorporate your feedback into the report."|"A person adding sticky note comments into a printed report spread open on a desk, A simple children's painting style, naive art, cute, minimalist, colorful crayon drawing, clear definition"
"to increase"|"The company increased its prices last quarter."|"A store shelf with price tags showing higher numbers and an upward arrow on a graph nearby, A simple children's painting style, naive art, cute, minimalist, colorful crayon drawing, clear definition"
"to indicate"|"The sign indicates the exit is on the left."|"A large arrow sign on a wall clearly pointing left toward an exit door in a hallway, A simple children's painting style, naive art, cute, minimalist, colorful crayon drawing, clear definition"
"to influence"|"Music can deeply influence your mood."|"A person listening to headphones with colorful musical notes swirling around and a smile spreading across their face, A simple children's painting style, naive art, cute, minimalist, colorful crayon drawing, clear definition"
"to inform"|"Please inform me when the package arrives."|"A delivery person ringing a doorbell holding a package while the resident waits by a phone inside, A simple children's painting style, naive art, cute, minimalist, colorful crayon drawing, clear definition"
"to inherit"|"She inherited the house from her grandmother."|"A young woman receiving a house key from an elderly grandmother standing in front of a cozy house, A simple children's painting style, naive art, cute, minimalist, colorful crayon drawing, clear definition"
"to initiate"|"He initiated the conversation with a joke."|"A smiling man leaning toward a group of people opening his mouth to speak, everyone beginning to laugh, A simple children's painting style, naive art, cute, minimalist, colorful crayon drawing, clear definition"
"to injure"|"He injured his knee during the game."|"A soccer player grabbing his knee in pain on a green field during a game, A simple children's painting style, naive art, cute, minimalist, colorful crayon drawing, clear definition"
"to insert"|"Insert your card into the machine."|"A hand sliding a bank card into an ATM machine slot, A simple children's painting style, naive art, cute, minimalist, colorful crayon drawing, clear definition"
"to insist"|"She insisted on paying for dinner."|"A smiling woman holding out money to pay a restaurant bill while others gesture no, A simple children's painting style, naive art, cute, minimalist, colorful crayon drawing, clear definition"
"to inspire"|"His story inspired me to keep going."|"A person telling a story to a listening friend who looks motivated and hopeful, A simple children's painting style, naive art, cute, minimalist, colorful crayon drawing, clear definition"
"to install"|"Can you help me install this app?"|"A person tapping an install button on a smartphone screen while a friend watches, A simple children's painting style, naive art, cute, minimalist, colorful crayon drawing, clear definition"
"to instruct"|"The teacher instructed the students to open their books."|"A teacher at the front of a classroom pointing to students who open their textbooks, A simple children's painting style, naive art, cute, minimalist, colorful crayon drawing, clear definition"
"to integrate"|"The new employee integrated well with the team."|"A smiling new worker shaking hands and laughing with a group of cheerful coworkers, A simple children's painting style, naive art, cute, minimalist, colorful crayon drawing, clear definition"
"to intend"|"I intend to finish this project by Friday."|"A person at a desk pointing to a calendar marked Friday next to an unfinished project, A simple children's painting style, naive art, cute, minimalist, colorful crayon drawing, clear definition"
"to interact"|"Kids need to interact with others their age."|"Two children playing and talking together happily on a colorful playground, A simple children's painting style, naive art, cute, minimalist, colorful crayon drawing, clear definition"
"to interfere"|"Stop interfering in my personal life."|"A person pushing away another who is nosily leaning into their private conversation, A simple children's painting style, naive art, cute, minimalist, colorful crayon drawing, clear definition"
"to interpret"|"It's hard to interpret what he meant."|"A person scratching their head with a large question mark while reading a confusing note, A simple children's painting style, naive art, cute, minimalist, colorful crayon drawing, clear definition"
"to interrupt"|"Please don't interrupt me while I'm talking."|"A person talking while another jumps in to speak and the first holds up a hand, A simple children's painting style, naive art, cute, minimalist, colorful crayon drawing, clear definition"
"to interview"|"They interviewed ten candidates this morning."|"Two people at a desk interviewing a candidate with a long line of people waiting outside, A simple children's painting style, naive art, cute, minimalist, colorful crayon drawing, clear definition"
"to introduce"|"Let me introduce you to my sister."|"A smiling person gesturing between two people who are meeting and shaking hands, A simple children's painting style, naive art, cute, minimalist, colorful crayon drawing, clear definition"
"to invade"|"The ants invaded the kitchen overnight."|"A kitchen counter covered in a trail of tiny ants marching toward food at night, A simple children's painting style, naive art, cute, minimalist, colorful crayon drawing, clear definition"
"to invent"|"Who invented the telephone?"|"A person in old-fashioned clothes holding up the first telephone with a bright light bulb above, A simple children's painting style, naive art, cute, minimalist, colorful crayon drawing, clear definition"
"to invest"|"He decided to invest in real estate."|"A man shaking hands with an agent in front of a house with a sold sign, A simple children's painting style, naive art, cute, minimalist, colorful crayon drawing, clear definition"
"to investigate"|"The police are investigating the incident."|"Two police officers with magnifying glasses examining clues at an outdoor scene, A simple children's painting style, naive art, cute, minimalist, colorful crayon drawing, clear definition"
"to invite"|"Did you invite her to the party?"|"A person handing a colorful party invitation card to a smiling friend, A simple children's painting style, naive art, cute, minimalist, colorful crayon drawing, clear definition"
"to involve"|"The project involves a lot of teamwork."|"A group of people around a table working together on a shared project with papers and ideas, A simple children's painting style, naive art, cute, minimalist, colorful crayon drawing, clear definition"
"to isolate"|"The doctor asked him to isolate for five days."|"A person alone in a cozy room with a door closed and a doctor outside holding five fingers up, A simple children's painting style, naive art, cute, minimalist, colorful crayon drawing, clear definition"
"to issue"|"The bank will issue a new card within a week."|"A bank teller handing a brand new credit card to a customer across a counter, A simple children's painting style, naive art, cute, minimalist, colorful crayon drawing, clear definition"
"to join"|"Do you want to join us for lunch?"|"A person waving to a friend to come sit at a lunch table with a cheerful group, A simple children's painting style, naive art, cute, minimalist, colorful crayon drawing, clear definition"
"to joke"|"He was just joking — don't take it seriously."|"A laughing boy holding his hands up as a friend looks surprised by a harmless prank, A simple children's painting style, naive art, cute, minimalist, colorful crayon drawing, clear definition"
"to judge"|"Don't judge a book by its cover."|"A person frowning at a plain book cover while colorful exciting pages fan open inside, A simple children's painting style, naive art, cute, minimalist, colorful crayon drawing, clear definition"
"to jump"|"The kids love to jump on the trampoline."|"Two happy children bouncing high in the air on a round backyard trampoline, A simple children's painting style, naive art, cute, minimalist, colorful crayon drawing, clear definition"
"to justify"|"How can you justify spending that much money?"|"A person holding a huge receipt while another stands with arms crossed looking skeptical, A simple children's painting style, naive art, cute, minimalist, colorful crayon drawing, clear definition"
"to keep"|"Keep the change."|"A smiling cashier pushing coins across a counter toward a customer who waves them away, A simple children's painting style, naive art, cute, minimalist, colorful crayon drawing, clear definition"
"to kick"|"He kicked the ball into the goal."|"A boy kicking a soccer ball that flies into the net of a goal on a green field, A simple children's painting style, naive art, cute, minimalist, colorful crayon drawing, clear definition"
"to kid"|"I'm just kidding — relax!"|"A laughing person waving their hands reassuringly while a friend starts to smile in relief, A simple children's painting style, naive art, cute, minimalist, colorful crayon drawing, clear definition"
"to kill"|"The cold weather killed all my plants."|"Wilted brown dead plants in pots surrounded by snowflakes and cold air, A simple children's painting style, naive art, cute, minimalist, colorful crayon drawing, clear definition"
"to kiss"|"She kissed him on the cheek."|"A smiling woman leaning in to kiss a man on the cheek, A simple children's painting style, naive art, cute, minimalist, colorful crayon drawing, clear definition"
"to kneel"|"He knelt down to tie his shoes."|"A boy kneeling on the floor tying the laces of his sneakers, A simple children's painting style, naive art, cute, minimalist, colorful crayon drawing, clear definition"
"to knock"|"Someone is knocking at the door."|"A person standing outside a door with fist raised knocking on it, A simple children's painting style, naive art, cute, minimalist, colorful crayon drawing, clear definition"
"to know"|"Do you know what time it is?"|"A person shrugging and looking at a blank wristwatch with a question mark above, A simple children's painting style, naive art, cute, minimalist, colorful crayon drawing, clear definition"
"to label"|"Label each box before you pack it."|"A person writing a label and sticking it onto a cardboard box before packing, A simple children's painting style, naive art, cute, minimalist, colorful crayon drawing, clear definition"
"to lack"|"The project lacks a clear deadline."|"A whiteboard with a project plan and a big empty blank space where a deadline should be, A simple children's painting style, naive art, cute, minimalist, colorful crayon drawing, clear definition"
"to land"|"The plane landed safely."|"A small airplane touching down on a runway with a gentle smooth landing, A simple children's painting style, naive art, cute, minimalist, colorful crayon drawing, clear definition"
"to last"|"The battery lasts two days."|"A battery with a calendar showing two days marked next to it, A simple children's painting style, naive art, cute, minimalist, colorful crayon drawing, clear definition"
"to laugh"|"We laughed at the same joke."|"Two friends sitting together laughing with open mouths at the same joke, A simple children's painting style, naive art, cute, minimalist, colorful crayon drawing, clear definition"
"to launch"|"They launched a new app last week."|"Two people on a stage unveiling a giant smartphone screen showing a brand new app, A simple children's painting style, naive art, cute, minimalist, colorful crayon drawing, clear definition"
"to lay"|"She laid the baby on the bed."|"A woman gently placing a sleeping baby down onto a soft bed, A simple children's painting style, naive art, cute, minimalist, colorful crayon drawing, clear definition"
"to lead"|"He leads the team every morning."|"A confident man walking ahead of a group of people at the start of the morning, A simple children's painting style, naive art, cute, minimalist, colorful crayon drawing, clear definition"
"to lean"|"She leaned against the wall."|"A relaxed woman leaning her back against a flat wall with arms loosely at her sides, A simple children's painting style, naive art, cute, minimalist, colorful crayon drawing, clear definition"
"to leap"|"The cat leaped onto the table."|"A cat jumping through the air and landing on top of a wooden table, A simple children's painting style, naive art, cute, minimalist, colorful crayon drawing, clear definition"
"to learn"|"I'm learning to drive."|"A nervous young person sitting behind a steering wheel in a car with an instructor beside them, A simple children's painting style, naive art, cute, minimalist, colorful crayon drawing, clear definition"
"to leave"|"He left home at seven."|"A man walking out the front door of a house with a clock on the wall showing seven, A simple children's painting style, naive art, cute, minimalist, colorful crayon drawing, clear definition"
"to lend"|"Can you lend me your charger?"|"A person handing a phone charger to a friend who is holding a dead phone, A simple children's painting style, naive art, cute, minimalist, colorful crayon drawing, clear definition"
"to let"|"Let me know when you arrive."|"A person sending a text message on a phone with a small map and arrival pin in background, A simple children's painting style, naive art, cute, minimalist, colorful crayon drawing, clear definition"
"to lie"|"She's lying on the couch."|"A woman lying stretched out and relaxed on a cozy living room couch, A simple children's painting style, naive art, cute, minimalist, colorful crayon drawing, clear definition"
"to lift"|"He lifted the box by himself."|"A man straining to lift a large heavy cardboard box above the ground by himself, A simple children's painting style, naive art, cute, minimalist, colorful crayon drawing, clear definition"
"to light"|"She lit a candle during the storm."|"A woman lighting a candle with a match while rain and lightning flash outside the window, A simple children's painting style, naive art, cute, minimalist, colorful crayon drawing, clear definition"
"to like"|"I really like this neighborhood."|"A happy person walking down a charming colorful neighborhood street smiling with delight, A simple children's painting style, naive art, cute, minimalist, colorful crayon drawing, clear definition"
"to limit"|"Try to limit your screen time."|"A child in front of a glowing screen with a clock and a stop hand symbol overhead, A simple children's painting style, naive art, cute, minimalist, colorful crayon drawing, clear definition"
"to line"|"People lined up outside the store."|"Several people standing in a neat orderly queue outside the entrance of a store, A simple children's painting style, naive art, cute, minimalist, colorful crayon drawing, clear definition"
"to link"|"This road links two cities."|"A long road stretching between two small colorful cities on either side, A simple children's painting style, naive art, cute, minimalist, colorful crayon drawing, clear definition"
"to list"|"List everything you need to buy."|"A person writing a shopping list on paper with several items written down, A simple children's painting style, naive art, cute, minimalist, colorful crayon drawing, clear definition"
"to listen"|"Listen, I need to tell you something."|"Two people facing each other with one leaning in to speak and the other listening attentively, A simple children's painting style, naive art, cute, minimalist, colorful crayon drawing, clear definition"
"to live"|"They live in a small apartment."|"A couple standing happily in front of a small cozy apartment building, A simple children's painting style, naive art, cute, minimalist, colorful crayon drawing, clear definition"
"to load"|"He loaded the bags into the car."|"A man lifting and placing several bags and suitcases into the open trunk of a car, A simple children's painting style, naive art, cute, minimalist, colorful crayon drawing, clear definition"
"to locate"|"I can't locate my keys."|"A confused person searching through pockets and bags, keys hidden nearby on a table, A simple children's painting style, naive art, cute, minimalist, colorful crayon drawing, clear definition"
"to lock"|"Did you lock the door?"|"A person turning a key in a front door lock before leaving the house, A simple children's painting style, naive art, cute, minimalist, colorful crayon drawing, clear definition"
"to look"|"Look at that sunset!"|"A child pointing excitedly at a bright orange and pink sunset over the horizon, A simple children's painting style, naive art, cute, minimalist, colorful crayon drawing, clear definition"
"to lose"|"I always lose my glasses."|"A frustrated person searching everywhere while glasses sit unseen on top of their head, A simple children's painting style, naive art, cute, minimalist, colorful crayon drawing, clear definition"
"to love"|"She loves cooking on weekends."|"A happy woman smiling while cooking a big pot of food in a sunny kitchen, A simple children's painting style, naive art, cute, minimalist, colorful crayon drawing, clear definition"
"to lower"|"He lowered his voice in the library."|"A man leaning in to whisper quietly inside a library surrounded by tall bookshelves, A simple children's painting style, naive art, cute, minimalist, colorful crayon drawing, clear definition"
"to maintain"|"It's hard to maintain a routine."|"A person checking off items on a daily schedule chart pinned to the wall, A simple children's painting style, naive art, cute, minimalist, colorful crayon drawing, clear definition"
"to make"|"I'll make coffee for everyone."|"A cheerful person pouring fresh coffee into multiple cups lined up on a kitchen counter, A simple children's painting style, naive art, cute, minimalist, colorful crayon drawing, clear definition"
"to manage"|"How do you manage to do it all?"|"A busy person juggling a calendar, laptop, phone, and coffee cup all at once, A simple children's painting style, naive art, cute, minimalist, colorful crayon drawing, clear definition"
"to manipulate"|"He manipulates people to get what he wants."|"A sneaky man pulling invisible strings attached to people around him like a puppet master, A simple children's painting style, naive art, cute, minimalist, colorful crayon drawing, clear definition"
"to march"|"The soldiers marched through the street."|"A row of soldiers in uniform marching in step down a wide city street, A simple children's painting style, naive art, cute, minimalist, colorful crayon drawing, clear definition"
"to mark"|"Mark the important paragraphs."|"A student using a bright yellow highlighter to mark lines in an open textbook, A simple children's painting style, naive art, cute, minimalist, colorful crayon drawing, clear definition"
"to market"|"They marketed the product on social media."|"Two people filming a product for a smartphone with colorful social media icons floating around, A simple children's painting style, naive art, cute, minimalist, colorful crayon drawing, clear definition"
"to marry"|"They got married last summer."|"A happy couple in wedding clothes holding hands under a flower arch on a sunny day, A simple children's painting style, naive art, cute, minimalist, colorful crayon drawing, clear definition"
"to match"|"These shoes don't match your outfit."|"A person holding mismatched colorful shoes next to a completely different patterned outfit, A simple children's painting style, naive art, cute, minimalist, colorful crayon drawing, clear definition"
"to matter"|"Your opinion really matters to me."|"Two friends sitting together, one speaking while the other listens closely with a warm smile, A simple children's painting style, naive art, cute, minimalist, colorful crayon drawing, clear definition"
"to mean"|"What does this word mean?"|"A child pointing at an unfamiliar word in a book with a big question mark above their head, A simple children's painting style, naive art, cute, minimalist, colorful crayon drawing, clear definition"
"to measure"|"Measure the table before you buy the cloth."|"A person stretching a measuring tape across the full length of a wooden dining table, A simple children's painting style, naive art, cute, minimalist, colorful crayon drawing, clear definition"
"to meet"|"We met at a coffee shop."|"Two smiling people shaking hands for the first time inside a cozy coffee shop, A simple children's painting style, naive art, cute, minimalist, colorful crayon drawing, clear definition"
"to melt"|"The ice cream melted in the sun."|"A dripping ice cream cone melting into a puddle on a hot sunny day outside, A simple children's painting style, naive art, cute, minimalist, colorful crayon drawing, clear definition"
"to mention"|"She didn't mention it to anyone."|"A woman zipping her lips closed while friends chat around her at a table, A simple children's painting style, naive art, cute, minimalist, colorful crayon drawing, clear definition"
"to mind"|"Do you mind if I sit here?"|"A person politely asking to sit down at a bench where someone else is already seated, A simple children's painting style, naive art, cute, minimalist, colorful crayon drawing, clear definition"
"to minimize"|"Minimize the risk by planning ahead."|"A person writing a careful step-by-step plan in a notebook with a small warning sign nearby, A simple children's painting style, naive art, cute, minimalist, colorful crayon drawing, clear definition"
"to miss"|"I really miss my hometown."|"A person sitting by a window looking sadly at a small framed photo of their hometown, A simple children's painting style, naive art, cute, minimalist, colorful crayon drawing, clear definition"
"to mix"|"Mix the flour with the eggs."|"A child stirring flour and cracked eggs together in a big mixing bowl in a kitchen, A simple children's painting style, naive art, cute, minimalist, colorful crayon drawing, clear definition"
"to model"|"She modeled the new collection."|"A woman walking confidently down a fashion runway wearing a bright stylish outfit, A simple children's painting style, naive art, cute, minimalist, colorful crayon drawing, clear definition"
"to modify"|"You can modify the settings anytime."|"A person adjusting sliders and toggles on a settings screen on a laptop computer, A simple children's painting style, naive art, cute, minimalist, colorful crayon drawing, clear definition"
"to monitor"|"The nurse monitors the patient's heart rate."|"A nurse watching a heart rate monitor screen beside a patient lying in a hospital bed, A simple children's painting style, naive art, cute, minimalist, colorful crayon drawing, clear definition"
"to motivate"|"Her speech motivated the whole team."|"A woman standing at a podium giving a passionate speech to a cheering excited crowd, A simple children's painting style, naive art, cute, minimalist, colorful crayon drawing, clear definition"
"to mount"|"He mounted the TV on the wall."|"A man using a drill to fix a flat screen television firmly onto a living room wall, A simple children's painting style, naive art, cute, minimalist, colorful crayon drawing, clear definition"
"to move"|"They moved to a new apartment last month."|"A family carrying boxes into a bright new apartment building, A simple children's painting style, naive art, cute, minimalist, colorful crayon drawing, clear definition"
"to murder"|"The detective investigated who murdered the victim."|"A detective with a magnifying glass examining clues at a crime scene, A simple children's painting style, naive art, cute, minimalist, colorful crayon drawing, clear definition"
"to mutter"|"He muttered something under his breath."|"A boy with his hand near his mouth mumbling quietly, small wavy lines near his lips, A simple children's painting style, naive art, cute, minimalist, colorful crayon drawing, clear definition"
"to name"|"They named their daughter Clara."|"Two smiling parents holding a baby with a name tag reading Clara, A simple children's painting style, naive art, cute, minimalist, colorful crayon drawing, clear definition"
"to need"|"I need more time to finish this."|"A stressed student at a desk with an unfinished paper pointing at a clock, A simple children's painting style, naive art, cute, minimalist, colorful crayon drawing, clear definition"
"to negotiate"|"They negotiated a better price with the supplier."|"Two people sitting across a table shaking hands over a price tag, A simple children's painting style, naive art, cute, minimalist, colorful crayon drawing, clear definition"
"to nod"|"She nodded to show she understood."|"A girl nodding her head with a smile and a thought bubble showing understanding, A simple children's painting style, naive art, cute, minimalist, colorful crayon drawing, clear definition"
"to note"|"Please note that the meeting starts at nine."|"A person pointing at a wall clock showing nine while others write on notepads, A simple children's painting style, naive art, cute, minimalist, colorful crayon drawing, clear definition"
"to notice"|"Did you notice she changed her hair?"|"A boy looking surprised at a girl with a new colorful hairstyle, A simple children's painting style, naive art, cute, minimalist, colorful crayon drawing, clear definition"
"to object"|"He objected to the new company policy."|"A man standing in an office raising his hand in disagreement at a posted policy sign, A simple children's painting style, naive art, cute, minimalist, colorful crayon drawing, clear definition"
"to observe"|"Scientists observed the behavior of the bees."|"Two scientists with clipboards watching bees flying around a beehive outdoors, A simple children's painting style, naive art, cute, minimalist, colorful crayon drawing, clear definition"
"to obtain"|"She obtained her driver's license last week."|"A happy woman holding up a driver's license at a counter, A simple children's painting style, naive art, cute, minimalist, colorful crayon drawing, clear definition"
"to occupy"|"The kids occupied the living room all afternoon."|"Several children playing with toys spread across a cozy living room floor, A simple children's painting style, naive art, cute, minimalist, colorful crayon drawing, clear definition"
"to occur"|"The accident occurred early in the morning."|"Two cars bumped together on an empty street under a pale morning sky, A simple children's painting style, naive art, cute, minimalist, colorful crayon drawing, clear definition"
"to offer"|"He offered to drive her home."|"A smiling man pointing to his car and gesturing an offer to a woman, A simple children's painting style, naive art, cute, minimalist, colorful crayon drawing, clear definition"
"to open"|"Can you open the window? It's hot in here."|"A sweating person reaching up to open a window in a sunny warm room, A simple children's painting style, naive art, cute, minimalist, colorful crayon drawing, clear definition"
"to operate"|"The surgeon operated on the patient for three hours."|"A surgeon in scrubs and mask performing an operation in a bright hospital room, A simple children's painting style, naive art, cute, minimalist, colorful crayon drawing, clear definition"
"to oppose"|"Many residents opposed the construction of the new highway."|"A group of people holding protest signs in front of highway construction machinery, A simple children's painting style, naive art, cute, minimalist, colorful crayon drawing, clear definition"
"to opt"|"She opted for the vegetarian meal."|"A woman at a cafeteria counter pointing to a plate of colorful vegetables, A simple children's painting style, naive art, cute, minimalist, colorful crayon drawing, clear definition"
"to order"|"He ordered a burger and fries."|"A boy at a diner counter smiling and pointing to a burger and fries on the menu, A simple children's painting style, naive art, cute, minimalist, colorful crayon drawing, clear definition"
"to organize"|"She organized all the files by date."|"A woman arranging labeled folders neatly in a row on a desk, A simple children's painting style, naive art, cute, minimalist, colorful crayon drawing, clear definition"
"to outline"|"The teacher outlined the main topics of the course."|"A teacher writing a numbered list of topics on a classroom chalkboard, A simple children's painting style, naive art, cute, minimalist, colorful crayon drawing, clear definition"
"to overcome"|"He overcame his fear of public speaking."|"A confident man smiling while speaking at a podium in front of a small audience, A simple children's painting style, naive art, cute, minimalist, colorful crayon drawing, clear definition"
"to overlook"|"The manager overlooked a serious mistake in the report."|"A manager skimming past a page with a big red error circled on it, A simple children's painting style, naive art, cute, minimalist, colorful crayon drawing, clear definition"
"to oversee"|"She oversees a team of fifteen employees."|"A woman standing confidently watching over a busy open office with many workers, A simple children's painting style, naive art, cute, minimalist, colorful crayon drawing, clear definition"
"to overwhelm"|"The amount of homework overwhelmed him."|"A boy buried under a huge pile of books and papers looking exhausted, A simple children's painting style, naive art, cute, minimalist, colorful crayon drawing, clear definition"
"to owe"|"I owe you twenty dollars."|"A boy handing a twenty dollar bill to a friend with an apologetic smile, A simple children's painting style, naive art, cute, minimalist, colorful crayon drawing, clear definition"
"to own"|"She owns a small bakery downtown."|"A proud woman standing at the entrance of a small cozy bakery on a city street, A simple children's painting style, naive art, cute, minimalist, colorful crayon drawing, clear definition"
"to pack"|"Don't forget to pack your charger."|"A child placing a phone charger into an open suitcase on a bed, A simple children's painting style, naive art, cute, minimalist, colorful crayon drawing, clear definition"
"to paint"|"They painted the bedroom walls light blue."|"Two people with rollers painting a bedroom wall a soft light blue color, A simple children's painting style, naive art, cute, minimalist, colorful crayon drawing, clear definition"
"to park"|"You can't park here after six."|"A car stopped near a no parking sign showing six o clock on a street, A simple children's painting style, naive art, cute, minimalist, colorful crayon drawing, clear definition"
"to participate"|"Everyone is encouraged to participate in the discussion."|"A group of people sitting in a circle raising hands and talking during a discussion, A simple children's painting style, naive art, cute, minimalist, colorful crayon drawing, clear definition"
"to pass"|"She passed the salt without saying a word."|"A woman silently handing a salt shaker across a dinner table to another person, A simple children's painting style, naive art, cute, minimalist, colorful crayon drawing, clear definition"
"to pat"|"He patted the dog on the head."|"A smiling boy gently placing his hand on top of a happy dog s head, A simple children's painting style, naive art, cute, minimalist, colorful crayon drawing, clear definition"
"to pause"|"She paused before answering the question."|"A woman sitting at a desk with hand on chin pausing thoughtfully before speaking, A simple children's painting style, naive art, cute, minimalist, colorful crayon drawing, clear definition"
"to pay"|"I'll pay for dinner tonight."|"A person smiling and handing money to a waiter at a restaurant dinner table, A simple children's painting style, naive art, cute, minimalist, colorful crayon drawing, clear definition"
"to peel"|"Can you peel the potatoes for me?"|"A child using a peeler to remove the skin from a potato over a kitchen bowl, A simple children's painting style, naive art, cute, minimalist, colorful crayon drawing, clear definition"
"to peer"|"He peered through the window to see who was outside."|"A curious boy leaning close and peering through a glass window looking outside, A simple children's painting style, naive art, cute, minimalist, colorful crayon drawing, clear definition"
"to perceive"|"She perceived a change in his behavior."|"A woman looking attentively at a man with a puzzled thoughtful expression noticing something different, A simple children's painting style, naive art, cute, minimalist, colorful crayon drawing, clear definition"
"to perform"|"The band performed three songs at the event."|"A band playing guitars and drums on a stage in front of a cheering crowd, A simple children's painting style, naive art, cute, minimalist, colorful crayon drawing, clear definition"
"to permit"|"Photography is not permitted inside the museum."|"A museum guard holding up a hand to stop a visitor from taking a photo inside, A simple children's painting style, naive art, cute, minimalist, colorful crayon drawing, clear definition"
"to persist"|"She persisted until she found the right answer."|"A girl sitting at a desk surrounded by crumpled papers still writing and trying hard, A simple children's painting style, naive art, cute, minimalist, colorful crayon drawing, clear definition"
"to persuade"|"He persuaded his parents to let him go to the party."|"A boy talking and gesturing enthusiastically to his parents who are smiling and nodding, A simple children's painting style, naive art, cute, minimalist, colorful crayon drawing, clear definition"
"to photograph"|"She photographed every dish before eating."|"A woman holding a camera up to photograph a colorful plate of food on a restaurant table, A simple children's painting style, naive art, cute, minimalist, colorful crayon drawing, clear definition"
"to pick"|"Pick whichever seat you like."|"A person standing in an empty theater looking at many available seats deciding where to sit, A simple children's painting style, naive art, cute, minimalist, colorful crayon drawing, clear definition"
"to picture"|"I can't picture him as a doctor."|"A person looking at a friend wearing casual clothes with a blurry imagined doctor coat fading away, A simple children's painting style, naive art, cute, minimalist, colorful crayon drawing, clear definition"
"to pile"|"He piled all the clothes on the bed."|"A boy stacking a tall messy pile of colorful clothes onto a bed, A simple children's painting style, naive art, cute, minimalist, colorful crayon drawing, clear definition"
"to pitch"|"He pitched the idea to his boss."|"A man standing in front of a whiteboard presenting an idea to a seated boss in an office, A simple children's painting style, naive art, cute, minimalist, colorful crayon drawing, clear definition"
"to place"|"She placed the keys on the table."|"A woman carefully setting a set of keys down onto a wooden table, A simple children's painting style, naive art, cute, minimalist, colorful crayon drawing, clear definition"
"to plan"|"We're planning a trip for next month."|"Two people sitting together looking at a map and calendar planning a vacation trip, A simple children's painting style, naive art, cute, minimalist, colorful crayon drawing, clear definition"
"to plant"|"He planted tomatoes in the backyard."|"A man kneeling in a sunny backyard garden carefully planting small tomato seedlings in soil, A simple children's painting style, naive art, cute, minimalist, colorful crayon drawing, clear definition"
"to play"|"The kids are playing outside."|"Two happy children running and playing together in a sunny outdoor yard, A simple children's painting style, naive art, cute, minimalist, colorful crayon drawing, clear definition"
"to plead"|"She pleaded with him to stay."|"A woman with hands clasped together looking up and pleading with a man near a door, A simple children's painting style, naive art, cute, minimalist, colorful crayon drawing, clear definition"
"to please"|"I just want to please my parents."|"A child smiling and presenting a good report card to two proud and happy parents, A simple children's painting style, naive art, cute, minimalist, colorful crayon drawing, clear definition"
"to plunge"|"He plunged into the cold water."|"A boy jumping and diving headfirst into a bright blue pool of cold water splashing, A simple children's painting style, naive art, cute, minimalist, colorful crayon drawing, clear definition"
"to point"|"She pointed at the sign on the wall."|"A girl extending her finger pointing directly at a colorful sign hanging on a wall, A simple children's painting style, naive art, cute, minimalist, colorful crayon drawing, clear definition"
"to poke"|"Stop poking me in the arm."|"A child poking another child in the arm with one finger while the other looks annoyed, A simple children's painting style, naive art, cute, minimalist, colorful crayon drawing, clear definition"
"to pop"|"The balloon popped and scared everyone."|"A red balloon bursting loudly while people around it jump back in surprise and fright, A simple children's painting style, naive art, cute, minimalist, colorful crayon drawing, clear definition"
"to portray"|"The actor portrayed a ruthless villain."|"An actor on stage in a dark dramatic costume performing as a menacing villain character, A simple children's painting style, naive art, cute, minimalist, colorful crayon drawing, clear definition"
"to pose"|"She posed for a photo in front of the museum."|"A smiling woman striking a pose in front of a large museum building for a photo, A simple children's painting style, naive art, cute, minimalist, colorful crayon drawing, clear definition"
"to position"|"He positioned the chair near the window."|"A man carefully placing a wooden chair next to a sunlit window, A simple children's painting style, naive art, cute, minimalist, colorful crayon drawing, clear definition"
"to possess"|"She possesses a rare talent for music."|"A girl playing violin on a stage with golden musical notes glowing around her, A simple children's painting style, naive art, cute, minimalist, colorful crayon drawing, clear definition"
"to post"|"He posted a photo on social media."|"A boy holding a phone uploading a photo with a thumbs up icon appearing on screen, A simple children's painting style, naive art, cute, minimalist, colorful crayon drawing, clear definition"
"to pound"|"She pounded the dough on the counter."|"A woman using both fists to pound soft dough on a kitchen counter with flour flying, A simple children's painting style, naive art, cute, minimalist, colorful crayon drawing, clear definition"
"to pour"|"Can you pour me a glass of water?"|"A hand tilting a pitcher pouring clear water into a tall glass on a table, A simple children's painting style, naive art, cute, minimalist, colorful crayon drawing, clear definition"
"to practice"|"He practices guitar every morning."|"A boy sitting on his bed strumming a guitar with morning sunlight coming through the window, A simple children's painting style, naive art, cute, minimalist, colorful crayon drawing, clear definition"
"to praise"|"The teacher praised her for the great essay."|"A smiling teacher holding up a paper with a gold star and patting a happy girl on the shoulder, A simple children's painting style, naive art, cute, minimalist, colorful crayon drawing, clear definition"
"to pray"|"They pray together every Sunday."|"A family holding hands with eyes closed praying together in a sunny living room on Sunday, A simple children's painting style, naive art, cute, minimalist, colorful crayon drawing, clear definition"
"to preach"|"He preaches at a small church downtown."|"A man standing at a wooden podium speaking to a small congregation inside a little church, A simple children's painting style, naive art, cute, minimalist, colorful crayon drawing, clear definition"
"to predict"|"Nobody could predict what would happen next."|"A group of confused people shrugging in front of a giant question mark floating in the air, A simple children's painting style, naive art, cute, minimalist, colorful crayon drawing, clear definition"
"to prefer"|"I prefer coffee over tea."|"A person pushing away a teacup and pulling a steaming coffee mug closer with a big smile, A simple children's painting style, naive art, cute, minimalist, colorful crayon drawing, clear definition"
"to prepare"|"She prepared dinner for the whole family."|"A woman at a stove stirring a big pot while dishes and vegetables are laid out on the counter, A simple children's painting style, naive art, cute, minimalist, colorful crayon drawing, clear definition"
"to present"|"He presented his project to the class."|"A boy standing at the front of a classroom pointing to a poster while classmates watch and listen, A simple children's painting style, naive art, cute, minimalist, colorful crayon drawing, clear definition"
"to preserve"|"We need to preserve the forest."|"Two children hugging a tall green tree in a lush forest with a protective shield glowing around it, A simple children's painting style, naive art, cute, minimalist, colorful crayon drawing, clear definition"
"to press"|"Press the button to start the machine."|"A finger pressing a large round green button on a machine that lights up and starts running, A simple children's painting style, naive art, cute, minimalist, colorful crayon drawing, clear definition"
"to pretend"|"She pretended not to hear him."|"A girl looking away with a sly smile while a boy behind her waves his arms trying to get her attention, A simple children's painting style, naive art, cute, minimalist, colorful crayon drawing, clear definition"
"to prevail"|"Good sense prevailed in the end."|"A glowing light bulb floating above two arguing people who both suddenly smile and shake hands, A simple children's painting style, naive art, cute, minimalist, colorful crayon drawing, clear definition"
"to prevent"|"Wear sunscreen to prevent sunburn."|"A child squeezing white sunscreen onto their arm under a bright shining sun at the beach, A simple children's painting style, naive art, cute, minimalist, colorful crayon drawing, clear definition"
"to print"|"Can you print this document for me?"|"A hand pressing a button on a printer as white paper with text slides out of the machine, A simple children's painting style, naive art, cute, minimalist, colorful crayon drawing, clear definition"
"to proceed"|"Please proceed to the next step."|"A person on a path following numbered stepping stones moving forward toward a finish flag, A simple children's painting style, naive art, cute, minimalist, colorful crayon drawing, clear definition"
"to process"|"It took me a while to process the news."|"A person sitting quietly on a couch holding a newspaper with thought bubbles swirling slowly above their head, A simple children's painting style, naive art, cute, minimalist, colorful crayon drawing, clear definition"
"to proclaim"|"The mayor proclaimed a day of celebration."|"A mayor in a suit standing on a podium announcing to a cheerful crowd with colorful banners around, A simple children's painting style, naive art, cute, minimalist, colorful crayon drawing, clear definition"
"to produce"|"The factory produces thousands of units a day."|"A bright factory building with conveyor belts and rows of boxes coming out of a large machine, A simple children's painting style, naive art, cute, minimalist, colorful crayon drawing, clear definition"
"to program"|"She programmed the robot to sort packages."|"A girl at a computer typing code while a small robot nearby sorts colorful packages into boxes, A simple children's painting style, naive art, cute, minimalist, colorful crayon drawing, clear definition"
"to prohibit"|"Smoking is prohibited inside the building."|"A red no smoking sign on a glass door at the entrance of a building, A simple children's painting style, naive art, cute, minimalist, colorful crayon drawing, clear definition"
"to project"|"He projected his voice so everyone could hear."|"A boy on a stage with hands cupped around his mouth while sound waves reach a large smiling audience, A simple children's painting style, naive art, cute, minimalist, colorful crayon drawing, clear definition"
"to promise"|"She promised to call me after work."|"A woman raising one hand in a promise gesture while holding a phone with a smiling friend on screen, A simple children's painting style, naive art, cute, minimalist, colorful crayon drawing, clear definition"
"to promote"|"He was promoted to manager last year."|"A happy man in a suit receiving a badge that says manager from a boss in an office, A simple children's painting style, naive art, cute, minimalist, colorful crayon drawing, clear definition"
"to prompt"|"The teacher prompted him when he forgot his lines."|"A teacher whispering a word to a nervous boy standing on a stage who suddenly smiles with relief, A simple children's painting style, naive art, cute, minimalist, colorful crayon drawing, clear definition"
"to propose"|"He proposed to her on the beach at sunset."|"A man kneeling on a sandy beach holding an open ring box while a woman covers her mouth in surprise at sunset, A simple children's painting style, naive art, cute, minimalist, colorful crayon drawing, clear definition"
"to protect"|"She always protects her little brother."|"An older girl standing in front of her smaller brother with arms spread wide shielding him, A simple children's painting style, naive art, cute, minimalist, colorful crayon drawing, clear definition"
"to protest"|"Hundreds of people protested in the streets."|"A large crowd of people marching down a city street holding signs and banners, A simple children's painting style, naive art, cute, minimalist, colorful crayon drawing, clear definition"
"to prove"|"He proved that the theory was wrong."|"A man standing at a chalkboard pointing to equations with a big red X through them, A simple children's painting style, naive art, cute, minimalist, colorful crayon drawing, clear definition"
"to provide"|"The company provides free meals to employees."|"A smiling chef handing a tray of food to a line of happy office workers, A simple children's painting style, naive art, cute, minimalist, colorful crayon drawing, clear definition"
"to provoke"|"Don't provoke him — he's already angry."|"A boy poking another red-faced angry boy on the shoulder with a warning hand signal nearby, A simple children's painting style, naive art, cute, minimalist, colorful crayon drawing, clear definition"
"to publish"|"She published her first book at age thirty."|"A smiling woman holding up her brand new book in front of a printing press, A simple children's painting style, naive art, cute, minimalist, colorful crayon drawing, clear definition"
"to pull"|"Pull the door — don't push it."|"A person gripping a door handle and pulling it toward themselves with both hands, A simple children's painting style, naive art, cute, minimalist, colorful crayon drawing, clear definition"
"to pump"|"He pumped air into the tires."|"A man crouching beside a bicycle using an air pump to inflate a flat tire, A simple children's painting style, naive art, cute, minimalist, colorful crayon drawing, clear definition"
"to punch"|"She punched her brother in the arm."|"A girl throwing a fist punch at her laughing brothers arm, A simple children's painting style, naive art, cute, minimalist, colorful crayon drawing, clear definition"
"to punish"|"They punished him for lying."|"Two stern parents pointing at a boy standing alone in a corner looking sad, A simple children's painting style, naive art, cute, minimalist, colorful crayon drawing, clear definition"
"to purchase"|"I purchased a new laptop last week."|"A happy person at a store counter handing money to a cashier and receiving a laptop box, A simple children's painting style, naive art, cute, minimalist, colorful crayon drawing, clear definition"
"to pursue"|"He decided to pursue a career in medicine."|"A young man walking eagerly toward a hospital entrance wearing a stethoscope around his neck, A simple children's painting style, naive art, cute, minimalist, colorful crayon drawing, clear definition"
"to push"|"She pushed the door open."|"A girl pressing both hands flat against a door pushing it wide open, A simple children's painting style, naive art, cute, minimalist, colorful crayon drawing, clear definition"
"to put"|"Put your phone on the table."|"A hand placing a smartphone face-down onto a wooden table, A simple children's painting style, naive art, cute, minimalist, colorful crayon drawing, clear definition"
"to qualify"|"She qualified for the final round."|"A girl crossing a finish line tape with a trophy and final round banner ahead of her, A simple children's painting style, naive art, cute, minimalist, colorful crayon drawing, clear definition"
"to question"|"The detective questioned every witness."|"A detective in a coat sitting across a table asking questions to a nervous witness, A simple children's painting style, naive art, cute, minimalist, colorful crayon drawing, clear definition"
"to quit"|"He quit his job last month."|"A man in office clothes placing his ID badge on a desk and walking out the door with a box, A simple children's painting style, naive art, cute, minimalist, colorful crayon drawing, clear definition"
"to quote"|"She quoted a line from the movie."|"A girl speaking with a movie screen behind her and speech bubble showing film dialogue, A simple children's painting style, naive art, cute, minimalist, colorful crayon drawing, clear definition"
"to race"|"The kids raced to the finish line."|"Three children sprinting hard toward a finish line ribbon on a sunny track, A simple children's painting style, naive art, cute, minimalist, colorful crayon drawing, clear definition"
"to rain"|"It rained all day yesterday."|"Heavy rain falling over a town all day with dark clouds and puddles forming on the street, A simple children's painting style, naive art, cute, minimalist, colorful crayon drawing, clear definition"
"to raise"|"She raised her hand to ask a question."|"A girl sitting at a school desk with one arm stretched high up in the air, A simple children's painting style, naive art, cute, minimalist, colorful crayon drawing, clear definition"
"to range"|"Prices range from ten to fifty dollars."|"A store shelf showing price tags on products ranging from ten to fifty dollars, A simple children's painting style, naive art, cute, minimalist, colorful crayon drawing, clear definition"
"to rank"|"The team ranked third in the country."|"A sports team standing on a podium in third place holding a bronze medal and banner, A simple children's painting style, naive art, cute, minimalist, colorful crayon drawing, clear definition"
"to rate"|"How would you rate the restaurant?"|"A person sitting at a restaurant table holding up a scorecard with star symbols, A simple children's painting style, naive art, cute, minimalist, colorful crayon drawing, clear definition"
"to reach"|"She reached the top of the stairs."|"A smiling girl stepping onto the very last stair at the top of a staircase, A simple children's painting style, naive art, cute, minimalist, colorful crayon drawing, clear definition"
"to react"|"He didn't react well to the news."|"A man sitting at a table with a shocked and upset expression after reading a letter, A simple children's painting style, naive art, cute, minimalist, colorful crayon drawing, clear definition"
"to read"|"I read for an hour before bed."|"A person lying in bed under covers holding an open book with a bedside lamp glowing, A simple children's painting style, naive art, cute, minimalist, colorful crayon drawing, clear definition"
"to realize"|"I didn't realize how late it was."|"A person looking at a wall clock with wide surprised eyes showing it is very late at night, A simple children's painting style, naive art, cute, minimalist, colorful crayon drawing, clear definition"
"to rebuild"|"They rebuilt the house after the fire."|"Workers constructing a new house on a lot where a burned structure still smolders nearby, A simple children's painting style, naive art, cute, minimalist, colorful crayon drawing, clear definition"
"to recall"|"I can't recall where I left my keys."|"A person scratching their head with a puzzled face and question marks floating above surrounded by keys, A simple children's painting style, naive art, cute, minimalist, colorful crayon drawing, clear definition"
"to receive"|"She received a gift from her coworker."|"A smiling woman holding a wrapped gift given by a coworker at an office desk, A simple children's painting style, naive art, cute, minimalist, colorful crayon drawing, clear definition"
"to recognize"|"I recognized her voice immediately."|"A person on a phone suddenly smiling with a lightbulb above their head recognizing a voice, A simple children's painting style, naive art, cute, minimalist, colorful crayon drawing, clear definition"
"to recommend"|"Can you recommend a good restaurant?"|"A person pointing at a restaurant on a street while smiling and recommending it to a friend, A simple children's painting style, naive art, cute, minimalist, colorful crayon drawing, clear definition"
"to record"|"He recorded the concert on his phone."|"A man holding up a smartphone recording a colorful concert stage with bright lights, A simple children's painting style, naive art, cute, minimalist, colorful crayon drawing, clear definition"
"to recover"|"She recovered quickly after the surgery."|"A cheerful woman sitting up in a hospital bed smiling after surgery feeling much better, A simple children's painting style, naive art, cute, minimalist, colorful crayon drawing, clear definition"
"to recruit"|"The company recruited ten new engineers."|"A manager in an office welcoming a group of ten smiling engineers wearing hard hats, A simple children's painting style, naive art, cute, minimalist, colorful crayon drawing, clear definition"
"to reduce"|"They reduced the price by twenty percent."|"A store price tag showing a big twenty percent discount with a happy shopper nearby, A simple children's painting style, naive art, cute, minimalist, colorful crayon drawing, clear definition"
"to refer"|"My doctor referred me to a specialist."|"A doctor handing a patient a referral paper with an arrow pointing to a specialist, A simple children's painting style, naive art, cute, minimalist, colorful crayon drawing, clear definition"
"to reflect"|"The lake reflected the mountains perfectly."|"Tall green mountains perfectly mirrored upside down on the calm surface of a blue lake, A simple children's painting style, naive art, cute, minimalist, colorful crayon drawing, clear definition"
"to refuse"|"He refused to sign the contract."|"A man crossing his arms and shaking his head in front of a contract on a desk, A simple children's painting style, naive art, cute, minimalist, colorful crayon drawing, clear definition"
"to regain"|"She worked hard to regain her confidence."|"A determined woman standing tall on a podium with a proud smile after hard practice, A simple children's painting style, naive art, cute, minimalist, colorful crayon drawing, clear definition"
"to regard"|"She regards her mentor with great respect."|"A young woman looking up admiringly at a wise older mentor with a warm smile, A simple children's painting style, naive art, cute, minimalist, colorful crayon drawing, clear definition"
"to register"|"You need to register before the deadline."|"A person filling out a registration form at a computer with a calendar showing a deadline, A simple children's painting style, naive art, cute, minimalist, colorful crayon drawing, clear definition"
"to regret"|"He regretted not calling her sooner."|"A sad man holding a phone looking at it with a thought bubble showing a missed call, A simple children's painting style, naive art, cute, minimalist, colorful crayon drawing, clear definition"
"to regulate"|"The government regulates food safety standards."|"A government official inspecting food products in a store with a checklist and official badge, A simple children's painting style, naive art, cute, minimalist, colorful crayon drawing, clear definition"
"to reinforce"|"The teacher reinforced the lesson with examples."|"A cheerful teacher at a chalkboard pointing to examples while students listen attentively at desks, A simple children's painting style, naive art, cute, minimalist, colorful crayon drawing, clear definition"
"to reject"|"The bank rejected his loan application."|"A sad man holding a stamped rejected loan application form in front of a bank counter, A simple children's painting style, naive art, cute, minimalist, colorful crayon drawing, clear definition"
"to relate"|"I can really relate to what you're saying."|"Two friends sitting together nodding with matching thought bubbles showing the same feeling, A simple children's painting style, naive art, cute, minimalist, colorful crayon drawing, clear definition"
"to relax"|"She likes to relax with a bath after work."|"A happy woman soaking in a bubble bath with candles lit after a long day at work, A simple children's painting style, naive art, cute, minimalist, colorful crayon drawing, clear definition"
"to release"|"The studio released the movie last Friday."|"A movie theater marquee displaying a new film title with a crowd gathered outside on Friday, A simple children's painting style, naive art, cute, minimalist, colorful crayon drawing, clear definition"
"to relieve"|"This medication relieves headaches fast."|"A person holding their head in pain then smiling after taking a small pill from a bottle, A simple children's painting style, naive art, cute, minimalist, colorful crayon drawing, clear definition"
"to rely"|"You can always rely on her to help."|"A woman confidently helping a friend carry heavy bags with a dependable warm smile, A simple children's painting style, naive art, cute, minimalist, colorful crayon drawing, clear definition"
"to remain"|"Please remain seated during takeoff."|"Passengers sitting buckled in airplane seats as the plane takes off into a blue sky, A simple children's painting style, naive art, cute, minimalist, colorful crayon drawing, clear definition"
"to remark"|"He remarked that the food was excellent."|"A man at a restaurant table gesturing happily while complimenting a smiling waiter about the food, A simple children's painting style, naive art, cute, minimalist, colorful crayon drawing, clear definition"
"to remember"|"Do you remember our first day of school?"|"Two friends smiling and pointing at an old photo of themselves on their first school day, A simple children's painting style, naive art, cute, minimalist, colorful crayon drawing, clear definition"
"to remind"|"Can you remind me to call him tomorrow?"|"A person setting a phone reminder alarm with a note saying call him tomorrow on screen, A simple children's painting style, naive art, cute, minimalist, colorful crayon drawing, clear definition"
"to remove"|"He removed the price tag before wrapping the gift."|"A man carefully peeling a price tag off a gift before placing it in colorful wrapping paper, A simple children's painting style, naive art, cute, minimalist, colorful crayon drawing, clear definition"
"to render"|"The software takes a while to render the video."|"A computer screen showing a loading progress bar while rendering a colorful video file, A simple children's painting style, naive art, cute, minimalist, colorful crayon drawing, clear definition"
"to rent"|"They rent a small apartment downtown."|"A smiling couple standing outside a small apartment building downtown holding a rental key, A simple children's painting style, naive art, cute, minimalist, colorful crayon drawing, clear definition"
"to repair"|"He called someone to repair the sink."|"A plumber fixing a broken kitchen sink with tools while a man watches and points, A simple children's painting style, naive art, cute, minimalist, colorful crayon drawing, clear definition"
"to repeat"|"Could you repeat that, please?"|"A confused child leaning toward a teacher asking them to say something again, A simple children's painting style, naive art, cute, minimalist, colorful crayon drawing, clear definition"
"to replace"|"I need to replace the battery in my phone."|"A person removing an old battery from a smartphone and placing a new one in, A simple children's painting style, naive art, cute, minimalist, colorful crayon drawing, clear definition"
"to reply"|"She didn't reply to my message."|"A girl staring at her phone screen showing an unanswered message bubble, A simple children's painting style, naive art, cute, minimalist, colorful crayon drawing, clear definition"
"to report"|"He reported the incident to his manager."|"A man standing in an office speaking seriously to his manager at a desk, A simple children's painting style, naive art, cute, minimalist, colorful crayon drawing, clear definition"
"to represent"|"She was chosen to represent the school at the competition."|"A proud girl wearing a school badge standing at a competition stage with a trophy, A simple children's painting style, naive art, cute, minimalist, colorful crayon drawing, clear definition"
"to request"|"You can request a refund within 30 days."|"A customer at a store counter handing back a product and pointing to a refund sign, A simple children's painting style, naive art, cute, minimalist, colorful crayon drawing, clear definition"
"to require"|"This job requires a lot of patience."|"A worker sitting calmly at a desk with a very tall pile of papers waiting to be done, A simple children's painting style, naive art, cute, minimalist, colorful crayon drawing, clear definition"
"to rescue"|"Firefighters rescued the family from the burning building."|"Firefighters carrying a family out of a building with orange flames and smoke, A simple children's painting style, naive art, cute, minimalist, colorful crayon drawing, clear definition"
"to research"|"She spent months researching the topic."|"A woman surrounded by open books and papers studying at a desk for a long time, A simple children's painting style, naive art, cute, minimalist, colorful crayon drawing, clear definition"
"to resemble"|"He really resembles his father."|"A boy and his father standing side by side with nearly identical faces and expressions, A simple children's painting style, naive art, cute, minimalist, colorful crayon drawing, clear definition"
"to reserve"|"I'd like to reserve a table for two."|"A smiling person on the phone while a waiter marks a table for two at a restaurant, A simple children's painting style, naive art, cute, minimalist, colorful crayon drawing, clear definition"
"to resign"|"He resigned from his position last Friday."|"A man placing a resignation letter on his boss's desk and walking out of an office, A simple children's painting style, naive art, cute, minimalist, colorful crayon drawing, clear definition"
"to resist"|"She couldn't resist eating the last piece of cake."|"A girl reaching eagerly for the last slice of chocolate cake on a plate, A simple children's painting style, naive art, cute, minimalist, colorful crayon drawing, clear definition"
"to resolve"|"They managed to resolve the conflict peacefully."|"Two people shaking hands and smiling after an argument ends peacefully, A simple children's painting style, naive art, cute, minimalist, colorful crayon drawing, clear definition"
"to respect"|"We should respect other people's opinions."|"Two children listening attentively to each other while one speaks and one nods, A simple children's painting style, naive art, cute, minimalist, colorful crayon drawing, clear definition"
"to respond"|"The doctor responded quickly to the emergency."|"A doctor rushing urgently toward a patient on a hospital bed during an emergency, A simple children's painting style, naive art, cute, minimalist, colorful crayon drawing, clear definition"
"to rest"|"You should rest after surgery."|"A person lying comfortably in a hospital bed with bandages resting peacefully, A simple children's painting style, naive art, cute, minimalist, colorful crayon drawing, clear definition"
"to restore"|"They hired a specialist to restore the old painting."|"A specialist carefully repainting a damaged old canvas artwork on an easel, A simple children's painting style, naive art, cute, minimalist, colorful crayon drawing, clear definition"
"to restrict"|"The doctor restricted his diet after the diagnosis."|"A doctor holding up a hand to stop a patient from eating certain foods on a plate, A simple children's painting style, naive art, cute, minimalist, colorful crayon drawing, clear definition"
"to result"|"Stress can result in serious health problems."|"A stressed person surrounded by work papers with a headache and health warning signs, A simple children's painting style, naive art, cute, minimalist, colorful crayon drawing, clear definition"
"to resume"|"Classes will resume on Monday."|"Students walking back into a bright classroom and sitting at their desks on Monday morning, A simple children's painting style, naive art, cute, minimalist, colorful crayon drawing, clear definition"
"to retain"|"He has an amazing ability to retain information."|"A boy reading a book with glowing facts visibly stored inside his oversized brain, A simple children's painting style, naive art, cute, minimalist, colorful crayon drawing, clear definition"
"to retire"|"My grandfather retired at 65."|"A happy grandfather handing in his work badge and walking away from an office building, A simple children's painting style, naive art, cute, minimalist, colorful crayon drawing, clear definition"
"to return"|"She returned the book to the library."|"A girl placing a book back onto the library counter while a librarian stamps it, A simple children's painting style, naive art, cute, minimalist, colorful crayon drawing, clear definition"
"to reveal"|"The investigation revealed some shocking facts."|"A detective uncovering a hidden document with a magnifying glass looking shocked, A simple children's painting style, naive art, cute, minimalist, colorful crayon drawing, clear definition"
"to reverse"|"He reversed the car out of the garage."|"A man looking over his shoulder steering a car slowly backwards out of a garage, A simple children's painting style, naive art, cute, minimalist, colorful crayon drawing, clear definition"
"to review"|"Please review the document before sending it."|"A person reading through a printed document carefully with a pen before sending it, A simple children's painting style, naive art, cute, minimalist, colorful crayon drawing, clear definition"
"to reward"|"The company rewarded employees for their hard work."|"A boss handing out golden trophies and envelopes to smiling workers in an office, A simple children's painting style, naive art, cute, minimalist, colorful crayon drawing, clear definition"
"to rid"|"I need to get rid of all this clutter."|"A person throwing piles of messy junk and old objects into a large trash bin, A simple children's painting style, naive art, cute, minimalist, colorful crayon drawing, clear definition"
"to ride"|"She rides her bike to work every day."|"A cheerful woman cycling on a bright road past buildings on her way to work, A simple children's painting style, naive art, cute, minimalist, colorful crayon drawing, clear definition"
"to ring"|"The phone rang three times before he answered."|"A ringing phone on a table showing three call rings, a man reaching to answer it, A simple children's painting style, naive art, cute, minimalist, colorful crayon drawing, clear definition"
"to rip"|"He accidentally ripped his shirt on the fence."|"A surprised boy with a torn shirt caught on a wooden fence, A simple children's painting style, naive art, cute, minimalist, colorful crayon drawing, clear definition"
"to rise"|"The sun rises around six in the morning."|"A bright orange sun rising above the horizon at early morning with a clock showing six, A simple children's painting style, naive art, cute, minimalist, colorful crayon drawing, clear definition"
"to risk"|"Don't risk your health to meet a deadline."|"A tired person skipping sleep at a desk with a deadline calendar and a red warning health symbol, A simple children's painting style, naive art, cute, minimalist, colorful crayon drawing, clear definition"
"to rock"|"She rocked the baby to sleep."|"A mother sitting in a rocking chair gently rocking a sleeping baby in her arms, A simple children's painting style, naive art, cute, minimalist, colorful crayon drawing, clear definition"
"to roll"|"The ball rolled under the couch."|"A round ball rolling across the floor disappearing under a couch, A simple children's painting style, naive art, cute, minimalist, colorful crayon drawing, clear definition"
"to root"|"I'm rooting for your team tonight."|"An excited fan in team colors cheering with raised arms at a night stadium, A simple children's painting style, naive art, cute, minimalist, colorful crayon drawing, clear definition"
"to round"|"Round the number up to the nearest ten."|"A child writing numbers on a chalkboard with an arrow rounding up to the nearest ten, A simple children's painting style, naive art, cute, minimalist, colorful crayon drawing, clear definition"
"to rub"|"He rubbed his eyes and yawned."|"A sleepy boy rubbing both eyes with his fists while yawning widely, A simple children's painting style, naive art, cute, minimalist, colorful crayon drawing, clear definition"
"to ruin"|"The rain ruined our picnic."|"A family picnic blanket with food getting soaked by heavy falling rain, A simple children's painting style, naive art, cute, minimalist, colorful crayon drawing, clear definition"
"to rule"|"She ruled the company for over twenty years."|"A confident woman sitting at the head of a large boardroom table leading a meeting, A simple children's painting style, naive art, cute, minimalist, colorful crayon drawing, clear definition"
"to run"|"He runs five miles every morning."|"A man jogging on a sunny morning road with a distance marker showing five miles, A simple children's painting style, naive art, cute, minimalist, colorful crayon drawing, clear definition"
"to rush"|"Don't rush me, I'm almost ready."|"A person dressing hurriedly at home while another impatiently taps their watch at the door, A simple children's painting style, naive art, cute, minimalist, colorful crayon drawing, clear definition"
"to sacrifice"|"She sacrificed her free time to help the team."|"A woman giving up her leisure book and free time to help coworkers at a busy office, A simple children's painting style, naive art, cute, minimalist, colorful crayon drawing, clear definition"
"to sail"|"They sailed across the Atlantic in 30 days."|"A sailboat crossing a wide blue ocean under a clear sky with a route map showing 30 days, A simple children's painting style, naive art, cute, minimalist, colorful crayon drawing, clear definition"
"to satisfy"|"Nothing satisfies me more than a home-cooked meal."|"A happy person smiling at a steaming homemade meal on a cozy kitchen table, A simple children's painting style, naive art, cute, minimalist, colorful crayon drawing, clear definition"
"to save"|"He saved enough money to buy a car."|"A man dropping coins into a piggy bank beside a toy car on a table, A simple children's painting style, naive art, cute, minimalist, colorful crayon drawing, clear definition"
"to say"|"She said goodbye and left."|"A smiling woman waving goodbye at a front door while walking away with a bag, A simple children's painting style, naive art, cute, minimalist, colorful crayon drawing, clear definition"
"to scan"|"Can you scan this document for me?"|"A person placing a paper document onto a flatbed scanner in an office, A simple children's painting style, naive art, cute, minimalist, colorful crayon drawing, clear definition"
"to scare"|"That loud noise scared the baby."|"A startled baby jumping in fright from a sudden loud noise, arms raised in surprise, A simple children's painting style, naive art, cute, minimalist, colorful crayon drawing, clear definition"
"to scatter"|"The kids scattered toys all over the floor."|"Two children tossing and spreading colorful toys across a living room floor, A simple children's painting style, naive art, cute, minimalist, colorful crayon drawing, clear definition"
"to schedule"|"Let's schedule the meeting for Friday."|"Two coworkers pointing at a calendar circling Friday to set a meeting date, A simple children's painting style, naive art, cute, minimalist, colorful crayon drawing, clear definition"
"to score"|"He scored the winning goal in the last minute."|"A soccer player celebrating after kicking a ball into the goal net in the final minute, A simple children's painting style, naive art, cute, minimalist, colorful crayon drawing, clear definition"
"to scramble"|"I scrambled some eggs for breakfast."|"A person stirring beaten eggs in a pan on a kitchen stove at breakfast time, A simple children's painting style, naive art, cute, minimalist, colorful crayon drawing, clear definition"
"to scratch"|"Please don't scratch the table."|"A child about to scratch a wooden table with a toy while an adult gestures to stop, A simple children's painting style, naive art, cute, minimalist, colorful crayon drawing, clear definition"
"to scream"|"She screamed when she saw the spider."|"A frightened girl screaming with mouth wide open pointing at a small spider on the wall, A simple children's painting style, naive art, cute, minimalist, colorful crayon drawing, clear definition"
"to screen"|"They screen all applicants before hiring."|"A manager reviewing a stack of resumes at a desk with a checklist and magnifying glass, A simple children's painting style, naive art, cute, minimalist, colorful crayon drawing, clear definition"
"to screw"|"Screw the lid on tightly."|"Two hands twisting a round lid tightly onto a glass jar, A simple children's painting style, naive art, cute, minimalist, colorful crayon drawing, clear definition"
"to seal"|"Seal the envelope before mailing it."|"A person pressing the flap of an envelope shut before placing it in a mailbox, A simple children's painting style, naive art, cute, minimalist, colorful crayon drawing, clear definition"
"to search"|"I searched everywhere for my keys."|"A person looking under cushions behind books and inside drawers searching for lost keys, A simple children's painting style, naive art, cute, minimalist, colorful crayon drawing, clear definition"
"to seat"|"The waiter seated us by the window."|"A smiling waiter guiding two guests to a table beside a large sunny window, A simple children's painting style, naive art, cute, minimalist, colorful crayon drawing, clear definition"
"to secure"|"Make sure you secure the door before leaving."|"A person locking a front door with a key before stepping outside, A simple children's painting style, naive art, cute, minimalist, colorful crayon drawing, clear definition"
"to see"|"I can't see anything without my glasses."|"A person squinting at a blurry book holding glasses away from their face, A simple children's painting style, naive art, cute, minimalist, colorful crayon drawing, clear definition"
"to seek"|"She's seeking a new job."|"A woman looking at job listings on a computer screen with a hopeful expression, A simple children's painting style, naive art, cute, minimalist, colorful crayon drawing, clear definition"
"to seem"|"You seem tired today."|"A yawning person with droopy eyes and messy hair sitting at a desk, A simple children's painting style, naive art, cute, minimalist, colorful crayon drawing, clear definition"
"to seize"|"The police seized the stolen goods."|"Two police officers collecting boxes of stolen goods from a table as evidence, A simple children's painting style, naive art, cute, minimalist, colorful crayon drawing, clear definition"
"to select"|"Select your size from the dropdown menu."|"A hand clicking a dropdown menu on a computer screen showing clothing sizes, A simple children's painting style, naive art, cute, minimalist, colorful crayon drawing, clear definition"
"to sell"|"They sell fresh bread every morning."|"A baker at a market stall handing a warm loaf of bread to a customer, A simple children's painting style, naive art, cute, minimalist, colorful crayon drawing, clear definition"
"to send"|"I'll send you the file by email."|"A person clicking a send button on a laptop screen with an email open, A simple children's painting style, naive art, cute, minimalist, colorful crayon drawing, clear definition"
"to sense"|"I could sense that something was wrong."|"A person pausing with a worried expression noticing a strange eerie silence at home, A simple children's painting style, naive art, cute, minimalist, colorful crayon drawing, clear definition"
"to separate"|"Separate the whites from the colors before washing."|"Two laundry piles on a table one white one colorful beside a washing machine, A simple children's painting style, naive art, cute, minimalist, colorful crayon drawing, clear definition"
"to serve"|"The restaurant serves breakfast until noon."|"A waiter placing a breakfast plate with eggs and toast on a restaurant table, A simple children's painting style, naive art, cute, minimalist, colorful crayon drawing, clear definition"
"to set"|"Set the oven to 350 degrees."|"A hand turning an oven dial to 350 degrees in a bright kitchen, A simple children's painting style, naive art, cute, minimalist, colorful crayon drawing, clear definition"
"to settle"|"They finally settled the argument."|"Two people shaking hands across a table looking relieved after a disagreement, A simple children's painting style, naive art, cute, minimalist, colorful crayon drawing, clear definition"
"to shake"|"Shake the bottle before opening it."|"A hand vigorously shaking an orange juice bottle with motion lines around it, A simple children's painting style, naive art, cute, minimalist, colorful crayon drawing, clear definition"
"to shall"|"We shall meet again soon."|"Two friends waving goodbye at a train station with hopeful smiling expressions, A simple children's painting style, naive art, cute, minimalist, colorful crayon drawing, clear definition"
"to shape"|"Exercise helped shape her body."|"A woman flexing her arms proudly after a workout session in a bright gym, A simple children's painting style, naive art, cute, minimalist, colorful crayon drawing, clear definition"
"to share"|"Can you share that article with me?"|"A person turning a laptop screen toward a friend to show them an article together, A simple children's painting style, naive art, cute, minimalist, colorful crayon drawing, clear definition"
"to shed"|"She shed a few tears at the end of the movie."|"A woman wiping a single tear from her cheek while watching a movie in the dark, A simple children's painting style, naive art, cute, minimalist, colorful crayon drawing, clear definition"
"to shift"|"He shifted the boxes to the other room."|"A man carrying a stack of cardboard boxes through an open doorway to another room, A simple children's painting style, naive art, cute, minimalist, colorful crayon drawing, clear definition"
"to shine"|"The sun is shining bright today."|"A bright yellow sun with bold rays beaming down over a cheerful outdoor scene, A simple children's painting style, naive art, cute, minimalist, colorful crayon drawing, clear definition"
"to ship"|"We ship orders within two business days."|"A worker sealing a cardboard box with tape next to a stack of outgoing parcels, A simple children's painting style, naive art, cute, minimalist, colorful crayon drawing, clear definition"
"to shock"|"The news shocked everyone in the office."|"Several office workers staring wide-eyed at a TV screen with shocked open mouths, A simple children's painting style, naive art, cute, minimalist, colorful crayon drawing, clear definition"
"to shoot"|"The photographer shot over a hundred photos."|"A photographer holding a camera up snapping photos with a big pile of printed pictures nearby, A simple children's painting style, naive art, cute, minimalist, colorful crayon drawing, clear definition"
"to shop"|"We usually shop for groceries on Sundays."|"A couple pushing a shopping cart through a colorful grocery store on a sunny Sunday, A simple children's painting style, naive art, cute, minimalist, colorful crayon drawing, clear definition"
"to shout"|"Don't shout inside the house."|"A child yelling loudly indoors while a parent holds up a finger gesturing to be quiet, A simple children's painting style, naive art, cute, minimalist, colorful crayon drawing, clear definition"
"to shove"|"Someone shoved me on the subway."|"A crowded subway car where one person bumps another with an elbow in a tight space, A simple children's painting style, naive art, cute, minimalist, colorful crayon drawing, clear definition"
"to show"|"Show me how to do it."|"A person pointing at their hands demonstrating a task while another watches closely, A simple children's painting style, naive art, cute, minimalist, colorful crayon drawing, clear definition"
"to shrink"|"This shirt will shrink if you wash it in hot water."|"A tiny shrunken shirt beside a washing machine with steam rising from hot water, A simple children's painting style, naive art, cute, minimalist, colorful crayon drawing, clear definition"
"to shrug"|"He shrugged and walked away."|"A boy raising both shoulders with palms up in a shrug then turning to walk away, A simple children's painting style, naive art, cute, minimalist, colorful crayon drawing, clear definition"
"to shut"|"Please shut the window — it's cold."|"A child pushing a window closed while snow falls outside and wind blows, A simple children's painting style, naive art, cute, minimalist, colorful crayon drawing, clear definition"
"to sigh"|"She sighed and put down her phone."|"A tired woman exhaling with a sad expression setting her phone on a table, A simple children's painting style, naive art, cute, minimalist, colorful crayon drawing, clear definition"
"to sign"|"You need to sign the contract before Friday."|"A person holding a pen signing their name on a contract document at a desk, A simple children's painting style, naive art, cute, minimalist, colorful crayon drawing, clear definition"
"to signal"|"He signaled to turn left."|"A man in a car extending his arm out the window pointing left at an intersection, A simple children's painting style, naive art, cute, minimalist, colorful crayon drawing, clear definition"
"to sing"|"She sang her favorite song in the shower."|"A happy woman singing with open mouth inside a shower with water streaming down, A simple children's painting style, naive art, cute, minimalist, colorful crayon drawing, clear definition"
"to sink"|"The cup sank to the bottom of the pool."|"A colorful cup slowly sinking down through blue water toward a pool floor, A simple children's painting style, naive art, cute, minimalist, colorful crayon drawing, clear definition"
"to sit"|"Come sit next to me."|"A smiling child patting an empty spot on a bench inviting a friend to sit, A simple children's painting style, naive art, cute, minimalist, colorful crayon drawing, clear definition"
"to skip"|"I skip breakfast when I'm in a hurry."|"A person rushing out the front door leaving a full breakfast plate untouched on the table, A simple children's painting style, naive art, cute, minimalist, colorful crayon drawing, clear definition"
"to slam"|"He slammed the door and left."|"An angry man forcefully banging a door shut while walking away from a house, A simple children's painting style, naive art, cute, minimalist, colorful crayon drawing, clear definition"
"to slap"|"She slapped him across the face."|"A woman swinging her open hand toward a surprised mans cheek, A simple children's painting style, naive art, cute, minimalist, colorful crayon drawing, clear definition"
"to sleep"|"I need to sleep at least eight hours."|"A person tucked in bed sleeping peacefully with a clock showing eight hours on the nightstand, A simple children's painting style, naive art, cute, minimalist, colorful crayon drawing, clear definition"
"to slice"|"Can you slice the bread for me?"|"A person using a large knife to cut a loaf of bread into neat slices on a cutting board, A simple children's painting style, naive art, cute, minimalist, colorful crayon drawing, clear definition"
"to slide"|"The kids love to slide down the hill."|"Two laughing children sliding down a grassy green hill on a sunny day, A simple children's painting style, naive art, cute, minimalist, colorful crayon drawing, clear definition"
"to slip"|"I slipped on the wet floor."|"A person losing their balance and falling on a wet floor with a yellow wet floor sign nearby, A simple children's painting style, naive art, cute, minimalist, colorful crayon drawing, clear definition"
"to slow"|"Slow down — you're driving too fast."|"A car with brake lights on slowing down on a road with a speed limit sign ahead, A simple children's painting style, naive art, cute, minimalist, colorful crayon drawing, clear definition"
"to smell"|"Something smells really good in here."|"A person leaning forward with eyes closed sniffing delicious steam rising from a pot on the stove, A simple children's painting style, naive art, cute, minimalist, colorful crayon drawing, clear definition"
"to smile"|"She smiled when she saw the gift."|"A woman with a big bright smile holding a wrapped gift box with a bow, A simple children's painting style, naive art, cute, minimalist, colorful crayon drawing, clear definition"
"to smoke"|"He used to smoke a pack a day."|"A man holding a cigarette with a full pack of cigarettes on the table beside him, A simple children's painting style, naive art, cute, minimalist, colorful crayon drawing, clear definition"
"to snap"|"The branch snapped under his weight."|"A heavy man standing on a tree branch as it cracks and breaks in the middle, A simple children's painting style, naive art, cute, minimalist, colorful crayon drawing, clear definition"
"to sneak"|"He sneaked out of the house at night."|"A boy tiptoeing quietly out a door under a dark starry night sky, A simple children's painting style, naive art, cute, minimalist, colorful crayon drawing, clear definition"
"to soak"|"Soak the beans in water overnight."|"A bowl full of beans submerged in water sitting on a kitchen counter at night, A simple children's painting style, naive art, cute, minimalist, colorful crayon drawing, clear definition"
"to soar"|"The eagle soared above the mountains."|"A large eagle gliding with wings spread wide high above snowy mountain peaks, A simple children's painting style, naive art, cute, minimalist, colorful crayon drawing, clear definition"
"to soften"|"Add butter to soften the dough."|"A person pressing a stick of butter into a ball of dough on a floured kitchen counter, A simple children's painting style, naive art, cute, minimalist, colorful crayon drawing, clear definition"
"to solve"|"We need to solve this problem today."|"Two people at a whiteboard covered in equations pointing at a solution written in bright marker, A simple children's painting style, naive art, cute, minimalist, colorful crayon drawing, clear definition"
"to sort"|"Can you sort these files by date?"|"A person arranging a pile of colorful folders into a neat ordered row on a desk, A simple children's painting style, naive art, cute, minimalist, colorful crayon drawing, clear definition"
"to sound"|"That sounds like a great idea."|"Two friends talking with one gesturing enthusiastically while the other listens with a big smile, A simple children's painting style, naive art, cute, minimalist, colorful crayon drawing, clear definition"
"to spare"|"Can you spare a few minutes?"|"A person checking their wristwatch while a friend nearby waits with a hopeful expression, A simple children's painting style, naive art, cute, minimalist, colorful crayon drawing, clear definition"
"to spark"|"The speech sparked a huge debate."|"A person speaking at a podium while a crowd around them argues loudly with raised hands and speech bubbles, A simple children's painting style, naive art, cute, minimalist, colorful crayon drawing, clear definition"
"to speak"|"She speaks three languages fluently."|"A confident woman with three speech bubbles showing different language flags floating around her head, A simple children's painting style, naive art, cute, minimalist, colorful crayon drawing, clear definition"
"to specialize"|"He specializes in sports medicine."|"A doctor in a white coat examining an athletes knee in a clinic with sports equipment on the walls, A simple children's painting style, naive art, cute, minimalist, colorful crayon drawing, clear definition"
"to specify"|"Please specify your preferred delivery time."|"A person pointing at a clock on a form with delivery time options listed, A simple children's painting style, naive art, cute, minimalist, colorful crayon drawing, clear definition"
"to speculate"|"Experts are speculating about the cause."|"A group of scientists with question marks above their heads gathered around a mysterious object, A simple children's painting style, naive art, cute, minimalist, colorful crayon drawing, clear definition"
"to speed"|"The car sped through the intersection."|"A red car zooming fast through a street intersection with motion blur lines, A simple children's painting style, naive art, cute, minimalist, colorful crayon drawing, clear definition"
"to spell"|"How do you spell your last name?"|"A person standing at a counter carefully spelling out letters of their name to a receptionist, A simple children's painting style, naive art, cute, minimalist, colorful crayon drawing, clear definition"
"to spend"|"I spend too much money on coffee."|"A person handing coins and bills to a barista surrounded by many empty coffee cups, A simple children's painting style, naive art, cute, minimalist, colorful crayon drawing, clear definition"
"to spill"|"I accidentally spilled juice on my shirt."|"A surprised person looking down at a bright orange juice stain spreading across their white shirt, A simple children's painting style, naive art, cute, minimalist, colorful crayon drawing, clear definition"
"to spin"|"The dancer spun across the stage."|"A ballerina spinning in a blur across a wooden stage under bright spotlight, A simple children's painting style, naive art, cute, minimalist, colorful crayon drawing, clear definition"
"to spit"|"He spit out the food immediately."|"A boy at a dinner table spitting food out of his mouth with a disgusted expression, A simple children's painting style, naive art, cute, minimalist, colorful crayon drawing, clear definition"
"to split"|"Let's split the bill between us."|"Two friends at a restaurant table dividing a paper check down the middle between them, A simple children's painting style, naive art, cute, minimalist, colorful crayon drawing, clear definition"
"to sponsor"|"A local company sponsored the event."|"A colorful outdoor event stage with a large company banner displayed prominently above it, A simple children's painting style, naive art, cute, minimalist, colorful crayon drawing, clear definition"
"to spot"|"I spotted her across the room."|"A person at a party raising their hand and pointing excitedly after noticing a friend far across a crowded room, A simple children's painting style, naive art, cute, minimalist, colorful crayon drawing, clear definition"
"to spread"|"Spread the cream cheese on the bagel."|"A hand holding a knife spreading white cream cheese generously over a round bagel, A simple children's painting style, naive art, cute, minimalist, colorful crayon drawing, clear definition"
"to spring"|"Flowers spring up after the rain."|"Colorful flowers bursting up through the wet ground after a rain shower under a clearing sky, A simple children's painting style, naive art, cute, minimalist, colorful crayon drawing, clear definition"
"to sprinkle"|"Sprinkle some salt on top before serving."|"A hand shaking a salt shaker over a steaming dish of food on a dinner table, A simple children's painting style, naive art, cute, minimalist, colorful crayon drawing, clear definition"
"to squeeze"|"She squeezed the lemon over the fish."|"A woman holding a lemon half and squeezing juice onto a piece of fish on a plate, A simple children's painting style, naive art, cute, minimalist, colorful crayon drawing, clear definition"
"to stand"|"I had to stand in line for an hour."|"A tired person standing in a long queue of people outside a shop with a clock showing one hour, A simple children's painting style, naive art, cute, minimalist, colorful crayon drawing, clear definition"
"to star"|"She starred in three blockbuster films."|"A glamorous woman on a movie poster with three large film reels displayed around her, A simple children's painting style, naive art, cute, minimalist, colorful crayon drawing, clear definition"
"to stare"|"Stop staring — it's rude."|"A child wide-eyed and staring fixedly at someone while another person taps their shoulder to stop them, A simple children's painting style, naive art, cute, minimalist, colorful crayon drawing, clear definition"
"to start"|"What time does the meeting start?"|"People arriving at a conference room with a clock on the wall and empty chairs around a table, A simple children's painting style, naive art, cute, minimalist, colorful crayon drawing, clear definition"
"to state"|"Please state your full name clearly."|"A person standing at a podium speaking their name clearly into a microphone in front of an official, A simple children's painting style, naive art, cute, minimalist, colorful crayon drawing, clear definition"
"to stay"|"We stayed at a nice hotel downtown."|"A smiling couple standing in front of a cozy hotel building in a busy city downtown area, A simple children's painting style, naive art, cute, minimalist, colorful crayon drawing, clear definition"
"to steal"|"Someone stole my bike last night."|"A person standing next to an empty bike rack at night looking shocked and upset, A simple children's painting style, naive art, cute, minimalist, colorful crayon drawing, clear definition"
"to steer"|"He steered the car into the parking spot."|"A man turning a steering wheel carefully to guide his car into a marked parking spot, A simple children's painting style, naive art, cute, minimalist, colorful crayon drawing, clear definition"
"to stem"|"The bleeding was hard to stem."|"A person pressing a white cloth firmly against a small wound on their arm to stop bleeding, A simple children's painting style, naive art, cute, minimalist, colorful crayon drawing, clear definition"
"to step"|"Step aside so others can pass."|"A person stepping sideways off a busy walkway to let a group of people pass by, A simple children's painting style, naive art, cute, minimalist, colorful crayon drawing, clear definition"
"to stick"|"Stick the note on the fridge."|"A hand pressing a small yellow sticky note onto the front of a white refrigerator door, A simple children's painting style, naive art, cute, minimalist, colorful crayon drawing, clear definition"
"to stimulate"|"Exercise stimulates the brain."|"A person jogging outside with bright glowing light radiating from their head showing an active brain, A simple children's painting style, naive art, cute, minimalist, colorful crayon drawing, clear definition"
"to stir"|"Stir the soup before serving."|"A hand holding a wooden spoon stirring a steaming pot of soup in a circular motion, A simple children's painting style, naive art, cute, minimalist, colorful crayon drawing, clear definition"
"to stop"|"Stop the car at the red light."|"A car halting at a traffic light showing a bright red signal at a street crossing, A simple children's painting style, naive art, cute, minimalist, colorful crayon drawing, clear definition"
"to store"|"I store my files in the cloud."|"A person at a desk clicking a laptop with glowing folder icons floating up into a cloud above, A simple children's painting style, naive art, cute, minimalist, colorful crayon drawing, clear definition"
"to straighten"|"She straightened her hair this morning."|"A woman using a flat iron to straighten her curly hair in front of a mirror, A simple children's painting style, naive art, cute, minimalist, colorful crayon drawing, clear definition"
"to strain"|"Don't strain your eyes reading in the dark."|"A child squinting and straining to read a book in a very dark room, A simple children's painting style, naive art, cute, minimalist, colorful crayon drawing, clear definition"
"to strengthen"|"Exercise strengthens your muscles."|"A person lifting dumbbells at a gym with strong flexed muscles visible on their arms, A simple children's painting style, naive art, cute, minimalist, colorful crayon drawing, clear definition"
"to stress"|"Don't stress about the exam."|"A student sitting at a desk looking anxious with a test paper and hands on their head, A simple children's painting style, naive art, cute, minimalist, colorful crayon drawing, clear definition"
"to stretch"|"She stretches every morning before work."|"A woman stretching her arms wide open outdoors in the early morning sunshine, A simple children's painting style, naive art, cute, minimalist, colorful crayon drawing, clear definition"
"to strike"|"Lightning struck the tree during the storm."|"A bright lightning bolt striking a tall tree during a dark stormy night, A simple children's painting style, naive art, cute, minimalist, colorful crayon drawing, clear definition"
"to strip"|"He stripped the old paint off the wall."|"A man scraping and stripping flaking old paint off a wall with a metal tool, A simple children's painting style, naive art, cute, minimalist, colorful crayon drawing, clear definition"
"to struggle"|"She struggled to carry all the bags alone."|"A woman straining and struggling to carry many heavy shopping bags by herself, A simple children's painting style, naive art, cute, minimalist, colorful crayon drawing, clear definition"
"to study"|"I study English every day."|"A student sitting at a desk studying an open English textbook with a pencil in hand, A simple children's painting style, naive art, cute, minimalist, colorful crayon drawing, clear definition"
"to stuff"|"He stuffed his clothes into the bag."|"A man forcefully stuffing a pile of clothes into an overfull travel bag, A simple children's painting style, naive art, cute, minimalist, colorful crayon drawing, clear definition"
"to stumble"|"She stumbled on the stairs and almost fell."|"A girl stumbling and losing balance on a staircase reaching for the handrail, A simple children's painting style, naive art, cute, minimalist, colorful crayon drawing, clear definition"
"to submit"|"Please submit your report by Friday."|"A person clicking a laptop button to submit a report with a Friday calendar on the wall, A simple children's painting style, naive art, cute, minimalist, colorful crayon drawing, clear definition"
"to succeed"|"She worked hard and finally succeeded."|"A happy woman raising her fists in celebration standing on a podium with a trophy, A simple children's painting style, naive art, cute, minimalist, colorful crayon drawing, clear definition"
"to suck"|"This movie sucks."|"A bored person slouching on a couch with a disgusted face watching a terrible movie on TV, A simple children's painting style, naive art, cute, minimalist, colorful crayon drawing, clear definition"
"to sue"|"He threatened to sue the company."|"An angry man pointing at a large office building while holding legal documents and talking to a lawyer, A simple children's painting style, naive art, cute, minimalist, colorful crayon drawing, clear definition"
"to suffer"|"She suffered a lot after the accident."|"A sad woman sitting in a hospital bed with bandages looking pained and distressed, A simple children's painting style, naive art, cute, minimalist, colorful crayon drawing, clear definition"
"to suggest"|"Can you suggest a good restaurant nearby?"|"A person pointing at a nearby restaurant and smiling while suggesting it to a friend on the street, A simple children's painting style, naive art, cute, minimalist, colorful crayon drawing, clear definition"
"to suit"|"That color really suits you."|"A woman trying on a bright colored dress in a store mirror looking pleased and confident, A simple children's painting style, naive art, cute, minimalist, colorful crayon drawing, clear definition"
"to supply"|"The company supplies fresh produce to local stores."|"A delivery truck unloading boxes of fresh fruits and vegetables outside a small local store, A simple children's painting style, naive art, cute, minimalist, colorful crayon drawing, clear definition"
"to support"|"My family always supports my decisions."|"A smiling family standing together with arms around each other giving a thumbs up, A simple children's painting style, naive art, cute, minimalist, colorful crayon drawing, clear definition"
"to suppose"|"I suppose we should leave now."|"Two friends looking at a clock on the wall with thoughtful expressions getting ready to leave, A simple children's painting style, naive art, cute, minimalist, colorful crayon drawing, clear definition"
"to surprise"|"He surprised her with flowers."|"A man hiding behind his back a bouquet of flowers then revealing them to a delighted woman, A simple children's painting style, naive art, cute, minimalist, colorful crayon drawing, clear definition"
"to surround"|"Trees surround the house."|"A small cozy house completely surrounded by tall green trees on all sides, A simple children's painting style, naive art, cute, minimalist, colorful crayon drawing, clear definition"
"to survey"|"The company surveyed its customers about the new product."|"A person holding a clipboard asking customers questions outside a store about a new product, A simple children's painting style, naive art, cute, minimalist, colorful crayon drawing, clear definition"
"to survive"|"He survived the car crash."|"A relieved man standing safely beside a badly damaged crashed car on the road, A simple children's painting style, naive art, cute, minimalist, colorful crayon drawing, clear definition"
"to suspect"|"The police suspect he is lying."|"A police officer with a skeptical expression pointing at a nervous man during questioning, A simple children's painting style, naive art, cute, minimalist, colorful crayon drawing, clear definition"
"to suspend"|"The teacher suspended the student for a week."|"A stern teacher pointing to the exit while a student with a backpack walks out of the classroom, A simple children's painting style, naive art, cute, minimalist, colorful crayon drawing, clear definition"
"to sustain"|"It's hard to sustain that level of energy all day."|"A tired runner struggling to keep jogging on a track as the sun moves across the sky all day, A simple children's painting style, naive art, cute, minimalist, colorful crayon drawing, clear definition"
"to swallow"|"Take the pill and swallow it with water."|"A person tilting their head back swallowing a pill with a glass of water in hand, A simple children's painting style, naive art, cute, minimalist, colorful crayon drawing, clear definition"
"to swear"|"He swore he was telling the truth."|"A man placing his hand on his chest with a serious expression swearing he is telling the truth, A simple children's painting style, naive art, cute, minimalist, colorful crayon drawing, clear definition"
"to sweep"|"Can you sweep the kitchen floor?"|"A child sweeping the kitchen floor with a large broom, dust gathered in a pile, A simple children's painting style, naive art, cute, minimalist, colorful crayon drawing, clear definition"
"to swell"|"Her ankle swelled up after the fall."|"A girl sitting on the ground holding her visibly swollen ankle after a fall, A simple children's painting style, naive art, cute, minimalist, colorful crayon drawing, clear definition"
"to swim"|"I swim at the pool three times a week."|"A person swimming laps in a bright blue outdoor pool on a sunny day, A simple children's painting style, naive art, cute, minimalist, colorful crayon drawing, clear definition"
"to swing"|"The kids love to swing at the park."|"Two happy children swinging high on swings in a sunny park, A simple children's painting style, naive art, cute, minimalist, colorful crayon drawing, clear definition"
"to switch"|"Can you switch the light off?"|"A person reaching up to flip a wall light switch off in a dark room, A simple children's painting style, naive art, cute, minimalist, colorful crayon drawing, clear definition"
"to tackle"|"We need to tackle this problem right away."|"Two people sitting at a table with a big problem written on a board facing them, A simple children's painting style, naive art, cute, minimalist, colorful crayon drawing, clear definition"
"to take"|"Take your umbrella — it might rain."|"A child grabbing an umbrella by the door as dark rain clouds gather outside, A simple children's painting style, naive art, cute, minimalist, colorful crayon drawing, clear definition"
"to talk"|"We need to talk about what happened."|"Two people sitting face to face at a table having a serious conversation, A simple children's painting style, naive art, cute, minimalist, colorful crayon drawing, clear definition"
"to tap"|"She tapped him on the shoulder to get his attention."|"A woman gently tapping a man on the shoulder from behind to get his attention, A simple children's painting style, naive art, cute, minimalist, colorful crayon drawing, clear definition"
"to target"|"The campaign targets young adults."|"A colorful advertisement billboard with an arrow pointing toward a group of young people, A simple children's painting style, naive art, cute, minimalist, colorful crayon drawing, clear definition"
"to taste"|"Can you taste the sauce and tell me if it needs more salt?"|"A person tasting sauce from a wooden spoon over a pot on the stove, A simple children's painting style, naive art, cute, minimalist, colorful crayon drawing, clear definition"
"to teach"|"She teaches math at a public school."|"A woman writing math equations on a chalkboard in front of students in a classroom, A simple children's painting style, naive art, cute, minimalist, colorful crayon drawing, clear definition"
"to tear"|"He accidentally tore the page."|"A boy looking surprised holding a book with a torn page in his hands, A simple children's painting style, naive art, cute, minimalist, colorful crayon drawing, clear definition"
"to tell"|"Tell me what happened."|"A child leaning in eagerly listening as a friend tells a story with expressive gestures, A simple children's painting style, naive art, cute, minimalist, colorful crayon drawing, clear definition"
"to tend"|"She tends to talk a lot when she's nervous."|"A nervous woman talking animatedly with wide eyes and hands gesturing in conversation, A simple children's painting style, naive art, cute, minimalist, colorful crayon drawing, clear definition"
"to test"|"The doctor tested her blood pressure."|"A doctor wrapping a blood pressure cuff around a patient's arm in a clinic, A simple children's painting style, naive art, cute, minimalist, colorful crayon drawing, clear definition"
"to testify"|"He was called to testify in court."|"A man standing at a witness stand speaking in a courtroom with a judge nearby, A simple children's painting style, naive art, cute, minimalist, colorful crayon drawing, clear definition"
"to thank"|"She thanked her teacher after class."|"A smiling girl handing flowers to her teacher outside the classroom after a lesson, A simple children's painting style, naive art, cute, minimalist, colorful crayon drawing, clear definition"
"to think"|"I think we should leave early."|"A person sitting with hand on chin thinking with a thought bubble showing an early departure, A simple children's painting style, naive art, cute, minimalist, colorful crayon drawing, clear definition"
"to threaten"|"He threatened to quit if nothing changed."|"An angry man pointing at the door while his coworkers look on with worried faces, A simple children's painting style, naive art, cute, minimalist, colorful crayon drawing, clear definition"
"to thrive"|"Kids thrive when they feel safe."|"Happy children playing and laughing together in a bright cozy home surrounded by warmth, A simple children's painting style, naive art, cute, minimalist, colorful crayon drawing, clear definition"
"to throw"|"She threw the ball across the yard."|"A girl throwing a red ball with full force across a green sunny backyard, A simple children's painting style, naive art, cute, minimalist, colorful crayon drawing, clear definition"
"to tie"|"Can you tie my shoes for me?"|"An adult kneeling down tying the shoelaces of a small child's sneakers, A simple children's painting style, naive art, cute, minimalist, colorful crayon drawing, clear definition"
"to tighten"|"He tightened the screw with a screwdriver."|"A man pressing a screwdriver firmly into a screw on a wooden surface, A simple children's painting style, naive art, cute, minimalist, colorful crayon drawing, clear definition"
"to tip"|"They tipped the waiter twenty percent."|"A smiling couple placing extra coins and bills on a restaurant table for the waiter, A simple children's painting style, naive art, cute, minimalist, colorful crayon drawing, clear definition"
"to tire"|"Long meetings tire me out."|"A person slumped tiredly in a chair at a long conference table full of people, A simple children's painting style, naive art, cute, minimalist, colorful crayon drawing, clear definition"
"to tolerate"|"I can't tolerate loud noises when I'm sleeping."|"A sleeping person covering their ears with a pillow as loud noise comes from outside, A simple children's painting style, naive art, cute, minimalist, colorful crayon drawing, clear definition"
"to top"|"Nothing tops a hot meal on a cold day."|"A person happily eating a steaming hot bowl of soup on a cold snowy day indoors, A simple children's painting style, naive art, cute, minimalist, colorful crayon drawing, clear definition"
"to toss"|"She tossed her keys onto the counter."|"A woman casually tossing a set of keys onto a kitchen counter as she arrives home, A simple children's painting style, naive art, cute, minimalist, colorful crayon drawing, clear definition"
"to touch"|"Don't touch the screen with dirty hands."|"A child with muddy hands reaching toward a clean tablet screen with a warning gesture nearby, A simple children's painting style, naive art, cute, minimalist, colorful crayon drawing, clear definition"
"to trace"|"The detective traced the call to a payphone."|"A detective in a coat pointing at a old payphone on a street corner, phone cord highlighted, A simple children's painting style, naive art, cute, minimalist, colorful crayon drawing, clear definition"
"to track"|"You can track your order on the website."|"A person at a computer watching a package icon moving along a map on screen, A simple children's painting style, naive art, cute, minimalist, colorful crayon drawing, clear definition"
"to trade"|"They traded baseball cards at recess."|"Two kids swapping colorful baseball cards on a playground during recess, A simple children's painting style, naive art, cute, minimalist, colorful crayon drawing, clear definition"
"to trail"|"The puppy trailed behind her everywhere."|"A small puppy trotting closely behind a girl walking through a house, A simple children's painting style, naive art, cute, minimalist, colorful crayon drawing, clear definition"
"to train"|"She trains at the gym three times a week."|"A woman lifting weights at a bright gym with a weekly calendar showing three marked days, A simple children's painting style, naive art, cute, minimalist, colorful crayon drawing, clear definition"
"to transfer"|"He transferred money to his sister's account."|"A man on his phone with a glowing arrow moving coins from one account to another, A simple children's painting style, naive art, cute, minimalist, colorful crayon drawing, clear definition"
"to transform"|"The renovation transformed the entire apartment."|"A split scene showing a old messy apartment on the left and a bright new apartment on the right, A simple children's painting style, naive art, cute, minimalist, colorful crayon drawing, clear definition"
"to translate"|"Can you translate this paragraph for me?"|"A person pointing at a page of foreign text while another writes the translation beside it, A simple children's painting style, naive art, cute, minimalist, colorful crayon drawing, clear definition"
"to transmit"|"Mosquitoes can transmit serious diseases."|"A large mosquito with a red warning symbol flying near a person's arm, A simple children's painting style, naive art, cute, minimalist, colorful crayon drawing, clear definition"
"to transport"|"The truck transports goods across the country."|"A big colorful truck loaded with boxes driving along a long road across a wide landscape, A simple children's painting style, naive art, cute, minimalist, colorful crayon drawing, clear definition"
"to trap"|"The animal got trapped in the fence."|"A small frightened animal caught with its leg stuck between wooden fence posts, A simple children's painting style, naive art, cute, minimalist, colorful crayon drawing, clear definition"
"to travel"|"She travels for work at least once a month."|"A woman with a suitcase boarding a plane with a calendar showing one trip per month, A simple children's painting style, naive art, cute, minimalist, colorful crayon drawing, clear definition"
"to treat"|"He treated his whole family to dinner."|"A smiling man at a restaurant table with his family raising glasses, he holds the bill cheerfully, A simple children's painting style, naive art, cute, minimalist, colorful crayon drawing, clear definition"
"to trigger"|"Loud noises can trigger anxiety in some people."|"A person covering their ears from a loud noise with wavy stress lines around their head, A simple children's painting style, naive art, cute, minimalist, colorful crayon drawing, clear definition"
"to trim"|"She trimmed her hair at home."|"A woman standing before a bathroom mirror snipping the ends of her own hair with scissors, A simple children's painting style, naive art, cute, minimalist, colorful crayon drawing, clear definition"
"to trouble"|"Something about his story troubles me."|"A person with a worried frown and a thought bubble showing a question mark over another person talking, A simple children's painting style, naive art, cute, minimalist, colorful crayon drawing, clear definition"
"to trust"|"I trust her completely."|"Two friends shaking hands warmly with a glowing heart between them and confident smiles, A simple children's painting style, naive art, cute, minimalist, colorful crayon drawing, clear definition"
"to try"|"Just try it — you might like it."|"A hesitant child holding a fork near a new colorful food on a plate, looking curious, A simple children's painting style, naive art, cute, minimalist, colorful crayon drawing, clear definition"
"to tuck"|"She tucked the kids in and turned off the light."|"A mother tucking a smiling child snugly under blankets in bed reaching for the lamp, A simple children's painting style, naive art, cute, minimalist, colorful crayon drawing, clear definition"
"to tune"|"He tuned his guitar before the show."|"A musician sitting backstage carefully tuning the strings of his guitar before a concert, A simple children's painting style, naive art, cute, minimalist, colorful crayon drawing, clear definition"
"to turn"|"Turn left at the next traffic light."|"A car at a green traffic light with a big curved arrow pointing left on the road, A simple children's painting style, naive art, cute, minimalist, colorful crayon drawing, clear definition"
"to twist"|"She twisted her ankle on the stairs."|"A girl sitting on stairs holding her ankle with a pained expression and a swollen foot, A simple children's painting style, naive art, cute, minimalist, colorful crayon drawing, clear definition"
"to uncover"|"Journalists uncovered the scandal last year."|"Two journalists with notepads pulling back a curtain to reveal hidden documents and files, A simple children's painting style, naive art, cute, minimalist, colorful crayon drawing, clear definition"
"to undergo"|"He underwent surgery last week."|"A man lying on a hospital bed in a surgical room with doctors and bright overhead lights, A simple children's painting style, naive art, cute, minimalist, colorful crayon drawing, clear definition"
"to undermine"|"Constant criticism undermines a child's confidence."|"An adult pointing and frowning at a small child who shrinks with drooping posture and sad eyes, A simple children's painting style, naive art, cute, minimalist, colorful crayon drawing, clear definition"
"to understand"|"I didn't understand the last question."|"A student at a desk staring at a test paper with a confused face and a big question mark above, A simple children's painting style, naive art, cute, minimalist, colorful crayon drawing, clear definition"
"to undertake"|"She undertook the project on her own."|"A determined woman sitting alone at a desk surrounded by project papers and a big plan board, A simple children's painting style, naive art, cute, minimalist, colorful crayon drawing, clear definition"
"to unfold"|"The story unfolds over three decades."|"An open storybook with scenes across three labeled decades spreading across its pages, A simple children's painting style, naive art, cute, minimalist, colorful crayon drawing, clear definition"
"to unite"|"The crisis united the whole community."|"A diverse group of neighbors standing together in a circle holding hands in front of their street, A simple children's painting style, naive art, cute, minimalist, colorful crayon drawing, clear definition"
"to update"|"Please update the app before using it."|"A phone screen showing an app icon with a spinning update progress bar and a notification alert, A simple children's painting style, naive art, cute, minimalist, colorful crayon drawing, clear definition"
"to upset"|"His comment really upset her."|"A woman with a sad and hurt expression after hearing harsh words from a man, A simple children's painting style, naive art, cute, minimalist, colorful crayon drawing, clear definition"
"to urge"|"The doctor urged him to quit smoking."|"A doctor pointing firmly at a no-smoking sign while talking to a patient holding a cigarette, A simple children's painting style, naive art, cute, minimalist, colorful crayon drawing, clear definition"
"to use"|"Use a fork, not your hands."|"A child reaching for food with their hand while an adult points to a fork on the table, A simple children's painting style, naive art, cute, minimalist, colorful crayon drawing, clear definition"
"to utilize"|"We should utilize the space more efficiently."|"Two people arranging furniture and shelves to fill an empty room more efficiently, A simple children's painting style, naive art, cute, minimalist, colorful crayon drawing, clear definition"
"to value"|"She values honesty above everything else."|"A woman holding a glowing golden star labeled honesty above a pile of other objects, A simple children's painting style, naive art, cute, minimalist, colorful crayon drawing, clear definition"
"to vanish"|"My keys vanished and I can't find them anywhere."|"A confused person searching everywhere while a set of keys disappears into thin air with a puff of smoke, A simple children's painting style, naive art, cute, minimalist, colorful crayon drawing, clear definition"
"to vary"|"Prices vary depending on the season."|"A price tag showing different numbers next to summer sun and winter snowflake symbols, A simple children's painting style, naive art, cute, minimalist, colorful crayon drawing, clear definition"
"to view"|"You can view the photos on my phone."|"Two friends smiling and looking at photos together on a smartphone screen, A simple children's painting style, naive art, cute, minimalist, colorful crayon drawing, clear definition"
"to violate"|"He violated the school rules."|"A boy running in a school hallway past a large no-running sign on the wall, A simple children's painting style, naive art, cute, minimalist, colorful crayon drawing, clear definition"
"to visit"|"We visited my grandma last weekend."|"A family with children knocking on an elderly grandmothers door and smiling at her, A simple children's painting style, naive art, cute, minimalist, colorful crayon drawing, clear definition"
"to volunteer"|"She volunteers at the animal shelter on Sundays."|"A cheerful girl in a volunteer vest cuddling a dog inside an animal shelter, A simple children's painting style, naive art, cute, minimalist, colorful crayon drawing, clear definition"
"to vote"|"Did you vote in the last election?"|"A person dropping a folded ballot paper into a large voting box at a polling station, A simple children's painting style, naive art, cute, minimalist, colorful crayon drawing, clear definition"
"to wait"|"Wait here. I'll be right back."|"A child sitting on a bench with a small bag looking patiently at a door, A simple children's painting style, naive art, cute, minimalist, colorful crayon drawing, clear definition"
"to wake"|"I wake up at six every morning."|"A person sitting up in bed stretching while an alarm clock on the nightstand shows six oclock, A simple children's painting style, naive art, cute, minimalist, colorful crayon drawing, clear definition"
"to walk"|"Let's walk to the park."|"Two friends walking together along a sunny path leading to a green park with trees, A simple children's painting style, naive art, cute, minimalist, colorful crayon drawing, clear definition"
"to wander"|"We wandered around the city for hours."|"Two people strolling leisurely through colorful city streets with no particular direction, A simple children's painting style, naive art, cute, minimalist, colorful crayon drawing, clear definition"
"to want"|"I want a glass of water, please."|"A thirsty child reaching out toward a tall glass of water on a table, A simple children's painting style, naive art, cute, minimalist, colorful crayon drawing, clear definition"
"to warm"|"Warm up the soup before you eat it."|"A person ladling soup from a pot on a lit stove with steam rising from the bowl, A simple children's painting style, naive art, cute, minimalist, colorful crayon drawing, clear definition"
"to warn"|"She warned me about the icy road."|"A woman pointing urgently at a slippery icy road ahead while a friend listens carefully, A simple children's painting style, naive art, cute, minimalist, colorful crayon drawing, clear definition"
"to wash"|"Wash your hands before dinner."|"A child scrubbing their hands under a running faucet with soap bubbles at a sink, A simple children's painting style, naive art, cute, minimalist, colorful crayon drawing, clear definition"
"to waste"|"Don't waste food."|"A child scraping a full plate of food into a trash bin while an adult looks disapprovingly, A simple children's painting style, naive art, cute, minimalist, colorful crayon drawing, clear definition"
"to watch"|"We watched a movie last night."|"Two people sitting together on a couch watching a glowing TV screen in a dark room, A simple children's painting style, naive art, cute, minimalist, colorful crayon drawing, clear definition"
"to wave"|"She waved goodbye from the window."|"A smiling woman leaning out of a window waving her hand goodbye to someone below, A simple children's painting style, naive art, cute, minimalist, colorful crayon drawing, clear definition"
"to weaken"|"The illness weakened him a lot."|"A pale tired boy lying in bed looking frail with a thermometer and tissues nearby, A simple children's painting style, naive art, cute, minimalist, colorful crayon drawing, clear definition"
"to wear"|"I always wear a jacket in winter."|"A person zipping up a warm jacket while snowflakes fall outside a frosty window, A simple children's painting style, naive art, cute, minimalist, colorful crayon drawing, clear definition"
"to weave"|"She weaves baskets by hand."|"A woman sitting and carefully weaving strips of reed together to form a round basket, A simple children's painting style, naive art, cute, minimalist, colorful crayon drawing, clear definition"
"to weigh"|"The baby weighs seven pounds."|"A nurse holding a smiling baby on a scale that displays seven pounds, A simple children's painting style, naive art, cute, minimalist, colorful crayon drawing, clear definition"
"to welcome"|"They welcomed us with open arms."|"A family standing at their front door with wide open arms greeting arriving guests warmly, A simple children's painting style, naive art, cute, minimalist, colorful crayon drawing, clear definition"
"to whip"|"Whip the cream until it's thick."|"A person using a whisk to beat cream in a bowl until it forms thick fluffy peaks, A simple children's painting style, naive art, cute, minimalist, colorful crayon drawing, clear definition"
"to whisper"|"He whispered something in her ear."|"A boy leaning close and whispering quietly into a girls ear while she listens and smiles, A simple children's painting style, naive art, cute, minimalist, colorful crayon drawing, clear definition"
"to win"|"Our team won the game!"|"A cheering soccer team lifting a golden trophy together on a green field, A simple children's painting style, naive art, cute, minimalist, colorful crayon drawing, clear definition"
"to wind"|"Wind the thread around the spool."|"A child carefully winding colorful thread around a wooden spool on a table, A simple children's painting style, naive art, cute, minimalist, colorful crayon drawing, clear definition"
"to wipe"|"Wipe the table before we eat."|"A person wiping a dining table clean with a cloth before a meal, A simple children's painting style, naive art, cute, minimalist, colorful crayon drawing, clear definition"
"to wish"|"I wish I could travel more."|"A person gazing dreamily at a world map on the wall with travel images floating around, A simple children's painting style, naive art, cute, minimalist, colorful crayon drawing, clear definition"
"to withdraw"|"He withdrew money from the ATM."|"A man pressing buttons on an ATM machine with banknotes coming out of the slot, A simple children's painting style, naive art, cute, minimalist, colorful crayon drawing, clear definition"
"to witness"|"She witnessed the accident from her car."|"A woman inside a car looking with wide eyes at a collision happening on the road ahead, A simple children's painting style, naive art, cute, minimalist, colorful crayon drawing, clear definition"
"to wonder"|"I wonder what she's thinking."|"A boy sitting quietly with a thought bubble showing a question mark above a girl nearby, A simple children's painting style, naive art, cute, minimalist, colorful crayon drawing, clear definition"
"to work"|"He works at a hospital downtown."|"A smiling man in scrubs walking through the entrance of a large hospital building downtown, A simple children's painting style, naive art, cute, minimalist, colorful crayon drawing, clear definition"
"to worry"|"Don't worry. Everything will be fine."|"A friend placing a reassuring hand on a worried person s shoulder with a warm smile, A simple children's painting style, naive art, cute, minimalist, colorful crayon drawing, clear definition"
"to wound"|"The soldier was wounded in battle."|"A soldier sitting on the ground with a bandage on his arm in a battlefield scene, A simple children's painting style, naive art, cute, minimalist, colorful crayon drawing, clear definition"
"to wrap"|"She wrapped the gift in colorful paper."|"A woman wrapping a box with bright colorful paper and a ribbon on a table, A simple children's painting style, naive art, cute, minimalist, colorful crayon drawing, clear definition"
"to write"|"He writes in his journal every night."|"A man sitting at a desk by lamplight writing in an open journal at night, A simple children's painting style, naive art, cute, minimalist, colorful crayon drawing, clear definition"
"to yell"|"Stop yelling. I can hear you fine."|"A person yelling loudly at another who looks calm with hands raised showing they can hear, A simple children's painting style, naive art, cute, minimalist, colorful crayon drawing, clear definition"
"to yield"|"That field yields a lot of corn every year."|"A wide sunny field full of tall green corn plants with a farmer smiling nearby, A simple children's painting style, naive art, cute, minimalist, colorful crayon drawing, clear definition"
"tobacco"|"My grandfather used to grow tobacco."|"An elderly man tending rows of tall green tobacco plants on a sunny farm, A simple children's painting style, naive art, cute, minimalist, colorful crayon drawing, clear definition"
"today"|"I have a dentist appointment today."|"A person sitting in a dentist chair with a dentist looking at their teeth in a bright clinic, A simple children's painting style, naive art, cute, minimalist, colorful crayon drawing, clear definition"
"toe"|"I stubbed my toe on the furniture."|"A person hopping on one foot grabbing their hurt toe beside a wooden furniture leg, A simple children's painting style, naive art, cute, minimalist, colorful crayon drawing, clear definition"
"together"|"Let's cook dinner together tonight."|"Two people smiling and cooking at the stove side by side in a cozy kitchen at night, A simple children's painting style, naive art, cute, minimalist, colorful crayon drawing, clear definition"
"toilet"|"The toilet in the bathroom is clogged."|"A clogged toilet in a bathroom with water overflowing and a plunger leaning against it, A simple children's painting style, naive art, cute, minimalist, colorful crayon drawing, clear definition"
"tolerance"|"Tolerance is an important value to teach kids."|"A teacher at a chalkboard with children of different backgrounds sitting together smiling, A simple children's painting style, naive art, cute, minimalist, colorful crayon drawing, clear definition"
"toll"|"There's a toll on this highway."|"A car stopped at a toll booth on a wide highway with a driver handing coins to an attendant, A simple children's painting style, naive art, cute, minimalist, colorful crayon drawing, clear definition"
"tomato"|"Add a sliced tomato to the salad."|"A hand placing bright red tomato slices onto a fresh green salad in a bowl, A simple children's painting style, naive art, cute, minimalist, colorful crayon drawing, clear definition"
"tomorrow"|"I have a big test tomorrow."|"A student at a desk studying late with a calendar on the wall showing the next day circled, A simple children's painting style, naive art, cute, minimalist, colorful crayon drawing, clear definition"
"tone"|"The tone of his voice made me nervous."|"A man speaking firmly with a serious expression while a listener looks anxious and tense, A simple children's painting style, naive art, cute, minimalist, colorful crayon drawing, clear definition"
"tongue"|"I burned my tongue on the hot coffee."|"A person holding a steaming coffee cup with a pained expression and tongue sticking out, A simple children's painting style, naive art, cute, minimalist, colorful crayon drawing, clear definition"
"tonight"|"Are you doing anything tonight?"|"Two friends chatting on a doorstep under a dark starry night sky with warm lights inside, A simple children's painting style, naive art, cute, minimalist, colorful crayon drawing, clear definition"
"too"|"I want some dessert too."|"A child eagerly raising their hand pointing at a dessert plate while others at the table already have one, A simple children's painting style, naive art, cute, minimalist, colorful crayon drawing, clear definition"
"tool"|"This is the right tool for the job."|"A worker holding up a specific tool confidently in front of a workbench full of tools, A simple children's painting style, naive art, cute, minimalist, colorful crayon drawing, clear definition"
"tooth"|"My tooth hurts when I drink cold water."|"A person wincing in pain while drinking a glass of cold water touching their cheek near a sore tooth, A simple children's painting style, naive art, cute, minimalist, colorful crayon drawing, clear definition"
"top"|"Put the box on the top shelf."|"A person on tiptoes placing a cardboard box onto the highest shelf on a tall bookcase, A simple children's painting style, naive art, cute, minimalist, colorful crayon drawing, clear definition"
"top"|"She graduated at the top of her class."|"A smiling girl in graduation cap and gown standing first in a line of graduates, A simple children's painting style, naive art, cute, minimalist, colorful crayon drawing, clear definition"
"top"|"There's a bird sitting on top of the fence."|"A small colorful bird perched on top of a wooden garden fence, A simple children's painting style, naive art, cute, minimalist, colorful crayon drawing, clear definition"
"topic"|"What's the topic of today's class?"|"A teacher pointing to a question mark written on a classroom chalkboard, students seated at desks, A simple children's painting style, naive art, cute, minimalist, colorful crayon drawing, clear definition"
"total"|"The total damage was over a thousand dollars."|"A crashed car with a large dollar amount written on a clipboard held by an inspector, A simple children's painting style, naive art, cute, minimalist, colorful crayon drawing, clear definition"
"total"|"What's the total for everything?"|"A cashier pointing to a receipt showing a large number total at a store counter, A simple children's painting style, naive art, cute, minimalist, colorful crayon drawing, clear definition"
"totally"|"I totally forgot about the meeting."|"A man slapping his forehead in surprise seeing a missed meeting on his wall calendar, A simple children's painting style, naive art, cute, minimalist, colorful crayon drawing, clear definition"
"touch"|"The touch of her hand was warm."|"A woman gently placing her warm glowing hand on another persons hand on a table, A simple children's painting style, naive art, cute, minimalist, colorful crayon drawing, clear definition"
"touchdown"|"He scored a touchdown in the final minute."|"A football player crossing the end zone line holding the ball triumphantly above his head, A simple children's painting style, naive art, cute, minimalist, colorful crayon drawing, clear definition"
"tough"|"This meat is really tough."|"A man struggling to cut a thick piece of steak with a knife at a dinner table, A simple children's painting style, naive art, cute, minimalist, colorful crayon drawing, clear definition"
"tour"|"They took a tour of the city."|"A group of tourists following a guide past famous city landmarks on a sunny day, A simple children's painting style, naive art, cute, minimalist, colorful crayon drawing, clear definition"
"tourism"|"Tourism is the main industry here."|"A busy town square filled with souvenir shops hotels and camera-carrying visitors, A simple children's painting style, naive art, cute, minimalist, colorful crayon drawing, clear definition"
"tourist"|"The square was full of tourists."|"A crowded town square packed with tourists taking photos and carrying maps and cameras, A simple children's painting style, naive art, cute, minimalist, colorful crayon drawing, clear definition"
"tournament"|"Our team made it to the tournament finals."|"Two sports teams facing each other on a field under a banner reading Finals, A simple children's painting style, naive art, cute, minimalist, colorful crayon drawing, clear definition"
"toward"|"She walked toward the door."|"A woman walking with purpose directly toward a closed wooden door at the end of a hallway, A simple children's painting style, naive art, cute, minimalist, colorful crayon drawing, clear definition"
"towards"|"He looked towards the window."|"A boy turning his head and gazing towards a bright sunlit window across the room, A simple children's painting style, naive art, cute, minimalist, colorful crayon drawing, clear definition"
"towel"|"Grab a towel before you get in the shower."|"A person reaching for a folded towel hanging on a hook next to a shower, A simple children's painting style, naive art, cute, minimalist, colorful crayon drawing, clear definition"
"tower"|"You can see the whole city from the tower."|"A person standing at the top of a tall tower overlooking a colorful sprawling city below, A simple children's painting style, naive art, cute, minimalist, colorful crayon drawing, clear definition"
"town"|"She grew up in a small town."|"A little girl playing outside in a quiet small town with a few cozy houses and a church, A simple children's painting style, naive art, cute, minimalist, colorful crayon drawing, clear definition"
"toxic"|"That relationship became really toxic."|"Two people arguing with dark storm clouds and red lightning forming above their heads, A simple children's painting style, naive art, cute, minimalist, colorful crayon drawing, clear definition"
"toy"|"The kids left their toys all over the floor."|"A living room floor completely covered with scattered colorful toys and children walking away, A simple children's painting style, naive art, cute, minimalist, colorful crayon drawing, clear definition"
"trace"|"The police found no trace of the suspect."|"A detective crouching on the ground with a magnifying glass finding nothing at a crime scene, A simple children's painting style, naive art, cute, minimalist, colorful crayon drawing, clear definition"
"track"|"Keep track of your expenses this month."|"A person writing numbers and receipts into a notebook on a desk with coins nearby, A simple children's painting style, naive art, cute, minimalist, colorful crayon drawing, clear definition"
"trade"|"The two countries have a strong trade agreement."|"Two leaders from different countries shaking hands over a table with goods and flags behind them, A simple children's painting style, naive art, cute, minimalist, colorful crayon drawing, clear definition"
"trading"|"He works in stock trading."|"A man at a desk watching colorful rising and falling stock chart lines on a computer screen, A simple children's painting style, naive art, cute, minimalist, colorful crayon drawing, clear definition"
"tradition"|"It's a family tradition to eat together on Sundays."|"A large happy family gathered around a big Sunday dinner table sharing a meal together, A simple children's painting style, naive art, cute, minimalist, colorful crayon drawing, clear definition"
"traditional"|"They served traditional food at the festival."|"Festival vendors presenting colorful platters of traditional cultural dishes at outdoor food stalls, A simple children's painting style, naive art, cute, minimalist, colorful crayon drawing, clear definition"
"traditionally"|"Traditionally, families gather for the holidays."|"Multiple generations of a family arriving at a decorated holiday home carrying gifts and food, A simple children's painting style, naive art, cute, minimalist, colorful crayon drawing, clear definition"
"traffic"|"I was stuck in traffic for an hour."|"A frustrated driver sitting in a long line of colorful cars completely stopped on a city road, A simple children's painting style, naive art, cute, minimalist, colorful crayon drawing, clear definition"
"tragedy"|"The accident was a real tragedy."|"People gathered around a crashed car on a road with sad expressions and emergency vehicles nearby, A simple children's painting style, naive art, cute, minimalist, colorful crayon drawing, clear definition"
"tragic"|"It was a tragic loss for the whole community."|"A sad community of people comforting each other in a town square under a cloudy grey sky, A simple children's painting style, naive art, cute, minimalist, colorful crayon drawing, clear definition"
"trail"|"We hiked a beautiful trail in the mountains."|"Two hikers walking along a narrow dirt trail through green mountain scenery, A simple children's painting style, naive art, cute, minimalist, colorful crayon drawing, clear definition"
"trailer"|"They lived in a trailer for a few months."|"A small family standing outside a cozy trailer parked in a grassy field, A simple children's painting style, naive art, cute, minimalist, colorful crayon drawing, clear definition"
"train"|"The train leaves at seven in the morning."|"A colorful train departing a station platform under an early morning sky, A simple children's painting style, naive art, cute, minimalist, colorful crayon drawing, clear definition"
"trainer"|"My trainer says I need to sleep more."|"A fitness trainer in sporty clothes talking to a tired athlete at a gym, A simple children's painting style, naive art, cute, minimalist, colorful crayon drawing, clear definition"
"training"|"The new employees are still in training."|"A group of new employees sitting at desks while a trainer writes on a whiteboard, A simple children's painting style, naive art, cute, minimalist, colorful crayon drawing, clear definition"
"trait"|"Patience is one of her best traits."|"A calm smiling woman sitting quietly while a long line of people waits around her, A simple children's painting style, naive art, cute, minimalist, colorful crayon drawing, clear definition"
"transaction"|"The transaction was completed in seconds."|"A person tapping a credit card on a payment terminal at a store counter, A simple children's painting style, naive art, cute, minimalist, colorful crayon drawing, clear definition"
"transfer"|"I need to make a bank transfer today."|"A person sitting at a desk typing on a laptop with a bank transfer screen visible, A simple children's painting style, naive art, cute, minimalist, colorful crayon drawing, clear definition"
"transformation"|"The renovation was a total transformation of the space."|"A dull old room on the left and a bright renovated room on the right showing dramatic change, A simple children's painting style, naive art, cute, minimalist, colorful crayon drawing, clear definition"
"transit"|"The package is currently in transit."|"A delivery truck driving down a road with a cardboard package visible inside, A simple children's painting style, naive art, cute, minimalist, colorful crayon drawing, clear definition"
"transition"|"The transition to remote work was hard at first."|"A confused person moving from an office desk to a home desk with a laptop, A simple children's painting style, naive art, cute, minimalist, colorful crayon drawing, clear definition"
"translation"|"The translation of the document took two days."|"A person at a desk carefully reading a foreign document and writing its translation beside it, A simple children's painting style, naive art, cute, minimalist, colorful crayon drawing, clear definition"
"transmission"|"The car has problems with the transmission."|"A mechanic under a car looking at the transmission with a worried expression, A simple children's painting style, naive art, cute, minimalist, colorful crayon drawing, clear definition"
"transport"|"Public transport here is very reliable."|"A clean bus and a metro train side by side on a busy city street, A simple children's painting style, naive art, cute, minimalist, colorful crayon drawing, clear definition"
"transportation"|"How do you get to work? What's your transportation?"|"A person pointing to a bicycle parked outside an office building on a sunny morning, A simple children's painting style, naive art, cute, minimalist, colorful crayon drawing, clear definition"
"trap"|"The mouse walked right into the trap."|"A small mouse stepping into a wooden mousetrap baited with cheese on a floor, A simple children's painting style, naive art, cute, minimalist, colorful crayon drawing, clear definition"
"trash"|"Can you take out the trash before you leave?"|"A child carrying a tied garbage bag toward a large trash bin outside the front door, A simple children's painting style, naive art, cute, minimalist, colorful crayon drawing, clear definition"
"trauma"|"The accident caused lasting trauma."|"A person sitting alone looking sad with a memory of a car accident floating above their head, A simple children's painting style, naive art, cute, minimalist, colorful crayon drawing, clear definition"
"travel"|"International travel can be exhausting."|"A tired traveler slouched in an airport seat surrounded by luggage and departure signs, A simple children's painting style, naive art, cute, minimalist, colorful crayon drawing, clear definition"
"traveler"|"She's an experienced traveler."|"A confident woman with a backpack and passport standing in front of a world map, A simple children's painting style, naive art, cute, minimalist, colorful crayon drawing, clear definition"
"tray"|"Put your dishes on the tray."|"A child placing a bowl and plate onto a large rectangular tray in a cafeteria, A simple children's painting style, naive art, cute, minimalist, colorful crayon drawing, clear definition"
"treasure"|"The old box was full of treasure."|"A child opening an old wooden box overflowing with gold coins and sparkling jewels, A simple children's painting style, naive art, cute, minimalist, colorful crayon drawing, clear definition"
"treatment"|"She's receiving treatment for her illness."|"A woman lying in a hospital bed while a nurse administers medical treatment beside her, A simple children's painting style, naive art, cute, minimalist, colorful crayon drawing, clear definition"
"treaty"|"The two countries signed a peace treaty."|"Two smiling leaders shaking hands across a table while signing a large official document, A simple children's painting style, naive art, cute, minimalist, colorful crayon drawing, clear definition"
"tree"|"There's a big tree in our backyard."|"A large leafy tree standing tall in a sunny green backyard behind a small house, A simple children's painting style, naive art, cute, minimalist, colorful crayon drawing, clear definition"
"tremendous"|"The concert was a tremendous success."|"A packed stadium crowd cheering wildly as a band performs on a brightly lit stage, A simple children's painting style, naive art, cute, minimalist, colorful crayon drawing, clear definition"
"trend"|"That fashion trend is everywhere right now."|"Multiple people on a busy street all wearing the same trendy fashion style and color, A simple children's painting style, naive art, cute, minimalist, colorful crayon drawing, clear definition"
"trial"|"The trial lasted three weeks."|"A judge sitting at a bench in a courtroom while lawyers stand before the jury, A simple children's painting style, naive art, cute, minimalist, colorful crayon drawing, clear definition"
"tribal"|"They studied tribal customs in the region."|"Two researchers observing colorful tribal ceremonies and traditional customs in a village setting, A simple children's painting style, naive art, cute, minimalist, colorful crayon drawing, clear definition"
"tribe"|"The tribe has lived here for centuries."|"A group of people in traditional clothing gathered together in a lush ancient village, A simple children's painting style, naive art, cute, minimalist, colorful crayon drawing, clear definition"
"trick"|"He learned a new card trick."|"A boy watching a magician fan out playing cards and perform a card trick, A simple children's painting style, naive art, cute, minimalist, colorful crayon drawing, clear definition"
"trip"|"We're planning a trip to New York."|"A family gathered around a table with a map and New York City skyline in the background, A simple children's painting style, naive art, cute, minimalist, colorful crayon drawing, clear definition"
"triumph"|"Winning the championship was a real triumph."|"A smiling athlete holding a large trophy above their head on a championship podium, A simple children's painting style, naive art, cute, minimalist, colorful crayon drawing, clear definition"
"troop"|"A troop of soldiers marched through the street."|"A line of soldiers in uniform marching together down a wide city street, A simple children's painting style, naive art, cute, minimalist, colorful crayon drawing, clear definition"
"tropical"|"I love tropical fruits like mango and papaya."|"A happy child holding a mango and papaya surrounded by colorful tropical fruits, A simple children's painting style, naive art, cute, minimalist, colorful crayon drawing, clear definition"
"trouble"|"He got into trouble at school."|"A sad boy standing in front of a stern teacher inside a school classroom, A simple children's painting style, naive art, cute, minimalist, colorful crayon drawing, clear definition"
"troubled"|"She looked troubled after reading the message."|"A girl with a worried frown holding a phone and reading a message, A simple children's painting style, naive art, cute, minimalist, colorful crayon drawing, clear definition"
"truck"|"A big truck blocked the street."|"A large red truck stopped in the middle of a narrow city street blocking traffic, A simple children's painting style, naive art, cute, minimalist, colorful crayon drawing, clear definition"
"true"|"Is that story true?"|"A child pointing at an open storybook with a big question mark floating above it, A simple children's painting style, naive art, cute, minimalist, colorful crayon drawing, clear definition"
"truly"|"I'm truly sorry for what happened."|"A boy with hands pressed together and a genuinely sorry expression facing another child, A simple children's painting style, naive art, cute, minimalist, colorful crayon drawing, clear definition"
"trunk"|"He packed his clothes in a large trunk."|"A boy folding and placing colorful clothes into a large old-fashioned wooden trunk, A simple children's painting style, naive art, cute, minimalist, colorful crayon drawing, clear definition"
"trust"|"It takes time to build trust."|"Two children shaking hands and smiling warmly at each other under a sunny sky, A simple children's painting style, naive art, cute, minimalist, colorful crayon drawing, clear definition"
"truth"|"Please tell me the truth."|"A child looking directly at another with an open honest expression and hands raised, A simple children's painting style, naive art, cute, minimalist, colorful crayon drawing, clear definition"
"tube"|"The toothpaste tube is almost empty."|"A hand squeezing a nearly flat toothpaste tube onto a toothbrush at a bathroom sink, A simple children's painting style, naive art, cute, minimalist, colorful crayon drawing, clear definition"
"tumor"|"The doctor found a small tumor."|"A doctor in a white coat pointing at an X-ray scan on a lightboard in a clinic, A simple children's painting style, naive art, cute, minimalist, colorful crayon drawing, clear definition"
"tune"|"I can't get that tune out of my head."|"A child with musical notes swirling around their head looking happy and distracted, A simple children's painting style, naive art, cute, minimalist, colorful crayon drawing, clear definition"
"tunnel"|"The train goes through a long tunnel."|"A colorful train entering the dark opening of a long tunnel through a green mountain, A simple children's painting style, naive art, cute, minimalist, colorful crayon drawing, clear definition"
"turkey"|"We always eat turkey on Thanksgiving."|"A family sitting at a Thanksgiving table with a large roasted turkey as centerpiece, A simple children's painting style, naive art, cute, minimalist, colorful crayon drawing, clear definition"
"turn"|"It's your turn to wash the dishes."|"A child standing at a kitchen sink with dish soap ready while another child points at them, A simple children's painting style, naive art, cute, minimalist, colorful crayon drawing, clear definition"
"TV"|"They watch TV after dinner every night."|"A family sitting together on a couch watching a glowing television after a dinner table meal, A simple children's painting style, naive art, cute, minimalist, colorful crayon drawing, clear definition"
"twelve"|"There are twelve months in a year."|"A colorful calendar showing all twelve months of the year spread open on a wall, A simple children's painting style, naive art, cute, minimalist, colorful crayon drawing, clear definition"
"twentieth"|"Her birthday is on the twentieth of March."|"A girl pointing happily at the number 20 circled on a March calendar page, A simple children's painting style, naive art, cute, minimalist, colorful crayon drawing, clear definition"
"twenty"|"She's twenty years old."|"A smiling young woman standing beside a birthday cake with the number 20 on it, A simple children's painting style, naive art, cute, minimalist, colorful crayon drawing, clear definition"
"twice"|"I brush my teeth twice a day."|"A child brushing teeth in the morning and again at night shown in two side-by-side scenes, A simple children's painting style, naive art, cute, minimalist, colorful crayon drawing, clear definition"
"twin"|"She has a twin sister."|"Two identical girls with matching clothes and hairstyles standing side by side and smiling, A simple children's painting style, naive art, cute, minimalist, colorful crayon drawing, clear definition"
"twist"|"The story had an unexpected twist at the end."|"A child reading a book with a shocked surprised expression and a big exclamation mark above, A simple children's painting style, naive art, cute, minimalist, colorful crayon drawing, clear definition"
"two"|"I have two brothers."|"A boy standing happily between his two brothers all smiling together outdoors, A simple children's painting style, naive art, cute, minimalist, colorful crayon drawing, clear definition"
"two-thirds"|"Two-thirds of the students passed the test."|"A classroom with two thirds of the students holding green checkmark papers and one third holding red papers, A simple children's painting style, naive art, cute, minimalist, colorful crayon drawing, clear definition"
"type"|"What type of music do you like?"|"A child surrounded by icons of different music types like rock jazz and classical looking curious, A simple children's painting style, naive art, cute, minimalist, colorful crayon drawing, clear definition"
"typical"|"This is a typical Brazilian breakfast."|"A table set with a typical Brazilian breakfast showing bread cheese fruit and coffee, A simple children's painting style, naive art, cute, minimalist, colorful crayon drawing, clear definition"
"typically"|"She typically wakes up at six."|"A woman turning off an alarm clock showing six in the morning, sunlight through window, A simple children's painting style, naive art, cute, minimalist, colorful crayon drawing, clear definition"
"ugly"|"That building is really ugly."|"A crooked crumbling gray building with broken windows people frowning at it, A simple children's painting style, naive art, cute, minimalist, colorful crayon drawing, clear definition"
"uh"|"Uh, I'm not sure about that."|"A boy scratching his head with a question mark above him looking puzzled, A simple children's painting style, naive art, cute, minimalist, colorful crayon drawing, clear definition"
"ultimate"|"That was the ultimate test of patience."|"A person sweating nervously sitting at a very long difficult exam paper, A simple children's painting style, naive art, cute, minimalist, colorful crayon drawing, clear definition"
"ultimately"|"Ultimately, it was her decision."|"A woman standing alone at a crossroads pointing confidently in one direction, A simple children's painting style, naive art, cute, minimalist, colorful crayon drawing, clear definition"
"unable"|"He was unable to sleep last night."|"A man lying wide awake in bed at night staring at the ceiling, A simple children's painting style, naive art, cute, minimalist, colorful crayon drawing, clear definition"
"uncertain"|"The future feels uncertain right now."|"A person standing at a foggy road unable to see what is ahead, A simple children's painting style, naive art, cute, minimalist, colorful crayon drawing, clear definition"
"uncertainty"|"There's a lot of uncertainty about the new policy."|"A group of worried people gathered around a bulletin board with a blurry document, A simple children's painting style, naive art, cute, minimalist, colorful crayon drawing, clear definition"
"uncle"|"My uncle lives in Texas."|"A smiling middle-aged man standing in front of a house with a Texas flag, A simple children's painting style, naive art, cute, minimalist, colorful crayon drawing, clear definition"
"uncomfortable"|"This chair is really uncomfortable."|"A person sitting stiffly on a hard spiky wooden chair with a pained expression, A simple children's painting style, naive art, cute, minimalist, colorful crayon drawing, clear definition"
"under"|"The cat is sleeping under the bed."|"A fluffy cat curled up sleeping under a bed in a cozy bedroom, A simple children's painting style, naive art, cute, minimalist, colorful crayon drawing, clear definition"
"under"|"She dove under and came back up."|"A girl diving beneath the surface of a pool and coming back up splashing, A simple children's painting style, naive art, cute, minimalist, colorful crayon drawing, clear definition"
"undergraduate"|"She's an undergraduate at UCLA."|"A young woman in a college campus backpack smiling holding textbooks near a university sign, A simple children's painting style, naive art, cute, minimalist, colorful crayon drawing, clear definition"
"underlying"|"Stress is the underlying cause of his health problems."|"A tired man with a stress cloud hidden beneath surface arrows pointing to health symbols, A simple children's painting style, naive art, cute, minimalist, colorful crayon drawing, clear definition"
"understanding"|"We need a better understanding of the situation."|"Two people studying a complex diagram together pointing and nodding thoughtfully, A simple children's painting style, naive art, cute, minimalist, colorful crayon drawing, clear definition"
"unemployment"|"Unemployment rose sharply during the recession."|"A long line of people with briefcases waiting outside a closed factory with a hiring sign removed, A simple children's painting style, naive art, cute, minimalist, colorful crayon drawing, clear definition"
"unexpected"|"The test results were completely unexpected."|"A student dropping papers in shock after reading a surprising test result, A simple children's painting style, naive art, cute, minimalist, colorful crayon drawing, clear definition"
"unfair"|"It's unfair that he got a raise and I didn't."|"Two workers at desks one receiving a large money bag the other receiving nothing looking upset, A simple children's painting style, naive art, cute, minimalist, colorful crayon drawing, clear definition"
"unfortunately"|"Unfortunately, we missed the last bus."|"Two people arriving at a bus stop just as the last bus drives away at night, A simple children's painting style, naive art, cute, minimalist, colorful crayon drawing, clear definition"
"unhappy"|"She looked unhappy when she heard the news."|"A woman with a sad frown holding a phone after hearing bad news, A simple children's painting style, naive art, cute, minimalist, colorful crayon drawing, clear definition"
"uniform"|"All students must wear a uniform."|"A row of smiling children all wearing matching school uniforms standing in a classroom, A simple children's painting style, naive art, cute, minimalist, colorful crayon drawing, clear definition"
"union"|"He joined the teachers' union last year."|"A man shaking hands with union representatives holding a teachers union banner, A simple children's painting style, naive art, cute, minimalist, colorful crayon drawing, clear definition"
"unique"|"Every person's fingerprint is unique."|"Several fingers each showing a different distinct fingerprint pattern side by side, A simple children's painting style, naive art, cute, minimalist, colorful crayon drawing, clear definition"
"unit"|"The first unit of the course covers basic grammar."|"An open textbook showing unit one with grammar notes and a pencil beside it, A simple children's painting style, naive art, cute, minimalist, colorful crayon drawing, clear definition"
"United"|"They are from the United States."|"Two smiling people standing in front of a large colorful United States map and flag, A simple children's painting style, naive art, cute, minimalist, colorful crayon drawing, clear definition"
"unity"|"The speech called for national unity."|"A speaker at a podium addressing a diverse crowd of people holding hands together, A simple children's painting style, naive art, cute, minimalist, colorful crayon drawing, clear definition"
"universal"|"Clean water is a universal human right."|"People of different backgrounds from around the world each holding a glass of clean water, A simple children's painting style, naive art, cute, minimalist, colorful crayon drawing, clear definition"
"universe"|"Scientists are still exploring the universe."|"A scientist looking through a telescope at stars planets and galaxies in the night sky, A simple children's painting style, naive art, cute, minimalist, colorful crayon drawing, clear definition"
"university"|"She got accepted to a great university."|"A happy girl holding an acceptance letter in front of a large university building, A simple children's painting style, naive art, cute, minimalist, colorful crayon drawing, clear definition"
"unknown"|"The cause of the fire is still unknown."|"Firefighters and investigators standing before a burned building with a large question mark above, A simple children's painting style, naive art, cute, minimalist, colorful crayon drawing, clear definition"
"unless"|"Don't leave unless I tell you to."|"A child standing at a door, frozen, waiting for a seated adult to speak, A simple children's painting style, naive art, cute, minimalist, colorful crayon drawing, clear definition"
"unlike"|"Unlike her sister, she loves spicy food."|"Two sisters at a table, one happily eating a chili pepper dish while the other frowns at it, A simple children's painting style, naive art, cute, minimalist, colorful crayon drawing, clear definition"
"unlike"|"Their personalities are completely unlike."|"Two children standing side by side, one cheerful and loud, the other quiet and reading a book, A simple children's painting style, naive art, cute, minimalist, colorful crayon drawing, clear definition"
"unlikely"|"It's unlikely that school will be canceled."|"A child looking hopefully at a sunny sky holding a school backpack, looking disappointed, A simple children's painting style, naive art, cute, minimalist, colorful crayon drawing, clear definition"
"unprecedented"|"The storm caused unprecedented damage."|"A town with fallen trees, flooded streets, and collapsed fences after a massive storm, A simple children's painting style, naive art, cute, minimalist, colorful crayon drawing, clear definition"
"until"|"We waited until the rain stopped."|"Two children sitting on a porch watching heavy rain, waiting patiently for it to stop, A simple children's painting style, naive art, cute, minimalist, colorful crayon drawing, clear definition"
"until"|"The store is open until nine."|"A shop with a lit sign showing nine o clock and an open sign on the door at night, A simple children's painting style, naive art, cute, minimalist, colorful crayon drawing, clear definition"
"unusual"|"It's unusual for him to be late."|"A surprised group of friends staring at an empty chair and a clock showing the person is late, A simple children's painting style, naive art, cute, minimalist, colorful crayon drawing, clear definition"
"up"|"She stood up and left the room."|"A girl rising from her chair and walking toward the open door of a bright room, A simple children's painting style, naive art, cute, minimalist, colorful crayon drawing, clear definition"
"up"|"We walked up the stairs slowly."|"Two children slowly climbing a tall staircase inside a house, A simple children's painting style, naive art, cute, minimalist, colorful crayon drawing, clear definition"
"upon"|"She knocked upon the old wooden door."|"A girl raising her fist to knock on a large old wooden door with iron hinges, A simple children's painting style, naive art, cute, minimalist, colorful crayon drawing, clear definition"
"upper"|"The files are on the upper shelf."|"A person reaching up to grab folders from the highest shelf on a tall bookcase, A simple children's painting style, naive art, cute, minimalist, colorful crayon drawing, clear definition"
"upset"|"He was really upset about losing the game."|"A boy sitting on a bench with a sad frown, a lost soccer game scoreboard behind him, A simple children's painting style, naive art, cute, minimalist, colorful crayon drawing, clear definition"
"upstairs"|"The bedrooms are upstairs."|"A child pointing up a staircase toward a hallway with bedroom doors visible above, A simple children's painting style, naive art, cute, minimalist, colorful crayon drawing, clear definition"
"urban"|"They moved from a rural town to an urban area."|"A family carrying boxes leaving a small farm and arriving at a busy city street with tall buildings, A simple children's painting style, naive art, cute, minimalist, colorful crayon drawing, clear definition"
"us"|"Can you help us?"|"Two children looking up at an adult with open hands and hopeful expressions asking for help, A simple children's painting style, naive art, cute, minimalist, colorful crayon drawing, clear definition"
"use"|"What's the use of complaining?"|"A child frowning and complaining loudly while nothing around them changes at all, A simple children's painting style, naive art, cute, minimalist, colorful crayon drawing, clear definition"
"used"|"I'm used to waking up early."|"A boy cheerfully waking up at sunrise, turning off an alarm clock with ease and stretching, A simple children's painting style, naive art, cute, minimalist, colorful crayon drawing, clear definition"
"useful"|"This app is really useful for learning English."|"A child smiling at a tablet showing English words and exercises with a glowing helpful interface, A simple children's painting style, naive art, cute, minimalist, colorful crayon drawing, clear definition"
"user"|"The app has over a million users."|"A crowd of smiling people each holding a phone displaying the same colorful app icon, A simple children's painting style, naive art, cute, minimalist, colorful crayon drawing, clear definition"
"usual"|"He ordered his usual coffee."|"A smiling man at a cafe counter pointing to the menu and the barista nodding knowingly, A simple children's painting style, naive art, cute, minimalist, colorful crayon drawing, clear definition"
"usually"|"I usually have breakfast at seven."|"A child sitting at a breakfast table with cereal and juice, a clock on the wall showing seven, A simple children's painting style, naive art, cute, minimalist, colorful crayon drawing, clear definition"
"utility"|"The utility bill was higher than expected."|"A surprised person holding a large bill envelope next to icons of electricity, water, and gas, A simple children's painting style, naive art, cute, minimalist, colorful crayon drawing, clear definition"
"vacation"|"We're going to Florida for vacation."|"A happy family with suitcases boarding a plane with a sunny beach destination visible below, A simple children's painting style, naive art, cute, minimalist, colorful crayon drawing, clear definition"
"vaccine"|"The nurse gave him the flu vaccine."|"A nurse in white giving a small injection to a boy's arm in a bright medical clinic, A simple children's painting style, naive art, cute, minimalist, colorful crayon drawing, clear definition"
"vacuum"|"She ran the vacuum through the whole house."|"A woman pushing a vacuum cleaner across the floor of a living room, cleaning every corner, A simple children's painting style, naive art, cute, minimalist, colorful crayon drawing, clear definition"
"valid"|"Your ticket is valid for 30 days."|"A smiling person holding a transit ticket with a green checkmark and the number 30 visible, A simple children's painting style, naive art, cute, minimalist, colorful crayon drawing, clear definition"
"validity"|"No one questioned the validity of his argument."|"A man speaking confidently at a podium while an attentive audience nods in agreement, A simple children's painting style, naive art, cute, minimalist, colorful crayon drawing, clear definition"
"valley"|"The river runs through a narrow valley."|"A winding blue river flowing between two green hills in a narrow peaceful valley, A simple children's painting style, naive art, cute, minimalist, colorful crayon drawing, clear definition"
"valuable"|"That ring is very valuable."|"A shining gold ring with a large gemstone displayed on a velvet cushion inside a glass case, A simple children's painting style, naive art, cute, minimalist, colorful crayon drawing, clear definition"
"value"|"The value of the house has gone up."|"A house with a price tag showing a rising arrow above it, A simple children's painting style, naive art, cute, minimalist, colorful crayon drawing, clear definition"
"van"|"They rented a van to move the furniture."|"Two people loading a large sofa into a white van parked outside a house, A simple children's painting style, naive art, cute, minimalist, colorful crayon drawing, clear definition"
"variable"|"Temperature is an important variable in this experiment."|"A scientist in a lab adjusting a thermometer next to bubbling test tubes on a table, A simple children's painting style, naive art, cute, minimalist, colorful crayon drawing, clear definition"
"variation"|"There is some variation in price depending on the season."|"A price tag showing different amounts next to summer and winter seasonal symbols, A simple children's painting style, naive art, cute, minimalist, colorful crayon drawing, clear definition"
"variety"|"This store sells a wide variety of cheeses."|"A shop counter displaying many different types and shapes of colorful cheeses, A simple children's painting style, naive art, cute, minimalist, colorful crayon drawing, clear definition"
"various"|"We talked about various topics at dinner."|"A family sitting around a dinner table with speech bubbles showing different topic icons, A simple children's painting style, naive art, cute, minimalist, colorful crayon drawing, clear definition"
"vast"|"The desert is vast and empty."|"An endless flat sandy desert stretching to the horizon under a bright sun, A simple children's painting style, naive art, cute, minimalist, colorful crayon drawing, clear definition"
"vegetable"|"She added a vegetable to the soup."|"A woman dropping a bright green broccoli into a steaming pot of soup on the stove, A simple children's painting style, naive art, cute, minimalist, colorful crayon drawing, clear definition"
"vehicle"|"The vehicle broke down on the highway."|"A car stopped on a highway with smoke coming from the hood, a driver standing beside it, A simple children's painting style, naive art, cute, minimalist, colorful crayon drawing, clear definition"
"vendor"|"The vendor set up a stand on the corner."|"A smiling person arranging fruits on a wooden stand at a street corner, A simple children's painting style, naive art, cute, minimalist, colorful crayon drawing, clear definition"
"venture"|"Starting a new business is always a risky venture."|"A nervous person standing at the door of a brand new small shop holding a key, A simple children's painting style, naive art, cute, minimalist, colorful crayon drawing, clear definition"
"verbal"|"The teacher gave a verbal warning to the student."|"A teacher leaning toward a seated student and speaking firmly with a raised finger, A simple children's painting style, naive art, cute, minimalist, colorful crayon drawing, clear definition"
"verdict"|"The jury reached a verdict after two days."|"A jury panel in a courtroom with a judge holding a gavel and a paper on the bench, A simple children's painting style, naive art, cute, minimalist, colorful crayon drawing, clear definition"
"version"|"Have you updated to the latest version of the app?"|"A phone screen showing an app update notification with a new version number highlighted, A simple children's painting style, naive art, cute, minimalist, colorful crayon drawing, clear definition"
"versus"|"It was the home team versus the visiting team."|"Two soccer teams in different colored jerseys facing each other on a green field, A simple children's painting style, naive art, cute, minimalist, colorful crayon drawing, clear definition"
"vertical"|"Draw a vertical line down the center of the page."|"A child drawing a straight vertical line down the middle of a white sheet of paper, A simple children's painting style, naive art, cute, minimalist, colorful crayon drawing, clear definition"
"very"|"She was very tired after work."|"A woman slumped on a couch with drooping eyes and a bag dropped at her feet, A simple children's painting style, naive art, cute, minimalist, colorful crayon drawing, clear definition"
"very"|"That was the very moment everything changed."|"A person frozen in surprise as a clock on the wall marks a single dramatic moment, A simple children's painting style, naive art, cute, minimalist, colorful crayon drawing, clear definition"
"vessel"|"The vessel arrived at the port early in the morning."|"A large ship docking at a harbor pier under a pale early morning sky, A simple children's painting style, naive art, cute, minimalist, colorful crayon drawing, clear definition"
"veteran"|"He is a veteran of the war."|"An older man in military uniform with medals on his chest standing proudly, A simple children's painting style, naive art, cute, minimalist, colorful crayon drawing, clear definition"
"veteran"|"She is a veteran teacher with thirty years of experience."|"An older woman teacher standing confidently in front of a chalkboard with many years marked on it, A simple children's painting style, naive art, cute, minimalist, colorful crayon drawing, clear definition"
"via"|"We flew to New York via Miami."|"A plane route on a map showing a stop in Miami before reaching New York, A simple children's painting style, naive art, cute, minimalist, colorful crayon drawing, clear definition"
"victim"|"The victim was taken to the hospital immediately."|"A person on a stretcher being loaded into an ambulance by paramedics outside a building, A simple children's painting style, naive art, cute, minimalist, colorful crayon drawing, clear definition"
"victory"|"The team celebrated their victory on the field."|"Soccer players hugging and cheering on a green field holding a trophy above their heads, A simple children's painting style, naive art, cute, minimalist, colorful crayon drawing, clear definition"
"video"|"She posted a video of her cat online."|"A smiling woman holding a phone filming her fluffy cat sitting on a sofa, A simple children's painting style, naive art, cute, minimalist, colorful crayon drawing, clear definition"
"view"|"The view from the top of the mountain was amazing."|"A person standing at a mountain peak looking out over a wide colorful valley below, A simple children's painting style, naive art, cute, minimalist, colorful crayon drawing, clear definition"
"viewer"|"The show attracted millions of viewers."|"Many small people sitting on sofas in front of glowing televisions all watching the same show, A simple children's painting style, naive art, cute, minimalist, colorful crayon drawing, clear definition"
"village"|"She grew up in a small village in the countryside."|"A little girl playing outside a cluster of small colorful houses surrounded by green fields, A simple children's painting style, naive art, cute, minimalist, colorful crayon drawing, clear definition"
"violation"|"Parking here is a violation of the rules."|"A car parked under a no parking sign with a traffic officer writing a ticket, A simple children's painting style, naive art, cute, minimalist, colorful crayon drawing, clear definition"
"violence"|"The movie contains scenes of violence."|"A movie screen showing a dramatic fighting scene with a warning sign in the corner, A simple children's painting style, naive art, cute, minimalist, colorful crayon drawing, clear definition"
"violent"|"The storm was violent and knocked down several trees."|"A fierce storm with dark clouds and lightning knocking down trees in a neighborhood, A simple children's painting style, naive art, cute, minimalist, colorful crayon drawing, clear definition"
"virtual"|"The team held a virtual meeting last Friday."|"Several people waving at each other on a laptop screen during a video call meeting, A simple children's painting style, naive art, cute, minimalist, colorful crayon drawing, clear definition"
"virtually"|"The project is virtually finished."|"A person at a desk looking at a progress bar on a computer screen almost completely full, A simple children's painting style, naive art, cute, minimalist, colorful crayon drawing, clear definition"
"virtue"|"Patience is a virtue that takes time to develop."|"A calm person sitting quietly on a bench waiting with a gentle smile on their face, A simple children's painting style, naive art, cute, minimalist, colorful crayon drawing, clear definition"
"virus"|"My computer got a virus and lost all the files."|"A laptop screen showing a scary red virus warning symbol with scattered deleted file icons, A simple children's painting style, naive art, cute, minimalist, colorful crayon drawing, clear definition"
"visible"|"The scar on his arm was clearly visible."|"A man rolling up his sleeve showing a clearly visible scar on his forearm, A simple children's painting style, naive art, cute, minimalist, colorful crayon drawing, clear definition"
"vision"|"She has a clear vision for the future of the company."|"A businesswoman pointing at a bright glowing roadmap on a board showing a future company plan, A simple children's painting style, naive art, cute, minimalist, colorful crayon drawing, clear definition"
"visit"|"Our visit to the museum lasted three hours."|"A family standing inside a museum looking at paintings and dinosaur bones on display, A simple children's painting style, naive art, cute, minimalist, colorful crayon drawing, clear definition"
"visitor"|"A visitor knocked on the door early in the morning."|"A smiling person knocking on a front door with the sun just rising in the background, A simple children's painting style, naive art, cute, minimalist, colorful crayon drawing, clear definition"
"visual"|"The presentation had strong visual elements."|"A presenter pointing to a colorful chart and bold images on a large projected screen, A simple children's painting style, naive art, cute, minimalist, colorful crayon drawing, clear definition"
"vital"|"Water is vital for all living things."|"A glowing water droplet surrounded by plants animals and people all thriving under the sun, A simple children's painting style, naive art, cute, minimalist, colorful crayon drawing, clear definition"
"vitamin"|"Orange juice is a good source of vitamin C."|"A tall glass of orange juice next to a sliced orange with a vitamin C label glowing above, A simple children's painting style, naive art, cute, minimalist, colorful crayon drawing, clear definition"
"vocal"|"She was very vocal about her opinions at the meeting."|"A woman standing up at a meeting table speaking loudly and confidently to her colleagues, A simple children's painting style, naive art, cute, minimalist, colorful crayon drawing, clear definition"
"voice"|"He lowered his voice so no one else could hear."|"A man leaning in close to whisper quietly to another person in a crowded room, A simple children's painting style, naive art, cute, minimalist, colorful crayon drawing, clear definition"
"volume"|"Can you turn down the volume? It's too loud."|"A person covering their ears while another reaches for a remote to lower the TV volume, A simple children's painting style, naive art, cute, minimalist, colorful crayon drawing, clear definition"
"voluntary"|"Participation in the program is voluntary."|"A group of people where some raise their hands to join a program while others stay seated freely, A simple children's painting style, naive art, cute, minimalist, colorful crayon drawing, clear definition"
"volunteer"|"She works as a volunteer at the local hospital."|"A smiling woman in a volunteer vest handing flowers to a patient in a hospital bed, A simple children's painting style, naive art, cute, minimalist, colorful crayon drawing, clear definition"
"vote"|"Every vote counts in a democracy."|"A person dropping a folded ballot paper into a voting box at a polling station, A simple children's painting style, naive art, cute, minimalist, colorful crayon drawing, clear definition"
"voter"|"The voter waited in line for two hours."|"A patient person standing in a long line outside a polling station holding their voter card, A simple children's painting style, naive art, cute, minimalist, colorful crayon drawing, clear definition"
"voting"|"Voting is a civic responsibility."|"A crowd of diverse people lined up outside a bright polling station casting their votes, A simple children's painting style, naive art, cute, minimalist, colorful crayon drawing, clear definition"
"vs"|"It's comfort vs. style when choosing shoes."|"Two shoes side by side one cozy slipper and one high heel with a bold VS between them, A simple children's painting style, naive art, cute, minimalist, colorful crayon drawing, clear definition"
"vulnerable"|"Children are vulnerable to online dangers."|"A small child alone at a computer screen with shadowy warning symbols appearing from the internet, A simple children's painting style, naive art, cute, minimalist, colorful crayon drawing, clear definition"
"wage"|"His wage barely covers the rent."|"A man holding a small paycheck standing next to a large rent bill on a table, A simple children's painting style, naive art, cute, minimalist, colorful crayon drawing, clear definition"
"wagon"|"The kids rode in a red wagon."|"Two happy children sitting and riding inside a bright red wagon being pulled down a path, A simple children's painting style, naive art, cute, minimalist, colorful crayon drawing, clear definition"
"waist"|"This belt is too tight around my waist."|"A person struggling to buckle a very tight belt around their waist with a pained expression, A simple children's painting style, naive art, cute, minimalist, colorful crayon drawing, clear definition"
"wake"|"The boat left a wide wake behind it."|"A motorboat speeding across blue water leaving a wide foamy white trail behind it, A simple children's painting style, naive art, cute, minimalist, colorful crayon drawing, clear definition"
"walk"|"Let's go for a walk in the park."|"Two friends walking together on a sunny path through a green park with trees and flowers, A simple children's painting style, naive art, cute, minimalist, colorful crayon drawing, clear definition"
"walking"|"Walking to work saves me money."|"A cheerful person walking along a sidewalk toward an office building carrying a work bag, A simple children's painting style, naive art, cute, minimalist, colorful crayon drawing, clear definition"
"wall"|"She hung a painting on the wall."|"A woman on a stepladder carefully hanging a framed painting on a white living room wall, A simple children's painting style, naive art, cute, minimalist, colorful crayon drawing, clear definition"
"war"|"The war lasted for many years."|"A desolate landscape with broken buildings smoke and a timeline showing many passing years, A simple children's painting style, naive art, cute, minimalist, colorful crayon drawing, clear definition"
"warehouse"|"The company stores its products in a large warehouse."|"Workers stacking boxes inside a large warehouse with tall shelves and forklift, A simple children's painting style, naive art, cute, minimalist, colorful crayon drawing, clear definition"
"warm"|"The soup is still warm."|"A steaming bowl of soup on a table with small heat waves rising from it, A simple children's painting style, naive art, cute, minimalist, colorful crayon drawing, clear definition"
"warmth"|"She felt the warmth of the fireplace on her face."|"A woman sitting close to a glowing fireplace feeling warm light on her smiling face, A simple children's painting style, naive art, cute, minimalist, colorful crayon drawing, clear definition"
"warning"|"The weather warning came too late."|"A television showing a storm warning alert while dark clouds and rain appear outside the window, A simple children's painting style, naive art, cute, minimalist, colorful crayon drawing, clear definition"
"warrior"|"He trained his whole life to become a warrior."|"A strong armored warrior holding a sword standing proudly on a grassy battlefield, A simple children's painting style, naive art, cute, minimalist, colorful crayon drawing, clear definition"
"waste"|"Throwing away food is such a waste."|"A person tossing a full plate of food into an overflowing trash bin, A simple children's painting style, naive art, cute, minimalist, colorful crayon drawing, clear definition"
"watch"|"My watch stopped working this morning."|"A wristwatch with frozen hands lying on a morning breakfast table next to coffee, A simple children's painting style, naive art, cute, minimalist, colorful crayon drawing, clear definition"
"water"|"Can I have a glass of water, please?"|"A child politely asking for a tall clear glass of water at a dinner table, A simple children's painting style, naive art, cute, minimalist, colorful crayon drawing, clear definition"
"wave"|"A big wave knocked him off his feet."|"A large ocean wave crashing over a surprised boy knocking him off his feet on the beach, A simple children's painting style, naive art, cute, minimalist, colorful crayon drawing, clear definition"
"way"|"Is there a faster way to get there?"|"A person at a crossroads looking at two signposted paths through a colorful landscape, A simple children's painting style, naive art, cute, minimalist, colorful crayon drawing, clear definition"
"way"|"This bag is way too heavy."|"A person struggling and leaning sideways under the weight of an enormous overfilled bag, A simple children's painting style, naive art, cute, minimalist, colorful crayon drawing, clear definition"
"we"|"We are going to the movies tonight."|"A cheerful group of friends walking together toward a brightly lit movie theater at night, A simple children's painting style, naive art, cute, minimalist, colorful crayon drawing, clear definition"
"weak"|"He felt weak after three days without eating."|"A thin pale boy sitting slumped tiredly against a wall looking exhausted and frail, A simple children's painting style, naive art, cute, minimalist, colorful crayon drawing, clear definition"
"weakness"|"Admitting your weakness takes courage."|"A person sitting with a thoughtful expression hand on chest looking honest and vulnerable, A simple children's painting style, naive art, cute, minimalist, colorful crayon drawing, clear definition"
"wealth"|"Education creates more lasting wealth than money alone."|"A graduate in cap and gown holding a diploma surrounded by books and glowing coins, A simple children's painting style, naive art, cute, minimalist, colorful crayon drawing, clear definition"
"wealthy"|"She grew up in a wealthy neighborhood."|"A girl standing in front of a large fancy house on a neat tree-lined street, A simple children's painting style, naive art, cute, minimalist, colorful crayon drawing, clear definition"
"weapon"|"The police found a weapon at the scene."|"A police officer pointing to a weapon on the ground at an outdoor crime scene, A simple children's painting style, naive art, cute, minimalist, colorful crayon drawing, clear definition"
"weather"|"The weather is perfect for a barbecue."|"A family grilling food outdoors under a bright sunny blue sky with light breeze, A simple children's painting style, naive art, cute, minimalist, colorful crayon drawing, clear definition"
"web"|"I found the recipe on the web."|"A person smiling at a laptop screen showing a colorful recipe website in a kitchen, A simple children's painting style, naive art, cute, minimalist, colorful crayon drawing, clear definition"
"wedding"|"Their wedding was held on the beach."|"A smiling bride and groom standing together on a sandy beach during their wedding ceremony, A simple children's painting style, naive art, cute, minimalist, colorful crayon drawing, clear definition"
"weed"|"She spent the afternoon pulling weeds from the garden."|"A woman kneeling in a garden pulling unwanted weeds out of the soil with her hands, A simple children's painting style, naive art, cute, minimalist, colorful crayon drawing, clear definition"
"week"|"I have a dentist appointment next week."|"A person circling a date on a wall calendar with a tooth drawing and dentist note, A simple children's painting style, naive art, cute, minimalist, colorful crayon drawing, clear definition"
"weekend"|"What are you doing this weekend?"|"Two friends chatting excitedly while pointing at a calendar showing Saturday and Sunday highlighted, A simple children's painting style, naive art, cute, minimalist, colorful crayon drawing, clear definition"
"weekly"|"We have a weekly meeting every Monday."|"A group of colleagues gathered around a table for a meeting with a Monday calendar on the wall, A simple children's painting style, naive art, cute, minimalist, colorful crayon drawing, clear definition"
"weight"|"He's been watching his weight lately."|"A man stepping carefully onto a bathroom scale while looking down at the number displayed, A simple children's painting style, naive art, cute, minimalist, colorful crayon drawing, clear definition"
"weird"|"It feels weird being back in my old school."|"A teenager standing in a school hallway looking around with a puzzled uncomfortable expression, A simple children's painting style, naive art, cute, minimalist, colorful crayon drawing, clear definition"
"welcome"|"You are always welcome at our house."|"A smiling family opening their front door warmly greeting a guest with open arms, A simple children's painting style, naive art, cute, minimalist, colorful crayon drawing, clear definition"
"welfare"|"The government launched a new welfare program."|"A government official unveiling a banner for a new social welfare program in front of a crowd, A simple children's painting style, naive art, cute, minimalist, colorful crayon drawing, clear definition"
"well"|"She handled the situation really well."|"A confident woman calmly managing a busy chaotic situation with a satisfied smile, A simple children's painting style, naive art, cute, minimalist, colorful crayon drawing, clear definition"
"well"|"Well, I'm not sure what to say."|"A person pausing mid-conversation with a thoughtful puzzled expression and a hand on chin, A simple children's painting style, naive art, cute, minimalist, colorful crayon drawing, clear definition"
"well-being"|"Exercise is essential for your overall well-being."|"A happy person jogging outdoors, surrounded by green trees and sunshine, looking healthy and energetic, A simple children's painting style, naive art, cute, minimalist, colorful crayon drawing, clear definition"
"well-known"|"It's a well-known restaurant downtown."|"A busy downtown restaurant with a long line of people waiting outside under bright signs, A simple children's painting style, naive art, cute, minimalist, colorful crayon drawing, clear definition"
"west"|"The sun sets in the west."|"A large orange sun slowly sinking below the horizon in the western sky at dusk, A simple children's painting style, naive art, cute, minimalist, colorful crayon drawing, clear definition"
"western"|"We watched a classic western movie last night."|"Two children sitting on a sofa at night watching a cowboy movie on television, A simple children's painting style, naive art, cute, minimalist, colorful crayon drawing, clear definition"
"wet"|"Don't sit on the wet bench."|"A park bench dripping with water after rain with a warning sign leaning against it, A simple children's painting style, naive art, cute, minimalist, colorful crayon drawing, clear definition"
"whale"|"We saw a whale jump out of the water."|"A large whale leaping dramatically out of the blue ocean while people on a boat watch, A simple children's painting style, naive art, cute, minimalist, colorful crayon drawing, clear definition"
"what"|"What size do you wear?"|"A store clerk holding up different sized shirts while a customer looks puzzled and points, A simple children's painting style, naive art, cute, minimalist, colorful crayon drawing, clear definition"
"whatever"|"Eat whatever you want — it's your birthday."|"A happy child at a birthday party reaching freely toward a table full of cakes and treats, A simple children's painting style, naive art, cute, minimalist, colorful crayon drawing, clear definition"
"wheat"|"This bread is made with whole wheat."|"A loaf of brown bread next to a pile of golden wheat stalks on a kitchen counter, A simple children's painting style, naive art, cute, minimalist, colorful crayon drawing, clear definition"
"wheel"|"The wheel on my cart is broken."|"A shopping cart tilted to one side with a cracked broken wheel on a sidewalk, A simple children's painting style, naive art, cute, minimalist, colorful crayon drawing, clear definition"
"wheelchair"|"The hospital has wheelchairs available at the entrance."|"Two empty wheelchairs parked neatly beside the entrance doors of a hospital building, A simple children's painting style, naive art, cute, minimalist, colorful crayon drawing, clear definition"
"when"|"Call me when you get home."|"A person arriving at their front door reaching for keys while another person holds a phone waiting, A simple children's painting style, naive art, cute, minimalist, colorful crayon drawing, clear definition"
"when"|"When does the movie start?"|"A person at a cinema ticket booth pointing at a schedule board with movie times listed, A simple children's painting style, naive art, cute, minimalist, colorful crayon drawing, clear definition"
"whenever"|"You can call me whenever you need help."|"A person on a phone smiling while a friend on the other end raises a hand asking for help, A simple children's painting style, naive art, cute, minimalist, colorful crayon drawing, clear definition"
"where"|"I know a great place where we can eat."|"A person pointing enthusiastically toward a cozy restaurant on a street corner to a friend, A simple children's painting style, naive art, cute, minimalist, colorful crayon drawing, clear definition"
"where"|"Where did you park the car?"|"Two people standing in an empty parking lot looking around confused searching for their car, A simple children's painting style, naive art, cute, minimalist, colorful crayon drawing, clear definition"
"whereas"|"He loves coffee, whereas she prefers tea."|"A man happily holding a steaming cup of coffee beside a woman cheerfully holding a cup of tea, A simple children's painting style, naive art, cute, minimalist, colorful crayon drawing, clear definition"
"wherever"|"I'll follow you wherever you go."|"A loyal dog following a child walking along a winding path through hills and fields, A simple children's painting style, naive art, cute, minimalist, colorful crayon drawing, clear definition"
"whether"|"I'm not sure whether I should go or stay."|"A person standing at an open front door looking uncertain with a suitcase in one hand, A simple children's painting style, naive art, cute, minimalist, colorful crayon drawing, clear definition"
"which"|"Which shirt should I wear today?"|"A person standing before an open wardrobe holding up two different colored shirts looking undecided, A simple children's painting style, naive art, cute, minimalist, colorful crayon drawing, clear definition"
"while"|"She listened to music while she cooked dinner."|"A woman wearing headphones dancing lightly while stirring a pot on the kitchen stove, A simple children's painting style, naive art, cute, minimalist, colorful crayon drawing, clear definition"
"while"|"We talked for a while after class."|"Two students chatting and laughing together outside a school building after class ends, A simple children's painting style, naive art, cute, minimalist, colorful crayon drawing, clear definition"
"white"|"She wore a white dress to the party."|"A smiling woman in an elegant white dress standing at a colorful festive party, A simple children's painting style, naive art, cute, minimalist, colorful crayon drawing, clear definition"
"white"|"The whites of his eyes were red."|"A close-up of a tired boy with clearly red and irritated whites of his eyes, A simple children's painting style, naive art, cute, minimalist, colorful crayon drawing, clear definition"
"who"|"Who left the door open?"|"A person standing in a hallway staring at a wide open front door with a puzzled expression, A simple children's painting style, naive art, cute, minimalist, colorful crayon drawing, clear definition"
"whoever"|"Whoever finishes first can leave early."|"One student raising a hand triumphantly finishing a test first while others still write at desks, A simple children's painting style, naive art, cute, minimalist, colorful crayon drawing, clear definition"
"whole"|"I spent the whole day at the beach."|"A child playing on a sunny beach from morning sunrise to evening sunset in a single scene, A simple children's painting style, naive art, cute, minimalist, colorful crayon drawing, clear definition"
"whole"|"The whole of the city was affected by the flood."|"An aerial view of an entire flooded city with water covering streets and buildings everywhere, A simple children's painting style, naive art, cute, minimalist, colorful crayon drawing, clear definition"
"whom"|"Whom did you invite to the party?"|"A person holding party invitations looking at a friend with a questioning and curious expression, A simple children's painting style, naive art, cute, minimalist, colorful crayon drawing, clear definition"
"whose"|"Whose jacket is this on the chair?"|"A colorful jacket draped over a chair while two children nearby point at it looking puzzled, A simple children's painting style, naive art, cute, minimalist, colorful crayon drawing, clear definition"
"why"|"Why are you so tired today?"|"A person with drooping eyes and messy hair being asked why they look so tired, A simple children's painting style, naive art, cute, minimalist, colorful crayon drawing, clear definition"
"wide"|"The hallway is wide enough for two people."|"Two people walking side by side through a spacious wide hallway with room to spare, A simple children's painting style, naive art, cute, minimalist, colorful crayon drawing, clear definition"
"widely"|"This technique is widely used in hospitals."|"Several doctors and nurses in different hospital rooms all using the same medical technique, A simple children's painting style, naive art, cute, minimalist, colorful crayon drawing, clear definition"
"widespread"|"There was widespread damage after the storm."|"A neighborhood with fallen trees broken fences and damaged rooftops after a big storm, A simple children's painting style, naive art, cute, minimalist, colorful crayon drawing, clear definition"
"widow"|"My grandmother became a widow at sixty."|"An elderly woman dressed in black sitting alone by a window holding an old photograph, A simple children's painting style, naive art, cute, minimalist, colorful crayon drawing, clear definition"
"wife"|"His wife is a doctor at the city hospital."|"A woman in a white doctor coat standing in front of a city hospital smiling, A simple children's painting style, naive art, cute, minimalist, colorful crayon drawing, clear definition"
"wild"|"The kids went wild when they saw the clown."|"Excited children jumping and cheering with big smiles as a colorful clown arrives, A simple children's painting style, naive art, cute, minimalist, colorful crayon drawing, clear definition"
"wilderness"|"They hiked through the wilderness for three days."|"Two hikers with backpacks walking through a vast untamed forest landscape under a bright sky, A simple children's painting style, naive art, cute, minimalist, colorful crayon drawing, clear definition"
"wildlife"|"The park is home to a wide variety of wildlife."|"A park scene with deer birds foxes and rabbits living together among green trees, A simple children's painting style, naive art, cute, minimalist, colorful crayon drawing, clear definition"
"will"|"She will call you back in a few minutes."|"A smiling woman holding a phone about to make a call in a cozy room, A simple children's painting style, naive art, cute, minimalist, colorful crayon drawing, clear definition"
"will"|"She has a very strong will."|"A determined woman clenching her fist and climbing a steep hill with a focused expression, A simple children's painting style, naive art, cute, minimalist, colorful crayon drawing, clear definition"
"willing"|"I'm willing to help if you need me."|"A cheerful person raising their hand offering to help a friend carry heavy grocery bags, A simple children's painting style, naive art, cute, minimalist, colorful crayon drawing, clear definition"
"willingness"|"His willingness to learn impressed the teacher."|"A boy eagerly raising his hand in class while a smiling teacher looks on approvingly, A simple children's painting style, naive art, cute, minimalist, colorful crayon drawing, clear definition"
"win"|"Our team's win last night was amazing."|"A sports team cheering and hugging each other on a field after winning a game, A simple children's painting style, naive art, cute, minimalist, colorful crayon drawing, clear definition"
"wind"|"The wind knocked over the trash cans outside."|"Strong wind blowing trash cans onto the sidewalk outside a house on a breezy day, A simple children's painting style, naive art, cute, minimalist, colorful crayon drawing, clear definition"
"window"|"Can you open the window? It's hot in here."|"A person reaching up to open a window in a warm sunny room with wavy heat lines, A simple children's painting style, naive art, cute, minimalist, colorful crayon drawing, clear definition"
"wine"|"They ordered a bottle of red wine with dinner."|"Two people at a restaurant table with a bottle of red wine and plates of food, A simple children's painting style, naive art, cute, minimalist, colorful crayon drawing, clear definition"
"wing"|"The bird broke its wing and couldn't fly."|"A small bird sitting on the ground with one drooping wing unable to fly away, A simple children's painting style, naive art, cute, minimalist, colorful crayon drawing, clear definition"
"winner"|"The winner of the contest got a gift card."|"A happy person standing on a podium holding a gift card trophy smiling at a crowd, A simple children's painting style, naive art, cute, minimalist, colorful crayon drawing, clear definition"
"winter"|"Winter in New York can be really cold."|"A person bundled in a heavy coat and scarf walking through snowy streets in a cold city, A simple children's painting style, naive art, cute, minimalist, colorful crayon drawing, clear definition"
"wire"|"The electrician replaced the old wire in the wall."|"An electrician pulling a new wire through an open wall panel with tools nearby, A simple children's painting style, naive art, cute, minimalist, colorful crayon drawing, clear definition"
"wisdom"|"Her wisdom comes from years of experience."|"An elderly woman with gray hair sitting in a chair sharing stories with attentive young people, A simple children's painting style, naive art, cute, minimalist, colorful crayon drawing, clear definition"
"wise"|"It was wise of you to save money for emergencies."|"A person happily dropping coins into a piggy bank labeled emergencies with a lightbulb above their head, A simple children's painting style, naive art, cute, minimalist, colorful crayon drawing, clear definition"
"wish"|"She made a wish before blowing out the candles."|"A girl closing her eyes and making a wish in front of a birthday cake with lit candles, A simple children's painting style, naive art, cute, minimalist, colorful crayon drawing, clear definition"
"with"|"She came to the party with her brother."|"A girl and her brother arriving together at a colorful birthday party through a front door, A simple children's painting style, naive art, cute, minimalist, colorful crayon drawing, clear definition"
"withdrawal"|"He made a cash withdrawal at the ATM."|"A man pressing buttons on an ATM machine as cash bills come out of the slot, A simple children's painting style, naive art, cute, minimalist, colorful crayon drawing, clear definition"
"within"|"The package will arrive within two business days."|"A smiling delivery person carrying a package to a front door with a calendar showing two days, A simple children's painting style, naive art, cute, minimalist, colorful crayon drawing, clear definition"
"within"|"The answer is within reach."|"A child stretching their arm toward a glowing answer on a nearby shelf just within reach, A simple children's painting style, naive art, cute, minimalist, colorful crayon drawing, clear definition"
"without"|"I can't sleep without a pillow."|"A person lying awake in bed looking uncomfortable with no pillow under their head, A simple children's painting style, naive art, cute, minimalist, colorful crayon drawing, clear definition"
"witness"|"She was the only witness to the accident."|"A woman standing on a sidewalk pointing at a car accident while police officers take notes nearby, A simple children's painting style, naive art, cute, minimalist, colorful crayon drawing, clear definition"
"wolf"|"The wolf howled at the moon."|"A gray wolf standing on a hill howling at a bright full moon at night, A simple children's painting style, naive art, cute, minimalist, colorful crayon drawing, clear definition"
"woman"|"The woman at the front desk was very helpful."|"A smiling woman sitting behind a reception front desk helping a visitor, A simple children's painting style, naive art, cute, minimalist, colorful crayon drawing, clear definition"
"wonder"|"The Grand Canyon is a natural wonder."|"Two tourists standing at the edge of the vast colorful Grand Canyon looking amazed, A simple children's painting style, naive art, cute, minimalist, colorful crayon drawing, clear definition"
"wonderful"|"We had a wonderful time at the party."|"A group of happy smiling friends laughing and celebrating together at a colorful party, A simple children's painting style, naive art, cute, minimalist, colorful crayon drawing, clear definition"
"wood"|"The cabin is made of wood."|"A cozy brown wooden log cabin surrounded by green trees in a forest, A simple children's painting style, naive art, cute, minimalist, colorful crayon drawing, clear definition"
"wooden"|"There's a wooden chair in the corner."|"A single wooden chair sitting in the corner of a simple room, A simple children's painting style, naive art, cute, minimalist, colorful crayon drawing, clear definition"
"word"|"I didn't understand a single word."|"A confused person sitting at a desk staring at a page full of jumbled words, A simple children's painting style, naive art, cute, minimalist, colorful crayon drawing, clear definition"
"work"|"I have a lot of work to do today."|"A person sitting at a desk covered in tall stacks of papers and files looking overwhelmed, A simple children's painting style, naive art, cute, minimalist, colorful crayon drawing, clear definition"
"worker"|"The workers arrived early in the morning."|"A group of workers in hard hats arriving at a construction site in the early morning, A simple children's painting style, naive art, cute, minimalist, colorful crayon drawing, clear definition"
"working"|"Do you have a working printer?"|"A person pressing the button on a printer that is printing pages smoothly, A simple children's painting style, naive art, cute, minimalist, colorful crayon drawing, clear definition"
"workout"|"She does a 30-minute workout every morning."|"A woman doing jumping jacks in her living room with a timer showing 30 minutes, A simple children's painting style, naive art, cute, minimalist, colorful crayon drawing, clear definition"
"workplace"|"The workplace should be safe for everyone."|"A bright cheerful office with workers at desks and a large safety sign on the wall, A simple children's painting style, naive art, cute, minimalist, colorful crayon drawing, clear definition"
"works"|"His new song really works."|"A musician on stage performing a song while the crowd cheers enthusiastically, A simple children's painting style, naive art, cute, minimalist, colorful crayon drawing, clear definition"
"workshop"|"I signed up for a photography workshop."|"A group of people with cameras attending a photography class in a bright studio, A simple children's painting style, naive art, cute, minimalist, colorful crayon drawing, clear definition"
"world"|"She wants to travel the world someday."|"A girl holding a globe and smiling with a suitcase and airplanes flying around her, A simple children's painting style, naive art, cute, minimalist, colorful crayon drawing, clear definition"
"worldwide"|"The news spread worldwide overnight."|"A glowing globe with news headlines and signal waves radiating across all continents at night, A simple children's painting style, naive art, cute, minimalist, colorful crayon drawing, clear definition"
"worldwide"|"It was a worldwide success."|"A golden trophy surrounded by cheering people from different countries waving their flags, A simple children's painting style, naive art, cute, minimalist, colorful crayon drawing, clear definition"
"worried"|"He looked worried when he got the call."|"A man holding a phone to his ear with a worried frown and furrowed brows, A simple children's painting style, naive art, cute, minimalist, colorful crayon drawing, clear definition"
"worry"|"Stress and worry kept me up all night."|"A person lying wide awake in bed at night with a thought bubble full of swirling worries, A simple children's painting style, naive art, cute, minimalist, colorful crayon drawing, clear definition"
"worth"|"Is the museum worth visiting?"|"A family standing in front of a museum entrance looking curious and excited to go inside, A simple children's painting style, naive art, cute, minimalist, colorful crayon drawing, clear definition"
"worth"|"The painting is worth a fortune."|"An elegant painting on a gallery wall with a price tag showing a very large amount of money, A simple children's painting style, naive art, cute, minimalist, colorful crayon drawing, clear definition"
"would"|"I would love a cup of coffee right now."|"A person sitting at a table daydreaming about a steaming cup of coffee in front of them, A simple children's painting style, naive art, cute, minimalist, colorful crayon drawing, clear definition"
"wound"|"The wound on his arm was deep."|"A boy sitting on a chair with a deep bandaged wound visible on his arm looking pained, A simple children's painting style, naive art, cute, minimalist, colorful crayon drawing, clear definition"
"wow"|"Wow, that view is incredible!"|"A child standing on a mountain top with mouth wide open in amazement at a breathtaking view, A simple children's painting style, naive art, cute, minimalist, colorful crayon drawing, clear definition"
"wrist"|"She broke her wrist playing volleyball."|"A girl on a volleyball court holding her wrist in pain with a volleyball on the ground nearby, A simple children's painting style, naive art, cute, minimalist, colorful crayon drawing, clear definition"
"writer"|"My favorite writer published a new book."|"A smiling author sitting at a desk holding up a brand new book with their name on the cover, A simple children's painting style, naive art, cute, minimalist, colorful crayon drawing, clear definition"
"writing"|"His writing is clear and easy to follow."|"A person reading a notebook with neat clean handwriting and a happy satisfied expression, A simple children's painting style, naive art, cute, minimalist, colorful crayon drawing, clear definition"
"written"|"The instructions are written in simple English."|"A sheet of paper with clear simple written instructions and easy-to-read English words on a desk, A simple children's painting style, naive art, cute, minimalist, colorful crayon drawing, clear definition"
"wrong"|"I think you have the wrong address."|"A confused person standing in front of the wrong house holding a paper with a different address, A simple children's painting style, naive art, cute, minimalist, colorful crayon drawing, clear definition"
"wrong"|"I spelled her name wrong."|"A child looking at a name written on paper with a red cross marking the misspelled letters, A simple children's painting style, naive art, cute, minimalist, colorful crayon drawing, clear definition"
"yard"|"The kids are playing in the yard."|"Two children playing with a ball in a grassy yard with a wooden fence, A simple children's painting style, naive art, cute, minimalist, colorful crayon drawing, clear definition"
"yeah"|"Yeah, I'll be there at seven."|"A smiling person on the phone giving a thumbs up with a clock showing seven, A simple children's painting style, naive art, cute, minimalist, colorful crayon drawing, clear definition"
"year"|"We moved here three years ago."|"A family carrying boxes into a new house with a calendar showing three years back, A simple children's painting style, naive art, cute, minimalist, colorful crayon drawing, clear definition"
"yellow"|"She wore a bright yellow jacket."|"A smiling woman wearing a bright yellow jacket standing on a sunny street, A simple children's painting style, naive art, cute, minimalist, colorful crayon drawing, clear definition"
"yes"|"Yes, I already finished my homework."|"A happy child raising hand saying yes beside a completed homework notebook on a desk, A simple children's painting style, naive art, cute, minimalist, colorful crayon drawing, clear definition"
"yesterday"|"I ran into an old friend yesterday."|"Two old friends smiling and bumping into each other on a street yesterday under a sun, A simple children's painting style, naive art, cute, minimalist, colorful crayon drawing, clear definition"
"yet"|"I haven't eaten breakfast yet."|"A hungry person sitting at an empty breakfast table with no food served yet, A simple children's painting style, naive art, cute, minimalist, colorful crayon drawing, clear definition"
"yield"|"The farm's yield was lower this year."|"A farmer looking sadly at a small pile of harvested crops beside an empty barn, A simple children's painting style, naive art, cute, minimalist, colorful crayon drawing, clear definition"
"you"|"Can you help me with this bag?"|"A person reaching out asking a friend to help carry a heavy bag on a sidewalk, A simple children's painting style, naive art, cute, minimalist, colorful crayon drawing, clear definition"
"young"|"She's too young to watch that movie."|"A small girl being turned away from a movie theater by an adult pointing at an age sign, A simple children's painting style, naive art, cute, minimalist, colorful crayon drawing, clear definition"
"youngster"|"The youngsters at the camp made friends quickly."|"Several young children laughing and shaking hands around a campfire at summer camp, A simple children's painting style, naive art, cute, minimalist, colorful crayon drawing, clear definition"
"your"|"Is this your umbrella?"|"A person holding up a colorful umbrella and asking another person if it belongs to them, A simple children's painting style, naive art, cute, minimalist, colorful crayon drawing, clear definition"
"yours"|"That seat is yours."|"A person pointing at an empty chair toward a smiling friend arriving at a table, A simple children's painting style, naive art, cute, minimalist, colorful crayon drawing, clear definition"
"yourself"|"Did you hurt yourself?"|"A child sitting on the ground holding a scraped knee with a worried expression, A simple children's painting style, naive art, cute, minimalist, colorful crayon drawing, clear definition"
"youth"|"She spent her youth in a small town."|"A young girl playing on a quiet street in a tiny cozy small town with houses, A simple children's painting style, naive art, cute, minimalist, colorful crayon drawing, clear definition"
"zone"|"This is a no-parking zone."|"A red no-parking sign on a city street corner with cars turned away by a guard, A simple children's painting style, naive art, cute, minimalist, colorful crayon drawing, clear definition"